Watching for file changes with StatReloader
Waiting for apps ready_event.
Main Django thread has terminated before apps are ready.
Apps ready_event triggered. Sending autoreload_started signal.
Watching dir C:\xampp\htdocs\AVITech\Prueba5\SGC\templates with glob **/*.
File C:\Users\Fulgrim\AppData\Local\Programs\Python\Python312\Lib\site-packages\django\utils\dateformat.py first seen with mtime 1723326132.0550916
File C:\Users\Fulgrim\AppData\Local\Programs\Python\Python312\Lib\token.py first seen with mtime 1717714452.0
File C:\Users\Fulgrim\AppData\Local\Programs\Python\Python312\Lib\heapq.py first seen with mtime 1717714452.0
File C:\Users\Fulgrim\AppData\Local\Programs\Python\Python312\Lib\site-packages\django\db\models\fields\reverse_related.py first seen with mtime 1723326131.9755762
File C:\Users\Fulgrim\AppData\Local\Programs\Python\Python312\Lib\site-packages\django\utils\ipv6.py first seen with mtime 1723326132.065099
File C:\Users\Fulgrim\AppData\Local\Programs\Python\Python312\DLLs\_overlapped.pyd first seen with mtime 1717714502.0
File C:\Users\Fulgrim\AppData\Local\Programs\Python\Python312\Lib\asyncio\subprocess.py first seen with mtime 1717714452.0
File C:\Users\Fulgrim\AppData\Local\Programs\Python\Python312\Lib\site-packages\django\contrib\admin\exceptions.py first seen with mtime 1723326130.4723978
File C:\Users\Fulgrim\AppData\Local\Programs\Python\Python312\Lib\asyncio\timeouts.py first seen with mtime 1717714452.0
File C:\Users\Fulgrim\AppData\Local\Programs\Python\Python312\Lib\site-packages\django\contrib\admin\filters.py first seen with mtime 1723326130.4723978
File C:\Users\Fulgrim\AppData\Local\Programs\Python\Python312\Lib\site.py first seen with mtime 1717714452.0
File C:\Users\Fulgrim\.vscode\extensions\ms-python.debugpy-2024.12.0-win32-x64\bundled\libs\debugpy\_vendored\pydevd\_pydevd_bundle\pydevd_concurrency_analyser\__init__.py first seen with mtime 1729949493.831356
File C:\Users\Fulgrim\.vscode\extensions\ms-python.debugpy-2024.12.0-win32-x64\bundled\libs\debugpy\_vendored\pydevd\pydevd_plugins\pydevd_line_validation.py first seen with mtime 1729949493.4621263
File C:\Users\Fulgrim\AppData\Local\Programs\Python\Python312\Lib\string.py first seen with mtime 1717714452.0
File C:\Users\Fulgrim\AppData\Local\Programs\Python\Python312\Lib\site-packages\django\template\loaders\base.py first seen with mtime 1723326132.03898
File C:\Users\Fulgrim\AppData\Local\Programs\Python\Python312\Lib\uuid.py first seen with mtime 1717714452.0
File C:\Users\Fulgrim\AppData\Local\Programs\Python\Python312\Lib\site-packages\django\conf\__init__.py first seen with mtime 1723326130.289361
File C:\Users\Fulgrim\AppData\Local\Programs\Python\Python312\Lib\numbers.py first seen with mtime 1717714452.0
File C:\Users\Fulgrim\AppData\Local\Programs\Python\Python312\Lib\site-packages\django\views\decorators\debug.py first seen with mtime 1723326132.0711086
File C:\Users\Fulgrim\AppData\Local\Programs\Python\Python312\Lib\asyncio\exceptions.py first seen with mtime 1717714452.0
File C:\Users\Fulgrim\AppData\Local\Programs\Python\Python312\Lib\site-packages\django\core\files\images.py first seen with mtime 1723326131.8964987
File C:\Users\Fulgrim\AppData\Local\Programs\Python\Python312\Lib\site-packages\sqlparse\utils.py first seen with mtime 1723326129.91682
File C:\Users\Fulgrim\AppData\Local\Programs\Python\Python312\Lib\site-packages\django\template\backends\django.py first seen with mtime 1723326132.03898
File C:\Users\Fulgrim\AppData\Local\Programs\Python\Python312\Lib\wsgiref\__init__.py first seen with mtime 1717714452.0
File C:\Users\Fulgrim\AppData\Local\Programs\Python\Python312\Lib\site-packages\django\shortcuts.py first seen with mtime 1723326130.289361
File C:\Users\Fulgrim\AppData\Local\Programs\Python\Python312\Lib\site-packages\django\utils\crypto.py first seen with mtime 1723326132.0550916
File C:\Users\Fulgrim\AppData\Local\Programs\Python\Python312\Lib\gettext.py first seen with mtime 1717714452.0
File C:\Users\Fulgrim\.vscode\extensions\ms-python.debugpy-2024.12.0-win32-x64\bundled\libs\debugpy\_vendored\pydevd\pydevd_plugins\extensions\__init__.py first seen with mtime 1729949493.8399878
File C:\Users\Fulgrim\AppData\Local\Programs\Python\Python312\Lib\site-packages\rest_framework\authtoken\__init__.py first seen with mtime 1723326139.5698862
File C:\Users\Fulgrim\AppData\Local\Programs\Python\Python312\Lib\site-packages\django\utils\__init__.py first seen with mtime 1723326132.0550916
File C:\Users\Fulgrim\.vscode\extensions\ms-python.debugpy-2024.12.0-win32-x64\bundled\libs\debugpy\_vendored\pydevd\_pydevd_bundle\pydevd_concurrency_analyser\pydevd_concurrency_logger.py first seen with mtime 1729949493.8379045
File C:\Users\Fulgrim\AppData\Local\Programs\Python\Python312\Lib\email\mime\text.py first seen with mtime 1717714452.0
File C:\Users\Fulgrim\.vscode\extensions\ms-python.debugpy-2024.12.0-win32-x64\bundled\libs\debugpy\_vendored\pydevd\_pydevd_bundle\pydevconsole_code.py first seen with mtime 1729949493.3264399
File C:\Users\Fulgrim\.vscode\extensions\ms-python.debugpy-2024.12.0-win32-x64\bundled\libs\debugpy\_vendored\pydevd\_pydev_bundle\_pydev_completer.py first seen with mtime 1729949492.7782845
File C:\Users\Fulgrim\AppData\Local\Programs\Python\Python312\Lib\site-packages\django\db\models\constants.py first seen with mtime 1723326131.9595635
File C:\Users\Fulgrim\AppData\Local\Programs\Python\Python312\Lib\_weakrefset.py first seen with mtime 1717714452.0
File C:\Users\Fulgrim\AppData\Local\Programs\Python\Python312\Lib\weakref.py first seen with mtime 1717714452.0
File C:\Users\Fulgrim\AppData\Local\Programs\Python\Python312\Lib\site-packages\django\views\generic\base.py first seen with mtime 1723326132.0711086
File C:\Users\Fulgrim\AppData\Local\Programs\Python\Python312\Lib\email\message.py first seen with mtime 1717714452.0
File C:\Users\Fulgrim\AppData\Local\Programs\Python\Python312\Lib\site-packages\django\contrib\admin\views\__init__.py first seen with mtime 1723326130.7712703
File C:\Users\Fulgrim\AppData\Local\Programs\Python\Python312\Lib\linecache.py first seen with mtime 1717714452.0
File C:\Users\Fulgrim\AppData\Local\Programs\Python\Python312\Lib\warnings.py first seen with mtime 1717714452.0
File C:\Users\Fulgrim\AppData\Local\Programs\Python\Python312\Lib\site-packages\django\conf\locale\__init__.py first seen with mtime 1723326130.289361
File C:\Users\Fulgrim\AppData\Local\Programs\Python\Python312\Lib\site-packages\django\contrib\staticfiles\checks.py first seen with mtime 1723326131.8748426
File C:\Users\Fulgrim\AppData\Local\Programs\Python\Python312\Lib\genericpath.py first seen with mtime 1717714452.0
File C:\Users\Fulgrim\AppData\Local\Programs\Python\Python312\Lib\signal.py first seen with mtime 1717714452.0
File C:\Users\Fulgrim\AppData\Local\Programs\Python\Python312\Lib\email\errors.py first seen with mtime 1717714452.0
File C:\Users\Fulgrim\AppData\Local\Programs\Python\Python312\Lib\json\scanner.py first seen with mtime 1717714452.0
File C:\Users\Fulgrim\AppData\Local\Programs\Python\Python312\Lib\site-packages\django\template\__init__.py first seen with mtime 1723326132.023344
File C:\Users\Fulgrim\.vscode\extensions\ms-python.debugpy-2024.12.0-win32-x64\bundled\libs\debugpy\_vendored\pydevd\_pydevd_bundle\pydevd_thread_lifecycle.py first seen with mtime 1729949492.98185
File C:\Users\Fulgrim\AppData\Local\Programs\Python\Python312\Lib\site-packages\django\contrib\admin\apps.py first seen with mtime 1723326130.4723978
File C:\Users\Fulgrim\AppData\Local\Programs\Python\Python312\Lib\site-packages\django\db\migrations\operations\special.py first seen with mtime 1723326131.9595635
File C:\Users\Fulgrim\.vscode\extensions\ms-python.debugpy-2024.12.0-win32-x64\bundled\libs\debugpy\_vendored\pydevd\pydevd_plugins\extensions\types\pydevd_plugin_numpy_types.py first seen with mtime 1729949494.017903
File C:\Users\Fulgrim\AppData\Local\Programs\Python\Python312\Lib\site-packages\sqlparse\engine\__init__.py first seen with mtime 1723326129.91682
File C:\Users\Fulgrim\AppData\Local\Programs\Python\Python312\Lib\site-packages\django\db\models\fields\__init__.py first seen with mtime 1723326131.9695692
File C:\Users\Fulgrim\AppData\Local\Programs\Python\Python312\Lib\site-packages\django\db\backends\base\operations.py first seen with mtime 1723326131.9282298
File C:\Users\Fulgrim\AppData\Local\Programs\Python\Python312\Lib\site-packages\django\db\models\functions\mixins.py first seen with mtime 1723326131.9755762
File C:\Users\Fulgrim\AppData\Local\Programs\Python\Python312\Lib\site-packages\django\core\cache\__init__.py first seen with mtime 1723326131.880859
File C:\Users\Fulgrim\AppData\Local\Programs\Python\Python312\Lib\email\contentmanager.py first seen with mtime 1717714452.0
File C:\Users\Fulgrim\AppData\Local\Programs\Python\Python312\Lib\asyncio\futures.py first seen with mtime 1717714452.0
File C:\Users\Fulgrim\AppData\Local\Programs\Python\Python312\Lib\site-packages\sqlparse\filters\right_margin.py first seen with mtime 1723326129.91682
File C:\Users\Fulgrim\AppData\Local\Programs\Python\Python312\Lib\site-packages\django\template\autoreload.py first seen with mtime 1723326132.023344
File C:\Users\Fulgrim\AppData\Local\Programs\Python\Python312\Lib\site-packages\django\contrib\sites\__init__.py first seen with mtime 1723326131.7706008
File C:\Users\Fulgrim\AppData\Local\Programs\Python\Python312\Lib\site-packages\django\forms\fields.py first seen with mtime 1723326131.9755762
File C:\Users\Fulgrim\AppData\Local\Programs\Python\Python312\Lib\site-packages\django\db\models\sql\subqueries.py first seen with mtime 1723326131.9755762
File C:\Users\Fulgrim\AppData\Local\Programs\Python\Python312\Lib\site-packages\django\utils\deprecation.py first seen with mtime 1723326132.0550916
File C:\Users\Fulgrim\AppData\Local\Programs\Python\Python312\Lib\site-packages\django\db\models\fields\json.py first seen with mtime 1723326131.9695692
File C:\Users\Fulgrim\AppData\Local\Programs\Python\Python312\Lib\_compat_pickle.py first seen with mtime 1717714452.0
File C:\Users\Fulgrim\AppData\Local\Programs\Python\Python312\DLLs\_ctypes.pyd first seen with mtime 1717714502.0
File C:\Users\Fulgrim\AppData\Local\Programs\Python\Python312\Lib\site-packages\django\db\models\fields\generated.py first seen with mtime 1723326131.9695692
File C:\Users\Fulgrim\AppData\Local\Programs\Python\Python312\Lib\site-packages\django\core\files\storage\handler.py first seen with mtime 1723326131.8964987
File C:\Users\Fulgrim\AppData\Local\Programs\Python\Python312\Lib\site-packages\django\core\checks\templates.py first seen with mtime 1723326131.8964987
File C:\Users\Fulgrim\AppData\Local\Programs\Python\Python312\Lib\site-packages\django\template\loader_tags.py first seen with mtime 1723326132.023344
File C:\Users\Fulgrim\AppData\Local\Programs\Python\Python312\Lib\tokenize.py first seen with mtime 1717714452.0
File C:\Users\Fulgrim\AppData\Local\Programs\Python\Python312\Lib\keyword.py first seen with mtime 1717714452.0
File C:\Users\Fulgrim\.vscode\extensions\ms-python.debugpy-2024.12.0-win32-x64\bundled\libs\debugpy\_vendored\pydevd\_pydevd_bundle\pydevd_daemon_thread.py first seen with mtime 1729949493.1605675
File C:\Users\Fulgrim\AppData\Local\Programs\Python\Python312\Lib\site-packages\django\contrib\staticfiles\__init__.py first seen with mtime 1723326131.8748426
File C:\Users\Fulgrim\.vscode\extensions\ms-python.debugpy-2024.12.0-win32-x64\bundled\libs\debugpy\_vendored\pydevd\_pydevd_bundle\pydevd_net_command_factory_json.py first seen with mtime 1729949493.069278
File C:\Users\Fulgrim\AppData\Local\Programs\Python\Python312\Lib\platform.py first seen with mtime 1717714452.0
File C:\Users\Fulgrim\AppData\Local\Programs\Python\Python312\Lib\site-packages\django\db\models\enums.py first seen with mtime 1723326131.9595635
File C:\Users\Fulgrim\AppData\Local\Programs\Python\Python312\Lib\site-packages\django\db\models\expressions.py first seen with mtime 1723326131.9595635
File C:\Users\Fulgrim\AppData\Local\Programs\Python\Python312\Lib\asyncio\tasks.py first seen with mtime 1717714452.0
File C:\xampp\htdocs\AVITech\Prueba5\SGC\SGC\__init__.py first seen with mtime 1722984829.239309
File C:\Users\Fulgrim\AppData\Local\Programs\Python\Python312\Lib\site-packages\django\contrib\contenttypes\management\__init__.py first seen with mtime 1723326131.115759
File C:\Users\Fulgrim\.vscode\extensions\ms-python.debugpy-2024.12.0-win32-x64\bundled\libs\debugpy\_vendored\pydevd\_pydevd_bundle\pydevd_vm_type.py first seen with mtime 1729949492.9443855
File C:\Users\Fulgrim\AppData\Local\Programs\Python\Python312\Lib\site-packages\django\db\models\manager.py first seen with mtime 1723326131.9595635
File C:\Users\Fulgrim\AppData\Local\Programs\Python\Python312\Lib\asyncio\windows_events.py first seen with mtime 1717714452.0
File C:\Users\Fulgrim\AppData\Local\Programs\Python\Python312\Lib\site-packages\django\template\base.py first seen with mtime 1723326132.023344
File C:\Users\Fulgrim\AppData\Local\Programs\Python\Python312\Lib\site-packages\django\template\library.py first seen with mtime 1723326132.023344
File C:\Users\Fulgrim\AppData\Local\Programs\Python\Python312\Lib\importlib\util.py first seen with mtime 1717714452.0
File C:\Users\Fulgrim\.vscode\extensions\ms-python.debugpy-2024.12.0-win32-x64\bundled\libs\debugpy\_vendored\pydevd\_pydevd_bundle\pydevd_process_net_command_json.py first seen with mtime 1729949493.0346174
File C:\Users\Fulgrim\AppData\Local\Programs\Python\Python312\Lib\asyncio\base_tasks.py first seen with mtime 1717714452.0
File C:\Users\Fulgrim\AppData\Local\Programs\Python\Python312\Lib\site-packages\django\apps\config.py first seen with mtime 1723326130.289361
File C:\Users\Fulgrim\AppData\Local\Programs\Python\Python312\Lib\site-packages\django\db\models\fields\related_lookups.py first seen with mtime 1723326131.9755762
File C:\Users\Fulgrim\AppData\Local\Programs\Python\Python312\Lib\email\mime\__init__.py first seen with mtime 1717714452.0
File C:\Users\Fulgrim\AppData\Local\Programs\Python\Python312\Lib\zoneinfo\__init__.py first seen with mtime 1717714452.0
File C:\Users\Fulgrim\AppData\Local\Programs\Python\Python312\DLLs\_uuid.pyd first seen with mtime 1717714502.0
File C:\Users\Fulgrim\AppData\Local\Programs\Python\Python312\Lib\re\_parser.py first seen with mtime 1717714452.0
File C:\Users\Fulgrim\.vscode\extensions\ms-python.debugpy-2024.12.0-win32-x64\bundled\libs\debugpy\_vendored\pydevd\_pydevd_bundle\pydevd_cython.cp312-win_amd64.pyd first seen with mtime 1729949493.19928
File C:\Users\Fulgrim\AppData\Local\Programs\Python\Python312\Lib\encodings\__init__.py first seen with mtime 1717714452.0
File C:\Users\Fulgrim\AppData\Local\Programs\Python\Python312\Lib\site-packages\asgiref\local.py first seen with mtime 1723326130.1641204
File C:\Users\Fulgrim\AppData\Local\Programs\Python\Python312\Lib\site-packages\django\templatetags\__init__.py first seen with mtime 1723326132.03898
File C:\Users\Fulgrim\AppData\Local\Programs\Python\Python312\Lib\site-packages\asgiref\__init__.py first seen with mtime 1723326130.1641204
File C:\Users\Fulgrim\.vscode\extensions\ms-python.debugpy-2024.12.0-win32-x64\bundled\libs\debugpy\_vendored\pydevd\_pydevd_bundle\pydevd_command_line_handling.py first seen with mtime 1729949493.2811868
File C:\Users\Fulgrim\AppData\Local\Programs\Python\Python312\Lib\site-packages\django\views\__init__.py first seen with mtime 1723326132.0711086
File C:\Users\Fulgrim\AppData\Local\Programs\Python\Python312\Lib\encodings\idna.py first seen with mtime 1717714452.0
File C:\Users\Fulgrim\AppData\Local\Programs\Python\Python312\Lib\site-packages\django\contrib\admin\templatetags\admin_urls.py first seen with mtime 1723326130.7712703
File C:\Users\Fulgrim\AppData\Local\Programs\Python\Python312\Lib\site-packages\django\__init__.py first seen with mtime 1723326130.289361
File C:\Users\Fulgrim\.vscode\extensions\ms-python.debugpy-2024.12.0-win32-x64\bundled\libs\debugpy\_vendored\pydevd\_pydevd_bundle\pydevd_json_debug_options.py first seen with mtime 1729949493.0969841
File C:\Users\Fulgrim\AppData\Local\Programs\Python\Python312\Lib\email\mime\nonmultipart.py first seen with mtime 1717714452.0
File C:\Users\Fulgrim\.vscode\extensions\ms-python.debugpy-2024.12.0-win32-x64\bundled\libs\debugpy\__init__.py first seen with mtime 1729949492.5856714
File C:\Users\Fulgrim\AppData\Local\Programs\Python\Python312\Lib\re\_compiler.py first seen with mtime 1717714452.0
File C:\Users\Fulgrim\AppData\Local\Programs\Python\Python312\Lib\site-packages\django\db\migrations\migration.py first seen with mtime 1723326131.9438665
File C:\Users\Fulgrim\AppData\Local\Programs\Python\Python312\Lib\site-packages\django\templatetags\static.py first seen with mtime 1723326132.03898
File C:\Users\Fulgrim\AppData\Local\Programs\Python\Python312\Lib\struct.py first seen with mtime 1717714452.0
File C:\Users\Fulgrim\AppData\Local\Programs\Python\Python312\Lib\posixpath.py first seen with mtime 1717714452.0
File C:\Users\Fulgrim\AppData\Local\Programs\Python\Python312\Lib\zoneinfo\_tzpath.py first seen with mtime 1717714452.0
File C:\Users\Fulgrim\AppData\Local\Programs\Python\Python312\Lib\site-packages\django\db\models\lookups.py first seen with mtime 1723326131.9595635
File C:\Users\Fulgrim\AppData\Local\Programs\Python\Python312\Lib\site-packages\django\core\checks\async_checks.py first seen with mtime 1723326131.880859
File C:\Users\Fulgrim\AppData\Local\Programs\Python\Python312\Lib\site-packages\django\forms\utils.py first seen with mtime 1723326131.9755762
File C:\Users\Fulgrim\AppData\Local\Programs\Python\Python312\Lib\ctypes\_endian.py first seen with mtime 1717714452.0
File C:\Users\Fulgrim\AppData\Local\Programs\Python\Python312\Lib\threading.py first seen with mtime 1717714452.0
File C:\Users\Fulgrim\AppData\Local\Programs\Python\Python312\Lib\site-packages\django\contrib\messages\api.py first seen with mtime 1723326131.4927073
File C:\Users\Fulgrim\AppData\Local\Programs\Python\Python312\Lib\site-packages\django\utils\decorators.py first seen with mtime 1723326132.0550916
File C:\Users\Fulgrim\AppData\Local\Programs\Python\Python312\Lib\inspect.py first seen with mtime 1717714452.0
File C:\Users\Fulgrim\.vscode\extensions\ms-python.debugpy-2024.12.0-win32-x64\bundled\libs\debugpy\_vendored\pydevd\_pydevd_bundle\pydevd_collect_bytecode_info.py first seen with mtime 1729949493.2942033
File C:\Users\Fulgrim\AppData\Local\Programs\Python\Python312\Lib\site-packages\django\urls\utils.py first seen with mtime 1723326132.0550916
File C:\Users\Fulgrim\.vscode\extensions\ms-python.debugpy-2024.12.0-win32-x64\bundled\libs\debugpy\_vendored\pydevd\pydevd_plugins\extensions\types\__init__.py first seen with mtime 1729949494.0127976
File C:\Users\Fulgrim\AppData\Local\Programs\Python\Python312\Lib\secrets.py first seen with mtime 1717714452.0
File C:\Users\Fulgrim\.vscode\extensions\ms-python.debugpy-2024.12.0-win32-x64\bundled\libs\debugpy\_vendored\pydevd\_pydevd_bundle\pydevd_comm.py first seen with mtime 1729949493.288004
File C:\Users\Fulgrim\AppData\Local\Programs\Python\Python312\Lib\difflib.py first seen with mtime 1717714452.0
File C:\Users\Fulgrim\AppData\Local\Programs\Python\Python312\Lib\site-packages\django\utils\log.py first seen with mtime 1723326132.065099
File C:\Users\Fulgrim\.vscode\extensions\ms-python.debugpy-2024.12.0-win32-x64\bundled\libs\debugpy\_vendored\pydevd\_pydev_bundle\_pydev_calltip_util.py first seen with mtime 1729949492.7823498
File C:\Users\Fulgrim\.vscode\extensions\ms-python.debugpy-2024.12.0-win32-x64\bundled\libs\debugpy\_vendored\pydevd\pydev_ipython\inputhook.py first seen with mtime 1729949493.4560575
File C:\Users\Fulgrim\AppData\Local\Programs\Python\Python312\Lib\copyreg.py first seen with mtime 1717714452.0
File C:\Users\Fulgrim\AppData\Local\Programs\Python\Python312\Lib\asyncio\mixins.py first seen with mtime 1717714452.0
File C:\Users\Fulgrim\AppData\Local\Programs\Python\Python312\Lib\site-packages\django\core\handlers\__init__.py first seen with mtime 1723326131.8964987
File C:\Users\Fulgrim\AppData\Local\Programs\Python\Python312\DLLs\_ssl.pyd first seen with mtime 1717714502.0
File C:\Users\Fulgrim\AppData\Local\Programs\Python\Python312\Lib\site-packages\django\template\loader.py first seen with mtime 1723326132.023344
File C:\Users\Fulgrim\AppData\Local\Programs\Python\Python312\DLLs\_bz2.pyd first seen with mtime 1717714502.0
File C:\Users\Fulgrim\AppData\Local\Programs\Python\Python312\Lib\site-packages\sqlparse\filters\aligned_indent.py first seen with mtime 1723326129.91682
File C:\Users\Fulgrim\AppData\Local\Programs\Python\Python312\Lib\site-packages\django\http\multipartparser.py first seen with mtime 1723326132.023344
File C:\Users\Fulgrim\AppData\Local\Programs\Python\Python312\Lib\site-packages\django\templatetags\l10n.py first seen with mtime 1723326132.03898
File C:\Users\Fulgrim\AppData\Local\Programs\Python\Python312\Lib\site-packages\django\core\mail\message.py first seen with mtime 1723326131.8964987
File C:\Users\Fulgrim\AppData\Local\Programs\Python\Python312\Lib\site-packages\django\contrib\admin\sites.py first seen with mtime 1723326130.4784036
File C:\Users\Fulgrim\AppData\Local\Programs\Python\Python312\Lib\site-packages\django\contrib\admin\views\autocomplete.py first seen with mtime 1723326130.7712703
File C:\Users\Fulgrim\AppData\Local\Programs\Python\Python312\Lib\asyncio\protocols.py first seen with mtime 1717714452.0
File C:\Users\Fulgrim\AppData\Local\Programs\Python\Python312\Lib\site-packages\django\core\management\commands\runserver.py first seen with mtime 1723326131.9222176
File C:\Users\Fulgrim\AppData\Local\Programs\Python\Python312\Lib\enum.py first seen with mtime 1717714452.0
File C:\Users\Fulgrim\AppData\Local\Programs\Python\Python312\Lib\ntpath.py first seen with mtime 1717714452.0
File C:\Users\Fulgrim\AppData\Local\Programs\Python\Python312\Lib\site-packages\django\http\request.py first seen with mtime 1723326132.023344
File C:\Users\Fulgrim\AppData\Local\Programs\Python\Python312\Lib\site-packages\django\core\paginator.py first seen with mtime 1723326131.880859
File C:\Users\Fulgrim\AppData\Local\Programs\Python\Python312\Lib\copy.py first seen with mtime 1717714452.0
File C:\Users\Fulgrim\AppData\Local\Programs\Python\Python312\Lib\site-packages\django\contrib\staticfiles\apps.py first seen with mtime 1723326131.8748426
File C:\Users\Fulgrim\AppData\Local\Programs\Python\Python312\Lib\site-packages\django\utils\encoding.py first seen with mtime 1723326132.0550916
File C:\Users\Fulgrim\AppData\Local\Programs\Python\Python312\Lib\json\decoder.py first seen with mtime 1717714452.0
File C:\Users\Fulgrim\AppData\Local\Programs\Python\Python312\Lib\selectors.py first seen with mtime 1717714452.0
File C:\Users\Fulgrim\AppData\Local\Programs\Python\Python312\Lib\http\cookies.py first seen with mtime 1717714452.0
File C:\Users\Fulgrim\AppData\Local\Programs\Python\Python312\Lib\site-packages\django\db\models\signals.py first seen with mtime 1723326131.9695692
File C:\Users\Fulgrim\AppData\Local\Programs\Python\Python312\Lib\site-packages\django\views\decorators\common.py first seen with mtime 1723326132.0711086
File C:\Users\Fulgrim\AppData\Local\Programs\Python\Python312\Lib\site-packages\django\core\files\uploadhandler.py first seen with mtime 1723326131.8964987
File C:\Users\Fulgrim\AppData\Local\Programs\Python\Python312\Lib\site-packages\django\core\signing.py first seen with mtime 1723326131.880859
File C:\Users\Fulgrim\AppData\Local\Programs\Python\Python312\Lib\tempfile.py first seen with mtime 1717714452.0
File C:\Users\Fulgrim\AppData\Local\Programs\Python\Python312\Lib\site-packages\django\contrib\admin\templatetags\__init__.py first seen with mtime 1723326130.7712703
File C:\Users\Fulgrim\AppData\Local\Programs\Python\Python312\Lib\site-packages\django\core\checks\registry.py first seen with mtime 1723326131.880859
File C:\Users\Fulgrim\.vscode\extensions\ms-python.debugpy-2024.12.0-win32-x64\bundled\libs\debugpy\_vendored\pydevd\_pydevd_bundle\_debug_adapter\pydevd_schema.py first seen with mtime 1729949493.8164606
File C:\Users\Fulgrim\AppData\Local\Programs\Python\Python312\Lib\site-packages\django\utils\regex_helper.py first seen with mtime 1723326132.065099
File C:\Users\Fulgrim\.vscode\extensions\ms-python.debugpy-2024.12.0-win32-x64\bundled\libs\debugpy\_vendored\pydevd\_pydevd_bundle\pydevd_additional_thread_info.py first seen with mtime 1729949493.324439
File C:\Users\Fulgrim\AppData\Local\Programs\Python\Python312\Lib\site-packages\django\utils\html.py first seen with mtime 1723326132.065099
File C:\Users\Fulgrim\AppData\Local\Programs\Python\Python312\Lib\site-packages\django\contrib\sites\checks.py first seen with mtime 1723326131.7706008
File C:\Users\Fulgrim\.vscode\extensions\ms-python.debugpy-2024.12.0-win32-x64\bundled\libs\debugpy\_vendored\pydevd\_pydevd_bundle\pydevd_breakpoints.py first seen with mtime 1729949493.3121073
File C:\Users\Fulgrim\AppData\Local\Programs\Python\Python312\Lib\site-packages\django\urls\base.py first seen with mtime 1723326132.04899
File C:\Users\Fulgrim\AppData\Local\Programs\Python\Python312\Lib\site-packages\django\template\exceptions.py first seen with mtime 1723326132.023344
File C:\Users\Fulgrim\AppData\Local\Programs\Python\Python312\Lib\site-packages\django\views\i18n.py first seen with mtime 1723326132.0711086
File C:\Users\Fulgrim\.vscode\extensions\ms-python.debugpy-2024.12.0-win32-x64\bundled\libs\debugpy\_vendored\pydevd\_pydev_bundle\pydev_is_thread_alive.py first seen with mtime 1729949492.8082685
File C:\Users\Fulgrim\AppData\Local\Programs\Python\Python312\DLLs\_asyncio.pyd first seen with mtime 1717714502.0
File C:\Users\Fulgrim\AppData\Local\Programs\Python\Python312\Lib\site-packages\django\core\files\__init__.py first seen with mtime 1723326131.8964987
File C:\Users\Fulgrim\.vscode\extensions\ms-python.debugpy-2024.12.0-win32-x64\bundled\libs\debugpy\_vendored\pydevd\_pydevd_bundle\pydevd_defaults.py first seen with mtime 1729949493.157993
File C:\Users\Fulgrim\.vscode\extensions\ms-python.debugpy-2024.12.0-win32-x64\bundled\libs\debugpy\_vendored\pydevd\_pydevd_bundle\pydevd_cython_wrapper.py first seen with mtime 1729949493.1627457
File C:\Users\Fulgrim\.vscode\extensions\ms-python.debugpy-2024.12.0-win32-x64\bundled\libs\debugpy\_vendored\force_pydevd.py first seen with mtime 1729949492.6046944
File C:\Users\Fulgrim\AppData\Local\Programs\Python\Python312\Lib\locale.py first seen with mtime 1717714452.0
File C:\Users\Fulgrim\AppData\Local\Programs\Python\Python312\Lib\site-packages\django\db\models\utils.py first seen with mtime 1723326131.9695692
File C:\Users\Fulgrim\AppData\Local\Programs\Python\Python312\Lib\asyncio\events.py first seen with mtime 1717714452.0
File C:\xampp\htdocs\AVITech\Prueba5\SGC\SGC\settings.py first seen with mtime 1731181868.1281946
File C:\Users\Fulgrim\.vscode\extensions\ms-python.debugpy-2024.12.0-win32-x64\bundled\libs\debugpy\_vendored\pydevd\_pydev_bundle\pydev_imports.py first seen with mtime 1729949492.8181784
File C:\Users\Fulgrim\AppData\Local\Programs\Python\Python312\Lib\calendar.py first seen with mtime 1717714452.0
File C:\Users\Fulgrim\.vscode\extensions\ms-python.debugpy-2024.12.0-win32-x64\bundled\libs\debugpy\_vendored\pydevd\_pydevd_bundle\pydevd_dont_trace.py first seen with mtime 1729949493.1519995
File C:\Users\Fulgrim\.vscode\extensions\ms-python.debugpy-2024.12.0-win32-x64\bundled\libs\debugpy\_vendored\pydevd\_pydevd_bundle\pydevd_runpy.py first seen with mtime 1729949493.0176435
File C:\Users\Fulgrim\AppData\Local\Programs\Python\Python312\Lib\site-packages\django\core\handlers\base.py first seen with mtime 1723326131.8964987
File C:\Users\Fulgrim\AppData\Local\Programs\Python\Python312\Lib\site-packages\django\utils\module_loading.py first seen with mtime 1723326132.065099
File C:\Users\Fulgrim\AppData\Local\Programs\Python\Python312\Lib\site-packages\django\utils\dates.py first seen with mtime 1723326132.0550916
File C:\xampp\htdocs\AVITech\Prueba5\SGC\AppBack\__init__.py first seen with mtime 1722984829.2325146
File C:\Users\Fulgrim\AppData\Local\Programs\Python\Python312\Lib\email\_policybase.py first seen with mtime 1717714452.0
File C:\Users\Fulgrim\AppData\Local\Programs\Python\Python312\Lib\pkgutil.py first seen with mtime 1717714452.0
File C:\Users\Fulgrim\AppData\Local\Programs\Python\Python312\Lib\site-packages\django\contrib\messages\storage\base.py first seen with mtime 1723326131.4927073
File C:\Users\Fulgrim\.vscode\extensions\ms-python.debugpy-2024.12.0-win32-x64\bundled\libs\debugpy\_vendored\pydevd\pydevd_plugins\extensions\types\pydevd_plugin_pandas_types.py first seen with mtime 1729949494.0154064
File C:\Users\Fulgrim\AppData\Local\Programs\Python\Python312\Lib\site-packages\django\apps\__init__.py first seen with mtime 1723326130.289361
File C:\Users\Fulgrim\AppData\Local\Programs\Python\Python312\Lib\http\__init__.py first seen with mtime 1717714452.0
File C:\Users\Fulgrim\AppData\Local\Programs\Python\Python312\Lib\site-packages\django\db\models\query_utils.py first seen with mtime 1723326131.9695692
File C:\Users\Fulgrim\AppData\Local\Programs\Python\Python312\Lib\site-packages\django\db\transaction.py first seen with mtime 1723326131.9282298
File C:\Users\Fulgrim\AppData\Local\Programs\Python\Python312\Lib\site-packages\django\dispatch\__init__.py first seen with mtime 1723326131.9755762
File C:\Users\Fulgrim\.vscode\extensions\ms-python.debugpy-2024.12.0-win32-x64\bundled\libs\debugpy\_vendored\pydevd\_pydevd_bundle\pydevd_vars.py first seen with mtime 1729949492.9499786
File C:\Users\Fulgrim\AppData\Local\Programs\Python\Python312\Lib\asyncio\coroutines.py first seen with mtime 1717714452.0
File C:\Users\Fulgrim\AppData\Local\Programs\Python\Python312\Lib\site-packages\django\db\models\fields\proxy.py first seen with mtime 1723326131.9695692
File C:\Users\Fulgrim\AppData\Local\Programs\Python\Python312\Lib\site-packages\django\contrib\admin\actions.py first seen with mtime 1723326130.4723978
File C:\Users\Fulgrim\AppData\Local\Programs\Python\Python312\Lib\ssl.py first seen with mtime 1717714452.0
File C:\Users\Fulgrim\.vscode\extensions\ms-python.debugpy-2024.12.0-win32-x64\bundled\libs\debugpy\_vendored\pydevd\_pydevd_bundle\pydevd_bytecode_utils.py first seen with mtime 1729949493.3103173
File C:\Users\Fulgrim\AppData\Local\Programs\Python\Python312\Lib\pickle.py first seen with mtime 1717714452.0
File C:\Users\Fulgrim\AppData\Local\Programs\Python\Python312\Lib\site-packages\django\contrib\auth\management\__init__.py first seen with mtime 1723326131.018331
File C:\Users\Fulgrim\AppData\Local\Programs\Python\Python312\Lib\site-packages\django\contrib\admin\helpers.py first seen with mtime 1723326130.4723978
File C:\Users\Fulgrim\AppData\Local\Programs\Python\Python312\Lib\site-packages\django\views\decorators\csrf.py first seen with mtime 1723326132.0711086
File C:\Users\Fulgrim\AppData\Local\Programs\Python\Python312\Lib\html\parser.py first seen with mtime 1717714452.0
File C:\Users\Fulgrim\AppData\Local\Programs\Python\Python312\Lib\dis.py first seen with mtime 1717714452.0
File C:\Users\Fulgrim\AppData\Local\Programs\Python\Python312\Lib\site-packages\django\template\loaders\filesystem.py first seen with mtime 1723326132.03898
File C:\Users\Fulgrim\.vscode\extensions\ms-python.debugpy-2024.12.0-win32-x64\bundled\libs\debugpy\_vendored\pydevd\_pydevd_frame_eval\vendored\bytecode\instr.py first seen with mtime 1729949493.9984183
File C:\Users\Fulgrim\AppData\Local\Programs\Python\Python312\Lib\site-packages\django\contrib\sessions\apps.py first seen with mtime 1723326131.6746955
File C:\Users\Fulgrim\AppData\Local\Programs\Python\Python312\Lib\email\_encoded_words.py first seen with mtime 1717714452.0
File C:\Users\Fulgrim\AppData\Local\Programs\Python\Python312\Lib\importlib\machinery.py first seen with mtime 1717714452.0
File C:\Users\Fulgrim\.vscode\extensions\ms-python.debugpy-2024.12.0-win32-x64\bundled\libs\debugpy\_vendored\pydevd\_pydevd_bundle\pydevd_extension_utils.py first seen with mtime 1729949493.1350112
File C:\Users\Fulgrim\AppData\Local\Programs\Python\Python312\Lib\logging\__init__.py first seen with mtime 1717714452.0
File C:\Users\Fulgrim\.vscode\extensions\ms-python.debugpy-2024.12.0-win32-x64\bundled\libs\debugpy\_vendored\pydevd\pydevd_tracing.py first seen with mtime 1729949492.6930447
File C:\Users\Fulgrim\AppData\Local\Programs\Python\Python312\Lib\xmlrpc\client.py first seen with mtime 1717714452.0
File C:\Users\Fulgrim\AppData\Local\Programs\Python\Python312\Lib\collections\abc.py first seen with mtime 1717714452.0
File C:\Users\Fulgrim\AppData\Local\Programs\Python\Python312\Lib\site-packages\sqlparse\tokens.py first seen with mtime 1723326129.91682
File C:\Users\Fulgrim\AppData\Local\Programs\Python\Python312\Lib\asyncio\selector_events.py first seen with mtime 1717714452.0
File C:\Users\Fulgrim\AppData\Local\Programs\Python\Python312\Lib\site-packages\django\core\cache\utils.py first seen with mtime 1723326131.880859
File C:\Users\Fulgrim\AppData\Local\Programs\Python\Python312\Lib\site-packages\django\conf\global_settings.py first seen with mtime 1723326130.289361
File C:\Users\Fulgrim\AppData\Local\Programs\Python\Python312\Lib\html\__init__.py first seen with mtime 1717714452.0
File C:\Users\Fulgrim\AppData\Local\Programs\Python\Python312\Lib\site-packages\django\utils\tree.py first seen with mtime 1723326132.0711086
File C:\Users\Fulgrim\AppData\Local\Programs\Python\Python312\Lib\email\__init__.py first seen with mtime 1717714452.0
File C:\Users\Fulgrim\AppData\Local\Programs\Python\Python312\Lib\site-packages\django\core\files\storage\mixins.py first seen with mtime 1723326131.8964987
File C:\Users\Fulgrim\AppData\Local\Programs\Python\Python312\Lib\site-packages\django\db\models\functions\__init__.py first seen with mtime 1723326131.9755762
File C:\Users\Fulgrim\.vscode\extensions\ms-python.debugpy-2024.12.0-win32-x64\bundled\libs\debugpy\_vendored\pydevd\_pydevd_frame_eval\__init__.py first seen with mtime 1729949492.8717146
File C:\Users\Fulgrim\.vscode\extensions\ms-python.debugpy-2024.12.0-win32-x64\bundled\libs\debugpy\_vendored\pydevd\_pydevd_bundle\_debug_adapter\__init__.py first seen with mtime 1729949493.799824
File C:\Users\Fulgrim\AppData\Local\Programs\Python\Python312\Lib\site-packages\django\core\checks\files.py first seen with mtime 1723326131.880859
File C:\Users\Fulgrim\AppData\Local\Programs\Python\Python312\Lib\asyncio\proactor_events.py first seen with mtime 1717714452.0
File C:\Users\Fulgrim\AppData\Local\Programs\Python\Python312\Lib\site-packages\django\core\files\temp.py first seen with mtime 1723326131.8964987
File C:\Users\Fulgrim\AppData\Local\Programs\Python\Python312\Lib\site-packages\django\core\files\uploadedfile.py first seen with mtime 1723326131.8964987
File C:\Users\Fulgrim\AppData\Local\Programs\Python\Python312\Lib\site-packages\django\db\models\fields\files.py first seen with mtime 1723326131.9695692
File C:\Users\Fulgrim\AppData\Local\Programs\Python\Python312\Lib\site-packages\django\db\models\functions\text.py first seen with mtime 1723326131.9755762
File C:\Users\Fulgrim\AppData\Local\Programs\Python\Python312\Lib\subprocess.py first seen with mtime 1717714452.0
File C:\Users\Fulgrim\.vscode\extensions\ms-python.debugpy-2024.12.0-win32-x64\bundled\libs\debugpy\_vendored\pydevd\_pydev_bundle\pydev_umd.py first seen with mtime 1729949492.7899423
File C:\Users\Fulgrim\.vscode\extensions\ms-python.debugpy-2024.12.0-win32-x64\bundled\libs\debugpy\_vendored\pydevd\_pydevd_sys_monitoring\pydevd_sys_monitoring.py first seen with mtime 1729949492.868869
File C:\Users\Fulgrim\.vscode\extensions\ms-python.debugpy-2024.12.0-win32-x64\bundled\libs\debugpy\_vendored\pydevd\_pydevd_bundle\pydevd_timeout.py first seen with mtime 1729949492.9747283
File C:\Users\Fulgrim\AppData\Local\Programs\Python\Python312\Lib\asyncio\runners.py first seen with mtime 1717714452.0
File C:\Users\Fulgrim\.vscode\extensions\ms-python.debugpy-2024.12.0-win32-x64\bundled\libs\debugpy\_vendored\pydevd\_pydevd_bundle\pydevd_io.py first seen with mtime 1729949493.102326
File C:\Users\Fulgrim\AppData\Local\Programs\Python\Python312\Lib\site-packages\rest_framework\authtoken\apps.py first seen with mtime 1723326139.5708861
File C:\Users\Fulgrim\AppData\Local\Programs\Python\Python312\Lib\http\client.py first seen with mtime 1717714452.0
File C:\Users\Fulgrim\AppData\Local\Programs\Python\Python312\Lib\asyncio\trsock.py first seen with mtime 1717714452.0
File C:\Users\Fulgrim\AppData\Local\Programs\Python\Python312\Lib\email\utils.py first seen with mtime 1717714452.0
File C:\Users\Fulgrim\AppData\Local\Programs\Python\Python312\Lib\code.py first seen with mtime 1717714452.0
File C:\Users\Fulgrim\AppData\Local\Programs\Python\Python312\Lib\site-packages\django\contrib\contenttypes\__init__.py first seen with mtime 1723326131.023843
File C:\Users\Fulgrim\AppData\Local\Programs\Python\Python312\Lib\io.py first seen with mtime 1717714452.0
File C:\Users\Fulgrim\AppData\Local\Programs\Python\Python312\Lib\site-packages\django\core\handlers\wsgi.py first seen with mtime 1723326131.8964987
File C:\Users\Fulgrim\AppData\Local\Programs\Python\Python312\Lib\site-packages\sqlparse\sql.py first seen with mtime 1723326129.91682
File C:\Users\Fulgrim\AppData\Local\Programs\Python\Python312\Lib\site-packages\django\utils\version.py first seen with mtime 1723326132.0711086
File C:\Users\Fulgrim\AppData\Local\Programs\Python\Python312\Lib\site-packages\django\core\cache\backends\filebased.py first seen with mtime 1723326131.880859
File C:\Users\Fulgrim\AppData\Local\Programs\Python\Python312\Lib\wsgiref\handlers.py first seen with mtime 1717714452.0
File C:\Users\Fulgrim\AppData\Local\Programs\Python\Python312\Lib\pprint.py first seen with mtime 1717714452.0
File C:\Users\Fulgrim\AppData\Local\Programs\Python\Python312\Lib\site-packages\django\db\backends\base\__init__.py first seen with mtime 1723326131.9282298
File C:\Users\Fulgrim\AppData\Local\Programs\Python\Python312\Lib\site-packages\django\core\exceptions.py first seen with mtime 1723326131.880859
File C:\Users\Fulgrim\AppData\Local\Programs\Python\Python312\Lib\site-packages\django\utils\termcolors.py first seen with mtime 1723326132.065099
File C:\Users\Fulgrim\AppData\Local\Programs\Python\Python312\Lib\site-packages\django\db\backends\utils.py first seen with mtime 1723326131.9282298
File C:\Users\Fulgrim\AppData\Local\Programs\Python\Python312\Lib\concurrent\futures\__init__.py first seen with mtime 1717714452.0
File C:\Users\Fulgrim\AppData\Local\Programs\Python\Python312\Lib\site-packages\django\db\models\base.py first seen with mtime 1723326131.9595635
File C:\Users\Fulgrim\.vscode\extensions\ms-python.debugpy-2024.12.0-win32-x64\bundled\libs\debugpy\_version.py first seen with mtime 1729949492.5887544
File C:\Users\Fulgrim\AppData\Local\Programs\Python\Python312\Lib\site-packages\django\core\serializers\json.py first seen with mtime 1723326131.9222176
File C:\Users\Fulgrim\AppData\Local\Programs\Python\Python312\Lib\site-packages\django\utils\timezone.py first seen with mtime 1723326132.0711086
File C:\Users\Fulgrim\AppData\Local\Programs\Python\Python312\Lib\importlib\_abc.py first seen with mtime 1717714452.0
File C:\Users\Fulgrim\AppData\Local\Programs\Python\Python312\Lib\re\__init__.py first seen with mtime 1717714452.0
File C:\Users\Fulgrim\AppData\Local\Programs\Python\Python312\Lib\html\entities.py first seen with mtime 1717714452.0
File C:\Users\Fulgrim\.vscode\extensions\ms-python.debugpy-2024.12.0-win32-x64\bundled\libs\debugpy\_vendored\pydevd\_pydev_bundle\__init__.py first seen with mtime 1729949492.7340631
File C:\Users\Fulgrim\AppData\Local\Programs\Python\Python312\Lib\site-packages\sqlparse\keywords.py first seen with mtime 1723326129.91682
File C:\Users\Fulgrim\.vscode\extensions\ms-python.debugpy-2024.12.0-win32-x64\bundled\libs\debugpy\_vendored\pydevd\_pydevd_frame_eval\vendored\bytecode\concrete.py first seen with mtime 1729949494.0048187
File C:\Users\Fulgrim\AppData\Local\Programs\Python\Python312\Lib\_compression.py first seen with mtime 1717714452.0
File C:\Users\Fulgrim\AppData\Local\Programs\Python\Python312\Lib\queue.py first seen with mtime 1717714452.0
File C:\Users\Fulgrim\AppData\Local\Programs\Python\Python312\Lib\site-packages\django\contrib\admin\__init__.py first seen with mtime 1723326130.4723978
File C:\Users\Fulgrim\AppData\Local\Programs\Python\Python312\Lib\site-packages\django\utils\_os.py first seen with mtime 1723326132.0550916
File C:\Users\Fulgrim\AppData\Local\Programs\Python\Python312\Lib\asyncio\base_subprocess.py first seen with mtime 1717714452.0
File C:\Users\Fulgrim\AppData\Local\Programs\Python\Python312\Lib\site-packages\django\core\servers\__init__.py first seen with mtime 1723326131.9282298
File C:\Users\Fulgrim\AppData\Local\Programs\Python\Python312\Lib\site-packages\django\db\models\fields\related_descriptors.py first seen with mtime 1723326131.9755762
File C:\Users\Fulgrim\AppData\Local\Programs\Python\Python312\Lib\wsgiref\util.py first seen with mtime 1717714452.0
File C:\Users\Fulgrim\AppData\Local\Programs\Python\Python312\DLLs\_lzma.pyd first seen with mtime 1717714502.0
File C:\Users\Fulgrim\AppData\Local\Programs\Python\Python312\Lib\site-packages\sqlparse\filters\output.py first seen with mtime 1723326129.91682
File C:\Users\Fulgrim\AppData\Local\Programs\Python\Python312\Lib\asyncio\taskgroups.py first seen with mtime 1717714452.0
File C:\Users\Fulgrim\AppData\Local\Programs\Python\Python312\Lib\email\mime\message.py first seen with mtime 1717714452.0
File C:\Users\Fulgrim\.vscode\extensions\ms-python.debugpy-2024.12.0-win32-x64\bundled\libs\debugpy\_vendored\pydevd\_pydevd_bundle\pydevd_utils.py first seen with mtime 1729949492.9517343
File C:\Users\Fulgrim\AppData\Local\Programs\Python\Python312\Lib\site-packages\django\core\management\color.py first seen with mtime 1723326131.912207
File C:\Users\Fulgrim\AppData\Local\Programs\Python\Python312\Lib\site-packages\django\template\loaders\__init__.py first seen with mtime 1723326132.03898
File C:\Users\Fulgrim\AppData\Local\Programs\Python\Python312\Lib\site-packages\django\templatetags\i18n.py first seen with mtime 1723326132.03898
File C:\Users\Fulgrim\AppData\Local\Programs\Python\Python312\Lib\_markupbase.py first seen with mtime 1717714452.0
File C:\Users\Fulgrim\.vscode\extensions\ms-python.debugpy-2024.12.0-win32-x64\bundled\libs\debugpy\_vendored\pydevd\_pydevd_bundle\pydevd_plugin_utils.py first seen with mtime 1729949493.0599725
File C:\Users\Fulgrim\.vscode\extensions\ms-python.debugpy-2024.12.0-win32-x64\bundled\libs\debugpy\_vendored\pydevd\_pydevd_bundle\pydevd_save_locals.py first seen with mtime 1729949493.00831
File C:\Users\Fulgrim\AppData\Local\Programs\Python\Python312\Lib\email\parser.py first seen with mtime 1717714452.0
File C:\Users\Fulgrim\AppData\Local\Programs\Python\Python312\Lib\quopri.py first seen with mtime 1717714452.0
File C:\Users\Fulgrim\AppData\Local\Programs\Python\Python312\Lib\site-packages\django\core\checks\model_checks.py first seen with mtime 1723326131.880859
File C:\Users\Fulgrim\AppData\Local\Programs\Python\Python312\Lib\site-packages\django\utils\connection.py first seen with mtime 1723326132.0550916
File C:\Users\Fulgrim\.vscode\extensions\ms-python.debugpy-2024.12.0-win32-x64\bundled\libs\debugpy\_vendored\pydevd\pydevd_file_utils.py first seen with mtime 1729949492.6945224
File C:\Users\Fulgrim\AppData\Local\Programs\Python\Python312\Lib\site-packages\django\core\serializers\python.py first seen with mtime 1723326131.9282298
File C:\Users\Fulgrim\AppData\Local\Programs\Python\Python312\Lib\site-packages\django\utils\translation\trans_real.py first seen with mtime 1723326132.0711086
File C:\Users\Fulgrim\AppData\Local\Programs\Python\Python312\Lib\site-packages\django\views\generic\edit.py first seen with mtime 1723326132.0711086
File C:\Users\Fulgrim\.vscode\extensions\ms-python.debugpy-2024.12.0-win32-x64\bundled\libs\debugpy\_vendored\pydevd\pydevd_plugins\__init__.py first seen with mtime 1729949493.4590905
File C:\Users\Fulgrim\AppData\Local\Programs\Python\Python312\Lib\socketserver.py first seen with mtime 1717714452.0
File C:\Users\Fulgrim\AppData\Local\Programs\Python\Python312\Lib\xml\parsers\expat.py first seen with mtime 1717714452.0
File C:\Users\Fulgrim\AppData\Local\Programs\Python\Python312\Lib\site-packages\django\contrib\messages\apps.py first seen with mtime 1723326131.4927073
File C:\Users\Fulgrim\.vscode\extensions\ms-python.debugpy-2024.12.0-win32-x64\bundled\libs\debugpy\_vendored\pydevd\_pydevd_frame_eval\vendored\bytecode\bytecode.py first seen with mtime 1729949494.010786
File C:\Users\Fulgrim\.vscode\extensions\ms-python.debugpy-2024.12.0-win32-x64\bundled\libs\debugpy\_vendored\pydevd\_pydevd_bundle\pydevd_dont_trace_files.py first seen with mtime 1729949493.1460335
File C:\Users\Fulgrim\AppData\Local\Programs\Python\Python312\Lib\stat.py first seen with mtime 1717714452.0
File C:\Users\Fulgrim\AppData\Local\Programs\Python\Python312\Lib\email\_parseaddr.py first seen with mtime 1717714452.0
File C:\Users\Fulgrim\AppData\Local\Programs\Python\Python312\Lib\asyncio\sslproto.py first seen with mtime 1717714452.0
File C:\Users\Fulgrim\.vscode\extensions\ms-python.debugpy-2024.12.0-win32-x64\bundled\libs\debugpy\_vendored\pydevd\_pydevd_bundle\_debug_adapter\pydevd_schema_log.py first seen with mtime 1729949493.8051834
File C:\Users\Fulgrim\AppData\Local\Programs\Python\Python312\Lib\site-packages\django\contrib\sessions\__init__.py first seen with mtime 1723326131.6746955
File C:\Users\Fulgrim\AppData\Local\Programs\Python\Python312\Lib\site-packages\django\urls\conf.py first seen with mtime 1723326132.04899
File C:\Users\Fulgrim\.vscode\extensions\ms-python.debugpy-2024.12.0-win32-x64\bundled\libs\debugpy\_vendored\pydevd\_pydevd_frame_eval\vendored\bytecode\__init__.py first seen with mtime 1729949493.9908874
File C:\Users\Fulgrim\AppData\Local\Programs\Python\Python312\Lib\site-packages\django\core\files\storage\memory.py first seen with mtime 1723326131.8964987
File C:\Users\Fulgrim\AppData\Local\Programs\Python\Python312\Lib\site-packages\django\utils\timesince.py first seen with mtime 1723326132.0711086
File C:\Users\Fulgrim\.vscode\extensions\ms-python.debugpy-2024.12.0-win32-x64\bundled\libs\debugpy\_vendored\pydevd\_pydev_runfiles\__init__.py first seen with mtime 1729949492.7040522
File C:\Users\Fulgrim\AppData\Local\Programs\Python\Python312\Lib\site-packages\django\utils\hashable.py first seen with mtime 1723326132.065099
File C:\Users\Fulgrim\AppData\Local\Programs\Python\Python312\Lib\site-packages\django\forms\__init__.py first seen with mtime 1723326131.9755762
File C:\Users\Fulgrim\AppData\Local\Programs\Python\Python312\Lib\site-packages\django\core\files\locks.py first seen with mtime 1723326131.8964987
File C:\Users\Fulgrim\.vscode\extensions\ms-python.debugpy-2024.12.0-win32-x64\bundled\libs\debugpy\_vendored\pydevd\_pydev_bundle\pydev_monkey.py first seen with mtime 1729949492.7969563
File C:\Users\Fulgrim\AppData\Local\Programs\Python\Python312\Lib\operator.py first seen with mtime 1717714452.0
File C:\Users\Fulgrim\AppData\Local\Programs\Python\Python312\Lib\site-packages\django\db\models\sql\constants.py first seen with mtime 1723326131.9755762
File C:\Users\Fulgrim\AppData\Local\Programs\Python\Python312\Lib\datetime.py first seen with mtime 1717714452.0
File C:\Users\Fulgrim\AppData\Local\Programs\Python\Python312\Lib\site-packages\django\template\loaders\app_directories.py first seen with mtime 1723326132.03898
File C:\Users\Fulgrim\AppData\Local\Programs\Python\Python312\Lib\email\policy.py first seen with mtime 1717714452.0
File C:\Users\Fulgrim\AppData\Local\Programs\Python\Python312\Lib\site-packages\django\utils\duration.py first seen with mtime 1723326132.0550916
File C:\Users\Fulgrim\AppData\Local\Programs\Python\Python312\Lib\ast.py first seen with mtime 1717714452.0
File C:\Users\Fulgrim\AppData\Local\Programs\Python\Python312\Lib\graphlib.py first seen with mtime 1717714452.0
File C:\Users\Fulgrim\AppData\Local\Programs\Python\Python312\Lib\site-packages\django\views\debug.py first seen with mtime 1723326132.0711086
File C:\Users\Fulgrim\AppData\Local\Programs\Python\Python312\Lib\email\generator.py first seen with mtime 1717714452.0
File C:\Users\Fulgrim\.vscode\extensions\ms-python.debugpy-2024.12.0-win32-x64\bundled\libs\debugpy\_vendored\pydevd\_pydevd_bundle\pydevd_exec2.py first seen with mtime 1729949493.14357
File C:\Users\Fulgrim\.vscode\extensions\ms-python.debugpy-2024.12.0-win32-x64\bundled\libs\debugpy\_vendored\pydevd\_pydevd_sys_monitoring\_pydevd_sys_monitoring_cython.cp312-win_amd64.pyd first seen with mtime 1729949492.8369136
File C:\Users\Fulgrim\AppData\Local\Programs\Python\Python312\Lib\site-packages\django\template\defaultfilters.py first seen with mtime 1723326132.023344
File C:\Users\Fulgrim\AppData\Local\Programs\Python\Python312\Lib\site-packages\django\contrib\messages\constants.py first seen with mtime 1723326131.4927073
File C:\Users\Fulgrim\AppData\Local\Programs\Python\Python312\Lib\http\server.py first seen with mtime 1717714452.0
File C:\Users\Fulgrim\AppData\Local\Programs\Python\Python312\Lib\urllib\__init__.py first seen with mtime 1717714452.0
File C:\Users\Fulgrim\AppData\Local\Programs\Python\Python312\Lib\site-packages\django\utils\inspect.py first seen with mtime 1723326132.065099
File C:\Users\Fulgrim\AppData\Local\Programs\Python\Python312\Lib\site-packages\asgiref\sync.py first seen with mtime 1723326130.1641204
File C:\Users\Fulgrim\AppData\Local\Programs\Python\Python312\Lib\site-packages\django\db\models\aggregates.py first seen with mtime 1723326131.9595635
File C:\Users\Fulgrim\AppData\Local\Programs\Python\Python312\Lib\site-packages\sqlparse\filters\tokens.py first seen with mtime 1723326129.91682
File C:\Users\Fulgrim\AppData\Local\Programs\Python\Python312\Lib\site-packages\django\urls\__init__.py first seen with mtime 1723326132.04899
File C:\Users\Fulgrim\AppData\Local\Programs\Python\Python312\Lib\sysconfig.py first seen with mtime 1717714452.0
File C:\Users\Fulgrim\AppData\Local\Programs\Python\Python312\Lib\site-packages\django\dispatch\dispatcher.py first seen with mtime 1723326131.9755762
File C:\Users\Fulgrim\AppData\Local\Programs\Python\Python312\Lib\types.py first seen with mtime 1717714452.0
File C:\Users\Fulgrim\AppData\Local\Programs\Python\Python312\Lib\typing.py first seen with mtime 1717714452.0
File C:\Users\Fulgrim\AppData\Local\Programs\Python\Python312\Lib\collections\__init__.py first seen with mtime 1717714452.0
File C:\Users\Fulgrim\AppData\Local\Programs\Python\Python312\Lib\site-packages\django\db\models\fields\mixins.py first seen with mtime 1723326131.9695692
File C:\Users\Fulgrim\AppData\Local\Programs\Python\Python312\Lib\re\_constants.py first seen with mtime 1717714452.0
File C:\Users\Fulgrim\AppData\Local\Programs\Python\Python312\Lib\site-packages\django\contrib\contenttypes\apps.py first seen with mtime 1723326131.023843
File C:\Users\Fulgrim\AppData\Local\Programs\Python\Python312\Lib\getpass.py first seen with mtime 1717714452.0
File C:\Users\Fulgrim\AppData\Local\Programs\Python\Python312\Lib\site-packages\django\utils\deconstruct.py first seen with mtime 1723326132.0550916
File C:\Users\Fulgrim\.vscode\extensions\ms-python.debugpy-2024.12.0-win32-x64\bundled\libs\debugpy\_vendored\pydevd\_pydevd_bundle\pydevd_constants.py first seen with mtime 1729949493.2737718
File C:\Users\Fulgrim\AppData\Local\Programs\Python\Python312\Lib\site-packages\django\http\response.py first seen with mtime 1723326132.023344
File C:\Users\Fulgrim\AppData\Local\Programs\Python\Python312\Lib\email\mime\base.py first seen with mtime 1717714452.0
File C:\Users\Fulgrim\.vscode\extensions\ms-python.debugpy-2024.12.0-win32-x64\bundled\libs\debugpy\_vendored\pydevd\_pydev_bundle\_pydev_tipper_common.py first seen with mtime 1729949492.7372158
File C:\Users\Fulgrim\AppData\Local\Programs\Python\Python312\Lib\site-packages\django\core\checks\translation.py first seen with mtime 1723326131.8964987
File C:\Users\Fulgrim\AppData\Local\Programs\Python\Python312\Lib\email\iterators.py first seen with mtime 1717714452.0
File C:\Users\Fulgrim\AppData\Local\Programs\Python\Python312\Lib\site-packages\django\db\models\functions\window.py first seen with mtime 1723326131.9755762
File C:\Users\Fulgrim\.vscode\extensions\ms-python.debugpy-2024.12.0-win32-x64\bundled\libs\debugpy\_vendored\pydevd\_pydevd_bundle\pydevd_resolver.py first seen with mtime 1729949493.021629
File C:\Users\Fulgrim\AppData\Local\Programs\Python\Python312\Lib\importlib\__init__.py first seen with mtime 1717714452.0
File C:\Users\Fulgrim\AppData\Local\Programs\Python\Python312\Lib\concurrent\futures\_base.py first seen with mtime 1717714452.0
File C:\Users\Fulgrim\AppData\Local\Programs\Python\Python312\Lib\site-packages\django\template\context.py first seen with mtime 1723326132.023344
File C:\xampp\htdocs\AVITech\Prueba5\SGC\AppBack\apps.py first seen with mtime 1722984829.2325146
File C:\Users\Fulgrim\AppData\Local\Programs\Python\Python312\Lib\ipaddress.py first seen with mtime 1717714452.0
File C:\Users\Fulgrim\AppData\Local\Programs\Python\Python312\Lib\asyncio\transports.py first seen with mtime 1717714452.0
File C:\Users\Fulgrim\AppData\Local\Programs\Python\Python312\Lib\site-packages\django\core\files\storage\__init__.py first seen with mtime 1723326131.8964987
File C:\Users\Fulgrim\AppData\Local\Programs\Python\Python312\Lib\site-packages\django\core\checks\compatibility\django_4_0.py first seen with mtime 1723326131.8964987
File C:\Users\Fulgrim\AppData\Local\Programs\Python\Python312\Lib\asyncio\threads.py first seen with mtime 1717714452.0
File C:\Users\Fulgrim\AppData\Local\Programs\Python\Python312\Lib\site-packages\django\core\checks\messages.py first seen with mtime 1723326131.880859
File C:\Users\Fulgrim\AppData\Local\Programs\Python\Python312\DLLs\pyexpat.pyd first seen with mtime 1717714502.0
File C:\Users\Fulgrim\AppData\Local\Programs\Python\Python312\Lib\stringprep.py first seen with mtime 1717714452.0
File C:\Users\Fulgrim\AppData\Local\Programs\Python\Python312\Lib\site-packages\django\core\files\storage\filesystem.py first seen with mtime 1723326131.8964987
File C:\Users\Fulgrim\AppData\Local\Programs\Python\Python312\Lib\site-packages\django\db\models\sql\query.py first seen with mtime 1723326131.9755762
File C:\Users\Fulgrim\AppData\Local\Programs\Python\Python312\Lib\site-packages\django\apps\registry.py first seen with mtime 1723326130.289361
File C:\Users\Fulgrim\AppData\Local\Programs\Python\Python312\Lib\site-packages\sqlparse\engine\filter_stack.py first seen with mtime 1723326129.91682
File C:\Users\Fulgrim\.vscode\extensions\ms-python.debugpy-2024.12.0-win32-x64\bundled\libs\debugpy\_vendored\pydevd\pydevd_plugins\extensions\types\pydevd_helpers.py first seen with mtime 1729949494.0236473
File C:\Users\Fulgrim\.vscode\extensions\ms-python.debugpy-2024.12.0-win32-x64\bundled\libs\debugpy\_vendored\pydevd\_pydev_bundle\_pydev_execfile.py first seen with mtime 1729949492.7746072
File C:\Users\Fulgrim\AppData\Local\Programs\Python\Python312\Lib\asyncio\base_events.py first seen with mtime 1717714452.0
File C:\Users\Fulgrim\AppData\Local\Programs\Python\Python312\Lib\site-packages\django\contrib\messages\storage\__init__.py first seen with mtime 1723326131.4927073
File C:\Users\Fulgrim\AppData\Local\Programs\Python\Python312\Lib\site-packages\django\templatetags\cache.py first seen with mtime 1723326132.03898
File C:\Users\Fulgrim\AppData\Local\Programs\Python\Python312\Lib\email\header.py first seen with mtime 1717714452.0
File C:\Users\Fulgrim\AppData\Local\Programs\Python\Python312\Lib\site-packages\django\forms\boundfield.py first seen with mtime 1723326131.9755762
File C:\Users\Fulgrim\AppData\Local\Programs\Python\Python312\Lib\site-packages\django\core\files\move.py first seen with mtime 1723326131.8964987
File C:\Users\Fulgrim\AppData\Local\Programs\Python\Python312\Lib\site-packages\django\core\mail\utils.py first seen with mtime 1723326131.8964987
File C:\Users\Fulgrim\.vscode\extensions\ms-python.debugpy-2024.12.0-win32-x64\bundled\libs\debugpy\_vendored\pydevd\_pydevd_frame_eval\vendored\__init__.py first seen with mtime 1729949493.763336
File C:\Users\Fulgrim\AppData\Local\Programs\Python\Python312\Lib\encodings\latin_1.py first seen with mtime 1717714452.0
File C:\Users\Fulgrim\AppData\Local\Programs\Python\Python312\Lib\site-packages\django\contrib\admin\checks.py first seen with mtime 1723326130.4723978
File C:\Users\Fulgrim\AppData\Local\Programs\Python\Python312\Lib\mimetypes.py first seen with mtime 1717714452.0
File C:\Users\Fulgrim\AppData\Local\Programs\Python\Python312\Lib\site-packages\django\forms\models.py first seen with mtime 1723326131.9755762
File C:\Users\Fulgrim\AppData\Local\Programs\Python\Python312\Lib\site-packages\django\http\cookie.py first seen with mtime 1723326132.023344
File C:\Users\Fulgrim\AppData\Local\Programs\Python\Python312\Lib\pathlib.py first seen with mtime 1717714452.0
File C:\xampp\htdocs\AVITech\Prueba5\SGC\manage.py first seen with mtime 1729949419.464719
File C:\Users\Fulgrim\.vscode\extensions\ms-python.debugpy-2024.12.0-win32-x64\bundled\libs\debugpy\_vendored\pydevd\pydevd_plugins\extensions\types\pydevd_plugins_django_form_str.py first seen with mtime 1729949494.020405
File C:\Users\Fulgrim\.vscode\extensions\ms-python.debugpy-2024.12.0-win32-x64\bundled\libs\debugpy\_vendored\pydevd\_pydevd_bundle\__init__.py first seen with mtime 1729949492.9313884
File C:\Users\Fulgrim\AppData\Local\Programs\Python\Python312\Lib\site-packages\django\db\migrations\exceptions.py first seen with mtime 1723326131.9438665
File C:\Users\Fulgrim\AppData\Local\Programs\Python\Python312\Lib\site-packages\django\db\migrations\operations\fields.py first seen with mtime 1723326131.9595635
File C:\Users\Fulgrim\AppData\Local\Programs\Python\Python312\DLLs\_zoneinfo.pyd first seen with mtime 1717714502.0
File C:\Users\Fulgrim\AppData\Local\Programs\Python\Python312\Lib\site-packages\sqlparse\filters\others.py first seen with mtime 1723326129.91682
File C:\Users\Fulgrim\AppData\Local\Programs\Python\Python312\Lib\concurrent\futures\thread.py first seen with mtime 1717714452.0
File C:\Users\Fulgrim\AppData\Local\Programs\Python\Python312\Lib\site-packages\django\core\checks\security\base.py first seen with mtime 1723326131.8964987
File C:\Users\Fulgrim\AppData\Local\Programs\Python\Python312\Lib\site-packages\django\db\models\query.py first seen with mtime 1723326131.9695692
File C:\Users\Fulgrim\AppData\Local\Programs\Python\Python312\Lib\site-packages\django\contrib\auth\decorators.py first seen with mtime 1723326130.9131744
File C:\Users\Fulgrim\AppData\Local\Programs\Python\Python312\Lib\site-packages\sqlparse\engine\grouping.py first seen with mtime 1723326129.91682
File C:\Users\Fulgrim\.vscode\extensions\ms-python.debugpy-2024.12.0-win32-x64\bundled\libs\debugpy\_vendored\pydevd\pydevd_plugins\jinja2_debug.py first seen with mtime 1729949493.4652512
File C:\Users\Fulgrim\AppData\Local\Programs\Python\Python312\Lib\site-packages\django\utils\numberformat.py first seen with mtime 1723326132.065099
File C:\Users\Fulgrim\AppData\Local\Programs\Python\Python312\Lib\gzip.py first seen with mtime 1717714452.0
File C:\Users\Fulgrim\AppData\Local\Programs\Python\Python312\Lib\asyncio\constants.py first seen with mtime 1717714452.0
File C:\Users\Fulgrim\AppData\Local\Programs\Python\Python312\Lib\site-packages\django\templatetags\tz.py first seen with mtime 1723326132.03898
File C:\Users\Fulgrim\AppData\Local\Programs\Python\Python312\Lib\site-packages\django\contrib\admin\options.py first seen with mtime 1723326130.4723978
File C:\Users\Fulgrim\AppData\Local\Programs\Python\Python312\DLLs\select.pyd first seen with mtime 1717714502.0
File C:\Users\Fulgrim\AppData\Local\Programs\Python\Python312\Lib\site-packages\django\core\checks\compatibility\__init__.py first seen with mtime 1723326131.8964987
File C:\Users\Fulgrim\AppData\Local\Programs\Python\Python312\Lib\site-packages\django\contrib\admin\widgets.py first seen with mtime 1723326130.4784036
File C:\Users\Fulgrim\AppData\Local\Programs\Python\Python312\Lib\site-packages\django\core\files\storage\base.py first seen with mtime 1723326131.8964987
File C:\Users\Fulgrim\.vscode\extensions\ms-python.debugpy-2024.12.0-win32-x64\bundled\libs\debugpy\_vendored\pydevd\_pydevd_bundle\pydevd_frame_utils.py first seen with mtime 1729949493.1154206
File C:\Users\Fulgrim\AppData\Local\Programs\Python\Python312\Lib\pydoc.py first seen with mtime 1717714452.0
File C:\Users\Fulgrim\AppData\Local\Programs\Python\Python312\Lib\email\mime\multipart.py first seen with mtime 1717714452.0
File C:\Users\Fulgrim\AppData\Local\Programs\Python\Python312\Lib\site-packages\django\core\management\commands\__init__.py first seen with mtime 1723326131.912207
File C:\Users\Fulgrim\AppData\Local\Programs\Python\Python312\Lib\email\feedparser.py first seen with mtime 1717714452.0
File C:\Users\Fulgrim\AppData\Local\Programs\Python\Python312\Lib\site-packages\django\core\files\utils.py first seen with mtime 1723326131.8964987
File C:\Users\Fulgrim\.vscode\extensions\ms-python.debugpy-2024.12.0-win32-x64\bundled\libs\debugpy\_vendored\_util.py first seen with mtime 1729949492.598315
File C:\Users\Fulgrim\AppData\Local\Programs\Python\Python312\Lib\site-packages\django\utils\safestring.py first seen with mtime 1723326132.065099
File C:\Users\Fulgrim\AppData\Local\Programs\Python\Python312\Lib\site-packages\django\core\cache\backends\__init__.py first seen with mtime 1723326131.880859
File C:\Users\Fulgrim\AppData\Local\Programs\Python\Python312\Lib\site-packages\django\core\signals.py first seen with mtime 1723326131.880859
File C:\Users\Fulgrim\AppData\Local\Programs\Python\Python312\Lib\site-packages\django\db\migrations\operations\base.py first seen with mtime 1723326131.9595635
File C:\Users\Fulgrim\AppData\Local\Programs\Python\Python312\Lib\shutil.py first seen with mtime 1717714452.0
File C:\Users\Fulgrim\.vscode\extensions\ms-python.debugpy-2024.12.0-win32-x64\bundled\libs\debugpy\_vendored\pydevd\_pydevd_bundle\pydevd_filtering.py first seen with mtime 1729949493.1305788
File C:\Users\Fulgrim\AppData\Local\Programs\Python\Python312\Lib\site-packages\django\contrib\sites\apps.py first seen with mtime 1723326131.7706008
File C:\Users\Fulgrim\AppData\Local\Programs\Python\Python312\Lib\site-packages\django\contrib\auth\signals.py first seen with mtime 1723326130.9131744
File C:\Users\Fulgrim\AppData\Local\Programs\Python\Python312\Lib\hmac.py first seen with mtime 1717714452.0
File C:\Users\Fulgrim\AppData\Local\Programs\Python\Python312\Lib\encodings\ascii.py first seen with mtime 1717714452.0
File C:\Users\Fulgrim\AppData\Local\Programs\Python\Python312\Lib\argparse.py first seen with mtime 1717714452.0
File C:\Users\Fulgrim\.vscode\extensions\ms-python.debugpy-2024.12.0-win32-x64\bundled\libs\debugpy\_vendored\pydevd\_pydevd_bundle\pydevd_api.py first seen with mtime 1729949493.3168142
File C:\Users\Fulgrim\AppData\Local\Programs\Python\Python312\Lib\site-packages\sqlparse\filters\reindent.py first seen with mtime 1723326129.91682
File C:\Users\Fulgrim\AppData\Local\Programs\Python\Python312\Lib\_sitebuiltins.py first seen with mtime 1717714452.0
File C:\Users\Fulgrim\AppData\Local\Programs\Python\Python312\Lib\site-packages\django\utils\translation\__init__.py first seen with mtime 1723326132.0711086
File C:\Users\Fulgrim\AppData\Local\Programs\Python\Python312\Lib\site-packages\django\utils\functional.py first seen with mtime 1723326132.065099
File C:\Users\Fulgrim\AppData\Local\Programs\Python\Python312\Lib\site-packages\django\db\models\__init__.py first seen with mtime 1723326131.9595635
File C:\Users\Fulgrim\AppData\Local\Programs\Python\Python312\Lib\site-packages\django\template\engine.py first seen with mtime 1723326132.023344
File C:\Users\Fulgrim\AppData\Local\Programs\Python\Python312\Lib\site-packages\sqlparse\formatter.py first seen with mtime 1723326129.91682
File C:\Users\Fulgrim\AppData\Local\Programs\Python\Python312\Lib\hashlib.py first seen with mtime 1717714452.0
File C:\Users\Fulgrim\AppData\Local\Programs\Python\Python312\Lib\socket.py first seen with mtime 1717714452.0
File C:\Users\Fulgrim\.vscode\extensions\ms-python.debugpy-2024.12.0-win32-x64\bundled\libs\debugpy\_vendored\pydevd\_pydevd_bundle\pydevd_custom_frames.py first seen with mtime 1729949493.2707877
File C:\Users\Fulgrim\AppData\Local\Programs\Python\Python312\Lib\glob.py first seen with mtime 1717714452.0
File C:\Users\Fulgrim\AppData\Local\Programs\Python\Python312\Lib\site-packages\django\template\backends\__init__.py first seen with mtime 1723326132.03898
File C:\Users\Fulgrim\AppData\Local\Programs\Python\Python312\Lib\site-packages\django\http\__init__.py first seen with mtime 1723326132.023344
File C:\Users\Fulgrim\AppData\Local\Programs\Python\Python312\Lib\site-packages\django\template\defaulttags.py first seen with mtime 1723326132.023344
File C:\Users\Fulgrim\AppData\Local\Programs\Python\Python312\Lib\asyncio\base_futures.py first seen with mtime 1717714452.0
File C:\Users\Fulgrim\.vscode\extensions\ms-python.debugpy-2024.12.0-win32-x64\bundled\libs\debugpy\_vendored\pydevd\_pydevd_bundle\pydevd_additional_thread_info_regular.py first seen with mtime 1729949493.319837
File C:\Users\Fulgrim\AppData\Local\Programs\Python\Python312\Lib\encodings\cp1252.py first seen with mtime 1717714452.0
File C:\Users\Fulgrim\AppData\Local\Programs\Python\Python312\Lib\encodings\aliases.py first seen with mtime 1717714452.0
File C:\Users\Fulgrim\AppData\Local\Programs\Python\Python312\Lib\site-packages\django\core\validators.py first seen with mtime 1723326131.880859
File C:\Users\Fulgrim\.vscode\extensions\ms-python.debugpy-2024.12.0-win32-x64\bundled\libs\debugpy\_vendored\pydevd\_pydev_bundle\pydev_log.py first seen with mtime 1729949492.7989728
File C:\Users\Fulgrim\AppData\Local\Programs\Python\Python312\Lib\site-packages\django\db\backends\__init__.py first seen with mtime 1723326131.9282298
File C:\Users\Fulgrim\AppData\Local\Programs\Python\Python312\Lib\json\encoder.py first seen with mtime 1717714452.0
File C:\Users\Fulgrim\AppData\Local\Programs\Python\Python312\Lib\concurrent\__init__.py first seen with mtime 1717714452.0
File C:\Users\Fulgrim\AppData\Local\Programs\Python\Python312\Lib\contextvars.py first seen with mtime 1717714452.0
File C:\Users\Fulgrim\AppData\Local\Programs\Python\Python312\Lib\site-packages\django\db\models\options.py first seen with mtime 1723326131.9695692
File C:\Users\Fulgrim\.vscode\extensions\ms-python.debugpy-2024.12.0-win32-x64\bundled\libs\debugpy\_vendored\pydevd\_pydev_bundle\fsnotify\__init__.py first seen with mtime 1729949493.7608793
File C:\Users\Fulgrim\AppData\Local\Programs\Python\Python312\Lib\site-packages\sqlparse\lexer.py first seen with mtime 1723326129.91682
File C:\Users\Fulgrim\AppData\Local\Programs\Python\Python312\Lib\xml\__init__.py first seen with mtime 1717714452.0
File C:\Users\Fulgrim\AppData\Local\Programs\Python\Python312\Lib\re\_casefix.py first seen with mtime 1717714452.0
File C:\Users\Fulgrim\.vscode\extensions\ms-python.debugpy-2024.12.0-win32-x64\bundled\libs\debugpy\_vendored\pydevd\_pydevd_bundle\pydevd_xml.py first seen with mtime 1729949492.9380796
File C:\Users\Fulgrim\AppData\Local\Programs\Python\Python312\Lib\site-packages\django\core\__init__.py first seen with mtime 1723326131.880859
File C:\Users\Fulgrim\.vscode\extensions\ms-python.debugpy-2024.12.0-win32-x64\bundled\libs\debugpy\_vendored\pydevd\_pydevd_bundle\pydevd_process_net_command.py first seen with mtime 1729949493.0482569
File C:\Users\Fulgrim\AppData\Local\Programs\Python\Python312\Lib\reprlib.py first seen with mtime 1717714452.0
File C:\Users\Fulgrim\AppData\Local\Programs\Python\Python312\Lib\site-packages\django\core\serializers\base.py first seen with mtime 1723326131.9222176
File C:\Users\Fulgrim\.vscode\extensions\ms-python.debugpy-2024.12.0-win32-x64\bundled\libs\debugpy\_vendored\pydevd\_pydev_bundle\_pydev_saved_modules.py first seen with mtime 1729949492.7526262
File C:\Users\Fulgrim\.vscode\extensions\ms-python.debugpy-2024.12.0-win32-x64\bundled\libs\debugpy\_vendored\pydevd\_pydevd_bundle\pydevd_console.py first seen with mtime 1729949493.2752764
File C:\Users\Fulgrim\AppData\Local\Programs\Python\Python312\DLLs\_decimal.pyd first seen with mtime 1717714502.0
File C:\Users\Fulgrim\.vscode\extensions\ms-python.debugpy-2024.12.0-win32-x64\bundled\libs\debugpy\_vendored\pydevd\_pydev_bundle\pydev_override.py first seen with mtime 1729949492.792115
File C:\Users\Fulgrim\AppData\Local\Programs\Python\Python312\Lib\json\__init__.py first seen with mtime 1717714452.0
File C:\Users\Fulgrim\AppData\Local\Programs\Python\Python312\Lib\ctypes\wintypes.py first seen with mtime 1717714452.0
File C:\Users\Fulgrim\AppData\Local\Programs\Python\Python312\Lib\email\encoders.py first seen with mtime 1717714452.0
File C:\Users\Fulgrim\AppData\Local\Programs\Python\Python312\Lib\site-packages\django\db\utils.py first seen with mtime 1723326131.9282298
File C:\Users\Fulgrim\AppData\Local\Programs\Python\Python312\Lib\site-packages\django\db\models\fields\related.py first seen with mtime 1723326131.9695692
File C:\Users\Fulgrim\.vscode\extensions\ms-python.debugpy-2024.12.0-win32-x64\bundled\libs\debugpy\_vendored\pydevd\_pydevd_bundle\pydevd_suspended_frames.py first seen with mtime 1729949492.986011
File C:\Users\Fulgrim\AppData\Local\Programs\Python\Python312\DLLs\unicodedata.pyd first seen with mtime 1717714502.0
File C:\Users\Fulgrim\.vscode\extensions\ms-python.debugpy-2024.12.0-win32-x64\bundled\libs\debugpy\_vendored\pydevd\_pydevd_bundle\pydevd_traceproperty.py first seen with mtime 1729949492.9703639
File C:\Users\Fulgrim\AppData\Local\Programs\Python\Python312\Lib\site-packages\sqlparse\__init__.py first seen with mtime 1723326129.910815
File C:\Users\Fulgrim\AppData\Local\Programs\Python\Python312\Lib\asyncio\__init__.py first seen with mtime 1717714452.0
File C:\Users\Fulgrim\AppData\Local\Programs\Python\Python312\DLLs\_queue.pyd first seen with mtime 1717714502.0
File C:\Users\Fulgrim\AppData\Local\Programs\Python\Python312\Lib\site-packages\django\utils\formats.py first seen with mtime 1723326132.0550916
File C:\Users\Fulgrim\.vscode\extensions\ms-python.debugpy-2024.12.0-win32-x64\bundled\libs\debugpy\_vendored\pydevd\_pydev_bundle\pydev_console_utils.py first seen with mtime 1729949492.8223073
File C:\Users\Fulgrim\AppData\Local\Programs\Python\Python312\Lib\site-packages\django\forms\widgets.py first seen with mtime 1723326131.9755762
File C:\Users\Fulgrim\AppData\Local\Programs\Python\Python312\Lib\site-packages\django\views\generic\detail.py first seen with mtime 1723326132.0711086
File C:\Users\Fulgrim\.vscode\extensions\ms-python.debugpy-2024.12.0-win32-x64\bundled\libs\debugpy\_vendored\pydevd\pydevconsole.py first seen with mtime 1729949492.7009056
File C:\Users\Fulgrim\AppData\Local\Programs\Python\Python312\Lib\site-packages\django\contrib\auth\apps.py first seen with mtime 1723326130.8974733
File C:\Users\Fulgrim\AppData\Local\Programs\Python\Python312\Lib\site-packages\django\db\models\sql\__init__.py first seen with mtime 1723326131.9755762
File C:\Users\Fulgrim\AppData\Local\Programs\Python\Python312\Lib\site-packages\django\utils\choices.py first seen with mtime 1723326132.0550916
File C:\Users\Fulgrim\AppData\Local\Programs\Python\Python312\Lib\site-packages\django\utils\http.py first seen with mtime 1723326132.065099
File C:\Users\Fulgrim\AppData\Local\Programs\Python\Python312\Lib\site-packages\sqlparse\exceptions.py first seen with mtime 1723326129.91682
File C:\Users\Fulgrim\AppData\Local\Programs\Python\Python312\Lib\xmlrpc\server.py first seen with mtime 1717714452.0
File C:\Users\Fulgrim\.vscode\extensions\ms-python.debugpy-2024.12.0-win32-x64\bundled\libs\debugpy\_vendored\pydevd\_pydevd_bundle\pydevd_extension_api.py first seen with mtime 1729949493.138453
File C:\Users\Fulgrim\AppData\Local\Programs\Python\Python312\Lib\site-packages\sqlparse\engine\statement_splitter.py first seen with mtime 1723326129.91682
File C:\Users\Fulgrim\AppData\Local\Programs\Python\Python312\Lib\site-packages\django\db\migrations\operations\models.py first seen with mtime 1723326131.9595635
File C:\Users\Fulgrim\AppData\Local\Programs\Python\Python312\Lib\site-packages\django\middleware\__init__.py first seen with mtime 1723326132.023344
File C:\Users\Fulgrim\AppData\Local\Programs\Python\Python312\Lib\site-packages\django\urls\converters.py first seen with mtime 1723326132.04899
File C:\Users\Fulgrim\AppData\Local\Programs\Python\Python312\Lib\encodings\utf_8.py first seen with mtime 1717714452.0
File C:\Users\Fulgrim\AppData\Local\Programs\Python\Python312\Lib\site-packages\django\utils\dateparse.py first seen with mtime 1723326132.0550916
File C:\Users\Fulgrim\AppData\Local\Programs\Python\Python312\Lib\site-packages\rest_framework\apps.py first seen with mtime 1723326139.5552418
File C:\Users\Fulgrim\AppData\Local\Programs\Python\Python312\Lib\site-packages\django\db\models\sql\where.py first seen with mtime 1723326131.9755762
File C:\Users\Fulgrim\AppData\Local\Programs\Python\Python312\Lib\site-packages\django\core\checks\__init__.py first seen with mtime 1723326131.880859
File C:\Users\Fulgrim\AppData\Local\Programs\Python\Python312\Lib\wsgiref\headers.py first seen with mtime 1717714452.0
File C:\Users\Fulgrim\AppData\Local\Programs\Python\Python312\Lib\site-packages\django\template\backends\base.py first seen with mtime 1723326132.03898
File C:\Users\Fulgrim\AppData\Local\Programs\Python\Python312\Lib\asyncio\queues.py first seen with mtime 1717714452.0
File C:\Users\Fulgrim\AppData\Local\Programs\Python\Python312\Lib\email\_header_value_parser.py first seen with mtime 1717714452.0
File C:\Users\Fulgrim\AppData\Local\Programs\Python\Python312\DLLs\_wmi.pyd first seen with mtime 1717714502.0
File C:\Users\Fulgrim\.vscode\extensions\ms-python.debugpy-2024.12.0-win32-x64\bundled\libs\debugpy\_vendored\pydevd\pydev_ipython\matplotlibtools.py first seen with mtime 1729949493.4155338
File C:\Users\Fulgrim\AppData\Local\Programs\Python\Python312\Lib\base64.py first seen with mtime 1717714452.0
File C:\Users\Fulgrim\AppData\Local\Programs\Python\Python312\Lib\site-packages\django\contrib\auth\__init__.py first seen with mtime 1723326130.8974733
File C:\Users\Fulgrim\AppData\Local\Programs\Python\Python312\Lib\site-packages\django\core\cache\backends\base.py first seen with mtime 1723326131.880859
File C:\Users\Fulgrim\AppData\Local\Programs\Python\Python312\Lib\site-packages\django\urls\resolvers.py first seen with mtime 1723326132.0550916
File C:\Users\Fulgrim\AppData\Local\Programs\Python\Python312\Lib\site-packages\django\utils\text.py first seen with mtime 1723326132.0711086
File C:\Users\Fulgrim\AppData\Local\Programs\Python\Python312\Lib\site-packages\django\contrib\sites\management.py first seen with mtime 1723326131.7706008
File C:\Users\Fulgrim\AppData\Local\Programs\Python\Python312\Lib\traceback.py first seen with mtime 1717714452.0
File C:\Users\Fulgrim\AppData\Local\Programs\Python\Python312\Lib\xml\parsers\__init__.py first seen with mtime 1717714452.0
File C:\Users\Fulgrim\AppData\Local\Programs\Python\Python312\Lib\site-packages\asgiref\current_thread_executor.py first seen with mtime 1723326130.1641204
File C:\Users\Fulgrim\.vscode\extensions\ms-python.debugpy-2024.12.0-win32-x64\bundled\libs\debugpy\_vendored\pydevd\_pydevd_bundle\pydevd_source_mapping.py first seen with mtime 1729949492.9993305
File C:\Users\Fulgrim\AppData\Local\Programs\Python\Python312\Lib\site-packages\django\utils\autoreload.py first seen with mtime 1723326132.0550916
File C:\Users\Fulgrim\AppData\Local\Programs\Python\Python312\Lib\email\headerregistry.py first seen with mtime 1717714452.0
File C:\Users\Fulgrim\AppData\Local\Programs\Python\Python312\Lib\dataclasses.py first seen with mtime 1717714452.0
File C:\Users\Fulgrim\AppData\Local\Programs\Python\Python312\Lib\codeop.py first seen with mtime 1717714452.0
File C:\Users\Fulgrim\AppData\Local\Programs\Python\Python312\Lib\site-packages\django\core\checks\database.py first seen with mtime 1723326131.880859
File C:\Users\Fulgrim\AppData\Local\Programs\Python\Python312\Lib\site-packages\django\template\utils.py first seen with mtime 1723326132.03898
File C:\Users\Fulgrim\AppData\Local\Programs\Python\Python312\Lib\_collections_abc.py first seen with mtime 1717714452.0
File C:\Users\Fulgrim\.vscode\extensions\ms-python.debugpy-2024.12.0-win32-x64\bundled\libs\debugpy\_vendored\pydevd\_pydev_bundle\_pydev_imports_tipper.py first seen with mtime 1729949492.7639906
File C:\Users\Fulgrim\AppData\Local\Programs\Python\Python312\Lib\site-packages\django\contrib\__init__.py first seen with mtime 1723326130.4723978
File C:\Users\Fulgrim\AppData\Local\Programs\Python\Python312\Lib\wsgiref\simple_server.py first seen with mtime 1717714452.0
File C:\Users\Fulgrim\AppData\Local\Programs\Python\Python312\Lib\site-packages\django\db\models\functions\comparison.py first seen with mtime 1723326131.9755762
File C:\Users\Fulgrim\.vscode\extensions\ms-python.debugpy-2024.12.0-win32-x64\bundled\libs\debugpy\_vendored\pydevd\pydevd_plugins\django_debug.py first seen with mtime 1729949493.4681656
File C:\Users\Fulgrim\AppData\Local\Programs\Python\Python312\DLLs\_hashlib.pyd first seen with mtime 1717714502.0
File C:\Users\Fulgrim\.vscode\extensions\ms-python.debugpy-2024.12.0-win32-x64\bundled\libs\debugpy\_vendored\pydevd\pydev_ipython\__init__.py first seen with mtime 1729949493.3341117
File C:\Users\Fulgrim\AppData\Local\Programs\Python\Python312\Lib\site-packages\django\core\handlers\exception.py first seen with mtime 1723326131.8964987
File C:\Users\Fulgrim\AppData\Local\Programs\Python\Python312\Lib\site-packages\django\template\response.py first seen with mtime 1723326132.03898
File C:\Users\Fulgrim\AppData\Local\Programs\Python\Python312\Lib\site-packages\django\db\models\deletion.py first seen with mtime 1723326131.9595635
File C:\Users\Fulgrim\AppData\Local\Programs\Python\Python312\Lib\site-packages\django\core\checks\security\__init__.py first seen with mtime 1723326131.8964987
File C:\Users\Fulgrim\AppData\Local\Programs\Python\Python312\Lib\site-packages\django\template\smartif.py first seen with mtime 1723326132.03898
File C:\Users\Fulgrim\AppData\Local\Programs\Python\Python312\Lib\site-packages\django\contrib\auth\checks.py first seen with mtime 1723326130.8974733
File C:\Users\Fulgrim\.vscode\extensions\ms-python.debugpy-2024.12.0-win32-x64\bundled\libs\debugpy\_vendored\__init__.py first seen with mtime 1729949492.5966175
File C:\Users\Fulgrim\.vscode\extensions\ms-python.debugpy-2024.12.0-win32-x64\bundled\libs\debugpy\_vendored\pydevd\_pydevd_bundle\pydevd_net_command_factory_xml.py first seen with mtime 1729949493.063001
File C:\Users\Fulgrim\AppData\Local\Programs\Python\Python312\Lib\site-packages\django\db\migrations\operations\__init__.py first seen with mtime 1723326131.9595635
File C:\Users\Fulgrim\AppData\Local\Programs\Python\Python312\Lib\urllib\parse.py first seen with mtime 1717714452.0
File C:\Users\Fulgrim\AppData\Local\Programs\Python\Python312\Lib\site-packages\django\core\files\base.py first seen with mtime 1723326131.8964987
File C:\Users\Fulgrim\.vscode\extensions\ms-python.debugpy-2024.12.0-win32-x64\bundled\libs\debugpy\_vendored\pydevd\_pydevd_frame_eval\pydevd_frame_eval_main.py first seen with mtime 1729949492.8865564
File C:\Users\Fulgrim\AppData\Local\Programs\Python\Python312\Lib\bisect.py first seen with mtime 1717714452.0
File C:\Users\Fulgrim\AppData\Local\Programs\Python\Python312\Lib\contextlib.py first seen with mtime 1717714452.0
File C:\Users\Fulgrim\AppData\Local\Programs\Python\Python312\Lib\asyncio\streams.py first seen with mtime 1717714452.0
File C:\Users\Fulgrim\AppData\Local\Programs\Python\Python312\Lib\site-packages\django\template\loaders\cached.py first seen with mtime 1723326132.03898
File C:\Users\Fulgrim\.vscode\extensions\ms-python.debugpy-2024.12.0-win32-x64\bundled\libs\debugpy\_vendored\pydevd\_pydevd_frame_eval\vendored\bytecode\cfg.py first seen with mtime 1729949494.008777
File C:\Users\Fulgrim\AppData\Local\Programs\Python\Python312\Lib\site-packages\django\urls\exceptions.py first seen with mtime 1723326132.0550916
File C:\Users\Fulgrim\AppData\Local\Programs\Python\Python312\Lib\functools.py first seen with mtime 1717714452.0
File C:\Users\Fulgrim\AppData\Local\Programs\Python\Python312\Lib\__future__.py first seen with mtime 1717714452.0
File C:\Users\Fulgrim\AppData\Local\Programs\Python\Python312\Lib\site-packages\django\db\models\indexes.py first seen with mtime 1723326131.9595635
File C:\Users\Fulgrim\AppData\Local\Programs\Python\Python312\Lib\email\quoprimime.py first seen with mtime 1717714452.0
File C:\Users\Fulgrim\AppData\Local\Programs\Python\Python312\Lib\site-packages\django\core\management\__init__.py first seen with mtime 1723326131.912207
File C:\Users\Fulgrim\AppData\Local\Programs\Python\Python312\Lib\logging\config.py first seen with mtime 1717714452.0
File C:\Users\Fulgrim\AppData\Local\Programs\Python\Python312\Lib\site-packages\django\core\checks\caches.py first seen with mtime 1723326131.880859
File C:\Users\Fulgrim\AppData\Local\Programs\Python\Python312\Lib\site-packages\django\views\generic\__init__.py first seen with mtime 1723326132.0711086
File C:\Users\Fulgrim\AppData\Local\Programs\Python\Python312\Lib\site-packages\django\db\models\sql\datastructures.py first seen with mtime 1723326131.9755762
File C:\Users\Fulgrim\AppData\Local\Programs\Python\Python312\Lib\site-packages\sqlparse\filters\__init__.py first seen with mtime 1723326129.91682
File C:\Users\Fulgrim\AppData\Local\Programs\Python\Python312\Lib\site-packages\django\views\decorators\__init__.py first seen with mtime 1723326132.0711086
File C:\Users\Fulgrim\AppData\Local\Programs\Python\Python312\Lib\site-packages\django\db\migrations\state.py first seen with mtime 1723326131.9595635
File C:\Users\Fulgrim\AppData\Local\Programs\Python\Python312\Lib\site-packages\django\core\management\base.py first seen with mtime 1723326131.912207
File C:\Users\Fulgrim\AppData\Local\Programs\Python\Python312\Lib\site-packages\django\core\wsgi.py first seen with mtime 1723326131.880859
File C:\Users\Fulgrim\.vscode\extensions\ms-python.debugpy-2024.12.0-win32-x64\bundled\libs\debugpy\_vendored\pydevd\_pydevd_bundle\pydevd_safe_repr.py first seen with mtime 1729949493.0120406
File C:\Users\Fulgrim\AppData\Local\Programs\Python\Python312\Lib\asyncio\locks.py first seen with mtime 1717714452.0
File C:\Users\Fulgrim\AppData\Local\Programs\Python\Python312\Lib\site-packages\django\contrib\messages\utils.py first seen with mtime 1723326131.4927073
File C:\Users\Fulgrim\AppData\Local\Programs\Python\Python312\Lib\site-packages\django\views\generic\list.py first seen with mtime 1723326132.0711086
File C:\Users\Fulgrim\AppData\Local\Programs\Python\Python312\Lib\codecs.py first seen with mtime 1717714452.0
File C:\Users\Fulgrim\AppData\Local\Programs\Python\Python312\DLLs\_socket.pyd first seen with mtime 1717714502.0
File C:\Users\Fulgrim\AppData\Local\Programs\Python\Python312\Lib\textwrap.py first seen with mtime 1717714452.0
File C:\Users\Fulgrim\AppData\Local\Programs\Python\Python312\Lib\site-packages\django\forms\forms.py first seen with mtime 1723326131.9755762
File C:\Users\Fulgrim\AppData\Local\Programs\Python\Python312\Lib\lzma.py first seen with mtime 1717714452.0
File C:\Users\Fulgrim\AppData\Local\Programs\Python\Python312\Lib\site-packages\django\contrib\staticfiles\finders.py first seen with mtime 1723326131.8748426
File C:\Users\Fulgrim\AppData\Local\Programs\Python\Python312\Lib\abc.py first seen with mtime 1717714452.0
File C:\Users\Fulgrim\.vscode\extensions\ms-python.debugpy-2024.12.0-win32-x64\bundled\libs\debugpy\_vendored\pydevd\_pydevd_frame_eval\vendored\bytecode\flags.py first seen with mtime 1729949494.0012074
File C:\Users\Fulgrim\AppData\Local\Programs\Python\Python312\Lib\opcode.py first seen with mtime 1717714452.0
File C:\Users\Fulgrim\AppData\Local\Programs\Python\Python312\Lib\site-packages\django\core\servers\basehttp.py first seen with mtime 1723326131.9282298
File C:\Users\Fulgrim\AppData\Local\Programs\Python\Python312\Lib\fnmatch.py first seen with mtime 1717714452.0
File C:\Users\Fulgrim\AppData\Local\Programs\Python\Python312\Lib\site-packages\django\contrib\contenttypes\checks.py first seen with mtime 1723326131.023843
File C:\Users\Fulgrim\AppData\Local\Programs\Python\Python312\Lib\site-packages\django\core\mail\__init__.py first seen with mtime 1723326131.8964987
File C:\Users\Fulgrim\AppData\Local\Programs\Python\Python312\Lib\zoneinfo\_common.py first seen with mtime 1717714452.0
File C:\Users\Fulgrim\AppData\Local\Programs\Python\Python312\Lib\site-packages\django\views\decorators\cache.py first seen with mtime 1723326132.0711086
File C:\Users\Fulgrim\AppData\Local\Programs\Python\Python312\Lib\site-packages\django\views\generic\dates.py first seen with mtime 1723326132.0711086
File C:\Users\Fulgrim\.vscode\extensions\ms-python.debugpy-2024.12.0-win32-x64\bundled\libs\debugpy\_vendored\pydevd\_pydevd_bundle\_debug_adapter\pydevd_base_schema.py first seen with mtime 1729949493.8186185
File C:\Users\Fulgrim\AppData\Local\Programs\Python\Python312\Lib\site-packages\django\middleware\csrf.py first seen with mtime 1723326132.023344
File C:\Users\Fulgrim\.vscode\extensions\ms-python.debugpy-2024.12.0-win32-x64\bundled\libs\debugpy\_vendored\pydevd\_pydevd_bundle\pydevd_reload.py first seen with mtime 1729949493.0248623
File C:\Users\Fulgrim\AppData\Local\Programs\Python\Python312\Lib\site-packages\django\middleware\cache.py first seen with mtime 1723326132.023344
File C:\Users\Fulgrim\AppData\Local\Programs\Python\Python312\Lib\site-packages\django\utils\lorem_ipsum.py first seen with mtime 1723326132.065099
File C:\Users\Fulgrim\AppData\Local\Programs\Python\Python312\Lib\site-packages\django\db\models\functions\datetime.py first seen with mtime 1723326131.9755762
File C:\Users\Fulgrim\.vscode\extensions\ms-python.debugpy-2024.12.0-win32-x64\bundled\libs\debugpy\_vendored\pydevd\_pydevd_bundle\pydevd_net_command.py first seen with mtime 1729949493.078292
File C:\Users\Fulgrim\AppData\Local\Programs\Python\Python312\Lib\site-packages\django\core\serializers\__init__.py first seen with mtime 1723326131.9222176
File C:\Users\Fulgrim\AppData\Local\Programs\Python\Python312\Lib\asyncio\log.py first seen with mtime 1717714452.0
File C:\Users\Fulgrim\AppData\Local\Programs\Python\Python312\Lib\asyncio\windows_utils.py first seen with mtime 1717714452.0
File C:\Users\Fulgrim\AppData\Local\Programs\Python\Python312\Lib\site-packages\django\contrib\staticfiles\utils.py first seen with mtime 1723326131.880859
File C:\Users\Fulgrim\AppData\Local\Programs\Python\Python312\Lib\site-packages\django\contrib\admin\decorators.py first seen with mtime 1723326130.4723978
File C:\Users\Fulgrim\AppData\Local\Programs\Python\Python312\Lib\site-packages\django\forms\formsets.py first seen with mtime 1723326131.9755762
File C:\Users\Fulgrim\AppData\Local\Programs\Python\Python312\Lib\site-packages\django\db\migrations\__init__.py first seen with mtime 1723326131.9438665
File C:\Users\Fulgrim\AppData\Local\Programs\Python\Python312\Lib\xmlrpc\__init__.py first seen with mtime 1717714452.0
File C:\Users\Fulgrim\.vscode\extensions\ms-python.debugpy-2024.12.0-win32-x64\bundled\libs\debugpy\_vendored\pydevd\_pydevd_bundle\pydevd_comm_constants.py first seen with mtime 1729949493.2769368
File C:\Users\Fulgrim\AppData\Local\Programs\Python\Python312\Lib\ctypes\__init__.py first seen with mtime 1717714452.0
File C:\Users\Fulgrim\AppData\Local\Programs\Python\Python312\Lib\site-packages\django\contrib\admin\utils.py first seen with mtime 1723326130.4784036
File C:\Users\Fulgrim\AppData\Local\Programs\Python\Python312\Lib\bz2.py first seen with mtime 1717714452.0
File C:\Users\Fulgrim\AppData\Local\Programs\Python\Python312\Lib\asyncio\staggered.py first seen with mtime 1717714452.0
File C:\Users\Fulgrim\AppData\Local\Programs\Python\Python312\Lib\site-packages\django\core\checks\security\sessions.py first seen with mtime 1723326131.8964987
File C:\Users\Fulgrim\AppData\Local\Programs\Python\Python312\Lib\random.py first seen with mtime 1717714452.0
File C:\Users\Fulgrim\AppData\Local\Programs\Python\Python312\Lib\email\charset.py first seen with mtime 1717714452.0
File C:\Users\Fulgrim\AppData\Local\Programs\Python\Python312\Lib\site-packages\django\forms\renderers.py first seen with mtime 1723326131.9755762
File C:\Users\Fulgrim\AppData\Local\Programs\Python\Python312\Lib\site-packages\django\db\models\constraints.py first seen with mtime 1723326131.9595635
File C:\Users\Fulgrim\.vscode\extensions\ms-python.debugpy-2024.12.0-win32-x64\bundled\libs\debugpy\_vendored\pydevd\_pydevd_bundle\pydevd_concurrency_analyser\pydevd_thread_wrappers.py first seen with mtime 1729949493.8340857
File C:\Users\Fulgrim\AppData\Local\Programs\Python\Python312\Lib\site-packages\django\core\checks\security\csrf.py first seen with mtime 1723326131.8964987
File C:\Users\Fulgrim\AppData\Local\Programs\Python\Python312\Lib\asyncio\format_helpers.py first seen with mtime 1717714452.0
File C:\Users\Fulgrim\AppData\Local\Programs\Python\Python312\Lib\site-packages\django\db\migrations\utils.py first seen with mtime 1723326131.9595635
File C:\Users\Fulgrim\AppData\Local\Programs\Python\Python312\Lib\site-packages\django\db\models\functions\math.py first seen with mtime 1723326131.9755762
File C:\Users\Fulgrim\AppData\Local\Programs\Python\Python312\Lib\site-packages\django\utils\cache.py first seen with mtime 1723326132.0550916
File C:\Users\Fulgrim\AppData\Local\Programs\Python\Python312\Lib\os.py first seen with mtime 1717714452.0
File C:\Users\Fulgrim\AppData\Local\Programs\Python\Python312\Lib\site-packages\django\core\checks\urls.py first seen with mtime 1723326131.8964987
File C:\Users\Fulgrim\AppData\Local\Programs\Python\Python312\Lib\email\base64mime.py first seen with mtime 1717714452.0
File C:\Users\Fulgrim\.vscode\extensions\ms-python.debugpy-2024.12.0-win32-x64\bundled\libs\debugpy\_vendored\pydevd\_pydev_bundle\_pydev_filesystem_encoding.py first seen with mtime 1729949492.7711198
File C:\Users\Fulgrim\.vscode\extensions\ms-python.debugpy-2024.12.0-win32-x64\bundled\libs\debugpy\_vendored\pydevd\_pydevd_bundle\pydevd_trace_dispatch.py first seen with mtime 1729949492.9659214
File C:\Users\Fulgrim\AppData\Local\Programs\Python\Python312\Lib\site-packages\django\db\__init__.py first seen with mtime 1723326131.9282298
File C:\Users\Fulgrim\AppData\Local\Programs\Python\Python312\Lib\site-packages\django\utils\datastructures.py first seen with mtime 1723326132.0550916
File C:\Users\Fulgrim\AppData\Local\Programs\Python\Python312\Lib\logging\handlers.py first seen with mtime 1717714452.0
File C:\Users\Fulgrim\AppData\Local\Programs\Python\Python312\Lib\site-packages\django\contrib\messages\__init__.py first seen with mtime 1723326131.4927073
File C:\Users\Fulgrim\.vscode\extensions\ms-python.debugpy-2024.12.0-win32-x64\bundled\libs\debugpy\_vendored\pydevd\_pydevd_bundle\pydevd_import_class.py first seen with mtime 1729949493.1048317
File C:\Users\Fulgrim\AppData\Local\Programs\Python\Python312\Lib\site-packages\rest_framework\__init__.py first seen with mtime 1723326139.538869
File C:\Users\Fulgrim\AppData\Local\Programs\Python\Python312\Lib\site-packages\sqlparse\cli.py first seen with mtime 1723326129.910815
File C:\Users\Fulgrim\AppData\Local\Programs\Python\Python312\Lib\decimal.py first seen with mtime 1717714452.0
File C:\Users\Fulgrim\.vscode\extensions\ms-python.debugpy-2024.12.0-win32-x64\bundled\libs\debugpy\public_api.py first seen with mtime 1729949492.5941167
File C:\xampp\htdocs\AVITech\Prueba5\SGC\templates\.last_build_id first seen with mtime 1729949419.8221009
File C:\xampp\htdocs\AVITech\Prueba5\SGC\templates\assets first seen with mtime 1729949419.831601
File C:\xampp\htdocs\AVITech\Prueba5\SGC\templates\canvaskit first seen with mtime 1729949419.9367752
File C:\xampp\htdocs\AVITech\Prueba5\SGC\templates\favicon.png first seen with mtime 1729949419.937775
File C:\xampp\htdocs\AVITech\Prueba5\SGC\templates\flutter.js first seen with mtime 1729949419.9382749
File C:\xampp\htdocs\AVITech\Prueba5\SGC\templates\flutter_bootstrap.js first seen with mtime 1729949419.9387765
File C:\xampp\htdocs\AVITech\Prueba5\SGC\templates\flutter_service_worker.js first seen with mtime 1729949419.9387765
File C:\xampp\htdocs\AVITech\Prueba5\SGC\templates\icons first seen with mtime 1729949419.9407775
File C:\xampp\htdocs\AVITech\Prueba5\SGC\templates\index.html first seen with mtime 1729949419.9407775
File C:\xampp\htdocs\AVITech\Prueba5\SGC\templates\mail_activacion.html first seen with mtime 1732379272.7971792
File C:\xampp\htdocs\AVITech\Prueba5\SGC\templates\main.dart.js first seen with mtime 1729949419.957895
File C:\xampp\htdocs\AVITech\Prueba5\SGC\templates\manifest.json first seen with mtime 1729949419.9584026
File C:\xampp\htdocs\AVITech\Prueba5\SGC\templates\registration first seen with mtime 1729949419.9588957
File C:\xampp\htdocs\AVITech\Prueba5\SGC\templates\version.json first seen with mtime 1729949419.959395
File C:\xampp\htdocs\AVITech\Prueba5\SGC\templates\viejo first seen with mtime 1729949419.9623952
File C:\xampp\htdocs\AVITech\Prueba5\SGC\templates\assets\AssetManifest.bin first seen with mtime 1729949419.8226013
File C:\xampp\htdocs\AVITech\Prueba5\SGC\templates\assets\AssetManifest.bin.json first seen with mtime 1729949419.8231018
File C:\xampp\htdocs\AVITech\Prueba5\SGC\templates\assets\AssetManifest.json first seen with mtime 1729949419.8236065
File C:\xampp\htdocs\AVITech\Prueba5\SGC\templates\assets\FontManifest.json first seen with mtime 1729949419.8241012
File C:\xampp\htdocs\AVITech\Prueba5\SGC\templates\assets\fonts first seen with mtime 1729949419.830102
File C:\xampp\htdocs\AVITech\Prueba5\SGC\templates\assets\NOTICES first seen with mtime 1729949419.8296015
File C:\xampp\htdocs\AVITech\Prueba5\SGC\templates\assets\packages first seen with mtime 1729949419.830602
File C:\xampp\htdocs\AVITech\Prueba5\SGC\templates\assets\shaders first seen with mtime 1729949419.831601
File C:\xampp\htdocs\AVITech\Prueba5\SGC\templates\canvaskit\canvaskit.js first seen with mtime 1729949419.8321009
File C:\xampp\htdocs\AVITech\Prueba5\SGC\templates\canvaskit\canvaskit.js.symbols first seen with mtime 1729949419.835614
File C:\xampp\htdocs\AVITech\Prueba5\SGC\templates\canvaskit\canvaskit.wasm first seen with mtime 1729949419.8657606
File C:\xampp\htdocs\AVITech\Prueba5\SGC\templates\canvaskit\chromium first seen with mtime 1729949419.8994582
File C:\xampp\htdocs\AVITech\Prueba5\SGC\templates\canvaskit\skwasm.js first seen with mtime 1729949419.902171
File C:\xampp\htdocs\AVITech\Prueba5\SGC\templates\canvaskit\skwasm.js.symbols first seen with mtime 1729949419.9082005
File C:\xampp\htdocs\AVITech\Prueba5\SGC\templates\canvaskit\skwasm.wasm first seen with mtime 1729949419.9362824
File C:\xampp\htdocs\AVITech\Prueba5\SGC\templates\canvaskit\skwasm.worker.js first seen with mtime 1729949419.9372752
File C:\xampp\htdocs\AVITech\Prueba5\SGC\templates\icons\Icon-192.png first seen with mtime 1729949419.9397757
File C:\xampp\htdocs\AVITech\Prueba5\SGC\templates\icons\Icon-512.png first seen with mtime 1729949419.9397757
File C:\xampp\htdocs\AVITech\Prueba5\SGC\templates\icons\Icon-maskable-192.png first seen with mtime 1729949419.9402738
File C:\xampp\htdocs\AVITech\Prueba5\SGC\templates\icons\Icon-maskable-512.png first seen with mtime 1729949419.9407775
File C:\xampp\htdocs\AVITech\Prueba5\SGC\templates\registration\password_reset_email.html first seen with mtime 1729949419.959395
File C:\xampp\htdocs\AVITech\Prueba5\SGC\templates\viejo\index.html first seen with mtime 1729949419.959895
File C:\xampp\htdocs\AVITech\Prueba5\SGC\templates\viejo\pagina2.html first seen with mtime 1729949419.960395
File C:\xampp\htdocs\AVITech\Prueba5\SGC\templates\viejo\pagina3.html first seen with mtime 1729949419.960395
File C:\xampp\htdocs\AVITech\Prueba5\SGC\templates\viejo\pagina4.html first seen with mtime 1729949419.9613943
File C:\xampp\htdocs\AVITech\Prueba5\SGC\templates\viejo\pagina5.html first seen with mtime 1729949419.9618938
File C:\xampp\htdocs\AVITech\Prueba5\SGC\templates\viejo\pagina6.html first seen with mtime 1729949419.9623952
File C:\xampp\htdocs\AVITech\Prueba5\SGC\templates\assets\fonts\MaterialIcons-Regular.otf first seen with mtime 1729949419.830602
File C:\xampp\htdocs\AVITech\Prueba5\SGC\templates\assets\packages\cupertino_icons first seen with mtime 1729949419.8311193
File C:\xampp\htdocs\AVITech\Prueba5\SGC\templates\assets\shaders\ink_sparkle.frag first seen with mtime 1729949419.831601
File C:\xampp\htdocs\AVITech\Prueba5\SGC\templates\assets\packages\cupertino_icons\assets first seen with mtime 1729949419.8311193
File C:\xampp\htdocs\AVITech\Prueba5\SGC\templates\assets\packages\cupertino_icons\assets\CupertinoIcons.ttf first seen with mtime 1729949419.831601
File C:\xampp\htdocs\AVITech\Prueba5\SGC\templates\canvaskit\chromium\canvaskit.js first seen with mtime 1729949419.8667588
File C:\xampp\htdocs\AVITech\Prueba5\SGC\templates\canvaskit\chromium\canvaskit.js.symbols first seen with mtime 1729949419.872394
File C:\xampp\htdocs\AVITech\Prueba5\SGC\templates\canvaskit\chromium\canvaskit.wasm first seen with mtime 1729949419.9011657
Watching for file changes with StatReloader
Waiting for apps ready_event.
Main Django thread has terminated before apps are ready.
Apps ready_event triggered. Sending autoreload_started signal.
Watching dir C:\xampp\htdocs\AVITech\Prueba5\SGC\templates with glob **/*.
File C:\Users\Fulgrim\.vscode\extensions\ms-python.debugpy-2024.12.0-win32-x64\bundled\libs\debugpy\_vendored\pydevd\_pydevd_bundle\pydevd_net_command_factory_json.py first seen with mtime 1729949493.069278
File C:\Users\Fulgrim\AppData\Local\Programs\Python\Python312\Lib\subprocess.py first seen with mtime 1717714452.0
File C:\Users\Fulgrim\AppData\Local\Programs\Python\Python312\Lib\contextvars.py first seen with mtime 1717714452.0
File C:\Users\Fulgrim\.vscode\extensions\ms-python.debugpy-2024.12.0-win32-x64\bundled\libs\debugpy\_vendored\pydevd\_pydevd_frame_eval\__init__.py first seen with mtime 1729949492.8717146
File C:\Users\Fulgrim\AppData\Local\Programs\Python\Python312\Lib\site-packages\django\core\checks\caches.py first seen with mtime 1723326131.880859
File C:\Users\Fulgrim\AppData\Local\Programs\Python\Python312\Lib\site-packages\sqlparse\filters\others.py first seen with mtime 1723326129.91682
File C:\Users\Fulgrim\AppData\Local\Programs\Python\Python312\Lib\site-packages\django\core\checks\async_checks.py first seen with mtime 1723326131.880859
File C:\Users\Fulgrim\AppData\Local\Programs\Python\Python312\Lib\site.py first seen with mtime 1717714452.0
File C:\Users\Fulgrim\AppData\Local\Programs\Python\Python312\Lib\difflib.py first seen with mtime 1717714452.0
File C:\Users\Fulgrim\AppData\Local\Programs\Python\Python312\Lib\site-packages\django\db\models\functions\math.py first seen with mtime 1723326131.9755762
File C:\Users\Fulgrim\AppData\Local\Programs\Python\Python312\Lib\email\_parseaddr.py first seen with mtime 1717714452.0
File C:\Users\Fulgrim\AppData\Local\Programs\Python\Python312\Lib\site-packages\django\utils\ipv6.py first seen with mtime 1723326132.065099
File C:\Users\Fulgrim\AppData\Local\Programs\Python\Python312\Lib\site-packages\django\http\request.py first seen with mtime 1723326132.023344
File C:\Users\Fulgrim\.vscode\extensions\ms-python.debugpy-2024.12.0-win32-x64\bundled\libs\debugpy\_vendored\pydevd\_pydevd_bundle\pydevd_extension_api.py first seen with mtime 1729949493.138453
File C:\Users\Fulgrim\AppData\Local\Programs\Python\Python312\Lib\site-packages\django\views\__init__.py first seen with mtime 1723326132.0711086
File C:\Users\Fulgrim\AppData\Local\Programs\Python\Python312\Lib\site-packages\sqlparse\engine\filter_stack.py first seen with mtime 1723326129.91682
File C:\Users\Fulgrim\AppData\Local\Programs\Python\Python312\Lib\site-packages\django\db\models\sql\constants.py first seen with mtime 1723326131.9755762
File C:\Users\Fulgrim\AppData\Local\Programs\Python\Python312\Lib\site-packages\rest_framework\authtoken\apps.py first seen with mtime 1723326139.5708861
File C:\Users\Fulgrim\AppData\Local\Programs\Python\Python312\Lib\dis.py first seen with mtime 1717714452.0
File C:\Users\Fulgrim\AppData\Local\Programs\Python\Python312\Lib\site-packages\django\__init__.py first seen with mtime 1723326130.289361
File C:\Users\Fulgrim\AppData\Local\Programs\Python\Python312\Lib\site-packages\django\core\mail\message.py first seen with mtime 1723326131.8964987
File C:\Users\Fulgrim\AppData\Local\Programs\Python\Python312\Lib\site-packages\asgiref\sync.py first seen with mtime 1723326130.1641204
File C:\Users\Fulgrim\.vscode\extensions\ms-python.debugpy-2024.12.0-win32-x64\bundled\libs\debugpy\_vendored\pydevd\_pydevd_bundle\pydevd_custom_frames.py first seen with mtime 1729949493.2707877
File C:\Users\Fulgrim\AppData\Local\Programs\Python\Python312\Lib\site-packages\django\db\models\indexes.py first seen with mtime 1723326131.9595635
File C:\Users\Fulgrim\AppData\Local\Programs\Python\Python312\Lib\site-packages\django\utils\formats.py first seen with mtime 1723326132.0550916
File C:\Users\Fulgrim\AppData\Local\Programs\Python\Python312\Lib\site-packages\django\utils\functional.py first seen with mtime 1723326132.065099
File C:\Users\Fulgrim\AppData\Local\Programs\Python\Python312\Lib\ipaddress.py first seen with mtime 1717714452.0
File C:\Users\Fulgrim\AppData\Local\Programs\Python\Python312\Lib\lzma.py first seen with mtime 1717714452.0
File C:\Users\Fulgrim\AppData\Local\Programs\Python\Python312\Lib\site-packages\django\template\defaulttags.py first seen with mtime 1723326132.023344
File C:\Users\Fulgrim\.vscode\extensions\ms-python.debugpy-2024.12.0-win32-x64\bundled\libs\debugpy\_vendored\pydevd\_pydev_bundle\pydev_log.py first seen with mtime 1729949492.7989728
File C:\Users\Fulgrim\AppData\Local\Programs\Python\Python312\Lib\os.py first seen with mtime 1717714452.0
File C:\Users\Fulgrim\AppData\Local\Programs\Python\Python312\Lib\site-packages\django\core\cache\__init__.py first seen with mtime 1723326131.880859
File C:\Users\Fulgrim\AppData\Local\Programs\Python\Python312\Lib\ctypes\_endian.py first seen with mtime 1717714452.0
File C:\Users\Fulgrim\AppData\Local\Programs\Python\Python312\Lib\site-packages\django\forms\models.py first seen with mtime 1723326131.9755762
File C:\Users\Fulgrim\AppData\Local\Programs\Python\Python312\Lib\asyncio\__init__.py first seen with mtime 1717714452.0
File C:\Users\Fulgrim\.vscode\extensions\ms-python.debugpy-2024.12.0-win32-x64\bundled\libs\debugpy\_vendored\pydevd\_pydevd_bundle\pydevd_command_line_handling.py first seen with mtime 1729949493.2811868
File C:\Users\Fulgrim\AppData\Local\Programs\Python\Python312\Lib\concurrent\futures\thread.py first seen with mtime 1717714452.0
File C:\Users\Fulgrim\AppData\Local\Programs\Python\Python312\Lib\site-packages\django\core\files\utils.py first seen with mtime 1723326131.8964987
File C:\Users\Fulgrim\AppData\Local\Programs\Python\Python312\Lib\struct.py first seen with mtime 1717714452.0
File C:\Users\Fulgrim\.vscode\extensions\ms-python.debugpy-2024.12.0-win32-x64\bundled\libs\debugpy\_vendored\pydevd\_pydevd_bundle\pydevd_daemon_thread.py first seen with mtime 1729949493.1605675
File C:\Users\Fulgrim\AppData\Local\Programs\Python\Python312\Lib\concurrent\futures\_base.py first seen with mtime 1717714452.0
File C:\Users\Fulgrim\AppData\Local\Programs\Python\Python312\Lib\site-packages\django\contrib\messages\constants.py first seen with mtime 1723326131.4927073
File C:\Users\Fulgrim\AppData\Local\Programs\Python\Python312\Lib\site-packages\django\db\models\functions\datetime.py first seen with mtime 1723326131.9755762
File C:\Users\Fulgrim\AppData\Local\Programs\Python\Python312\Lib\site-packages\django\template\exceptions.py first seen with mtime 1723326132.023344
File C:\Users\Fulgrim\AppData\Local\Programs\Python\Python312\Lib\site-packages\sqlparse\lexer.py first seen with mtime 1723326129.91682
File C:\Users\Fulgrim\AppData\Local\Programs\Python\Python312\Lib\zoneinfo\__init__.py first seen with mtime 1717714452.0
File C:\Users\Fulgrim\AppData\Local\Programs\Python\Python312\Lib\email\mime\message.py first seen with mtime 1717714452.0
File C:\Users\Fulgrim\AppData\Local\Programs\Python\Python312\Lib\site-packages\django\db\models\expressions.py first seen with mtime 1723326131.9595635
File C:\Users\Fulgrim\.vscode\extensions\ms-python.debugpy-2024.12.0-win32-x64\bundled\libs\debugpy\_vendored\pydevd\_pydev_bundle\fsnotify\__init__.py first seen with mtime 1729949493.7608793
File C:\Users\Fulgrim\AppData\Local\Programs\Python\Python312\Lib\collections\abc.py first seen with mtime 1717714452.0
File C:\Users\Fulgrim\AppData\Local\Programs\Python\Python312\Lib\codeop.py first seen with mtime 1717714452.0
File C:\Users\Fulgrim\.vscode\extensions\ms-python.debugpy-2024.12.0-win32-x64\bundled\libs\debugpy\_version.py first seen with mtime 1729949492.5887544
File C:\Users\Fulgrim\AppData\Local\Programs\Python\Python312\Lib\email\quoprimime.py first seen with mtime 1717714452.0
File C:\Users\Fulgrim\AppData\Local\Programs\Python\Python312\Lib\site-packages\django\middleware\cache.py first seen with mtime 1723326132.023344
File C:\Users\Fulgrim\AppData\Local\Programs\Python\Python312\Lib\inspect.py first seen with mtime 1717714452.0
File C:\Users\Fulgrim\.vscode\extensions\ms-python.debugpy-2024.12.0-win32-x64\bundled\libs\debugpy\_vendored\pydevd\_pydevd_bundle\_debug_adapter\pydevd_base_schema.py first seen with mtime 1729949493.8186185
File C:\Users\Fulgrim\AppData\Local\Programs\Python\Python312\Lib\site-packages\django\templatetags\cache.py first seen with mtime 1723326132.03898
File C:\Users\Fulgrim\AppData\Local\Programs\Python\Python312\DLLs\_hashlib.pyd first seen with mtime 1717714502.0
File C:\Users\Fulgrim\AppData\Local\Programs\Python\Python312\Lib\site-packages\django\views\decorators\debug.py first seen with mtime 1723326132.0711086
File C:\Users\Fulgrim\.vscode\extensions\ms-python.debugpy-2024.12.0-win32-x64\bundled\libs\debugpy\_vendored\pydevd\_pydevd_bundle\pydevconsole_code.py first seen with mtime 1729949493.3264399
File C:\Users\Fulgrim\.vscode\extensions\ms-python.debugpy-2024.12.0-win32-x64\bundled\libs\debugpy\_vendored\pydevd\pydevd_plugins\jinja2_debug.py first seen with mtime 1729949493.4652512
File C:\Users\Fulgrim\AppData\Local\Programs\Python\Python312\Lib\sysconfig.py first seen with mtime 1717714452.0
File C:\Users\Fulgrim\AppData\Local\Programs\Python\Python312\Lib\site-packages\django\db\models\fields\__init__.py first seen with mtime 1723326131.9695692
File C:\Users\Fulgrim\AppData\Local\Programs\Python\Python312\Lib\site-packages\django\utils\dateformat.py first seen with mtime 1723326132.0550916
File C:\Users\Fulgrim\AppData\Local\Programs\Python\Python312\Lib\site-packages\sqlparse\utils.py first seen with mtime 1723326129.91682
File C:\Users\Fulgrim\.vscode\extensions\ms-python.debugpy-2024.12.0-win32-x64\bundled\libs\debugpy\_vendored\pydevd\_pydevd_bundle\pydevd_concurrency_analyser\__init__.py first seen with mtime 1729949493.831356
File C:\Users\Fulgrim\AppData\Local\Programs\Python\Python312\Lib\site-packages\django\db\backends\base\operations.py first seen with mtime 1723326131.9282298
File C:\Users\Fulgrim\AppData\Local\Programs\Python\Python312\Lib\site-packages\django\db\migrations\operations\fields.py first seen with mtime 1723326131.9595635
File C:\Users\Fulgrim\.vscode\extensions\ms-python.debugpy-2024.12.0-win32-x64\bundled\libs\debugpy\_vendored\pydevd\_pydevd_bundle\pydevd_breakpoints.py first seen with mtime 1729949493.3121073
File C:\Users\Fulgrim\.vscode\extensions\ms-python.debugpy-2024.12.0-win32-x64\bundled\libs\debugpy\_vendored\pydevd\_pydev_bundle\_pydev_tipper_common.py first seen with mtime 1729949492.7372158
File C:\Users\Fulgrim\AppData\Local\Programs\Python\Python312\Lib\site-packages\django\apps\__init__.py first seen with mtime 1723326130.289361
File C:\Users\Fulgrim\AppData\Local\Programs\Python\Python312\Lib\email\headerregistry.py first seen with mtime 1717714452.0
File C:\Users\Fulgrim\AppData\Local\Programs\Python\Python312\Lib\reprlib.py first seen with mtime 1717714452.0
File C:\Users\Fulgrim\AppData\Local\Programs\Python\Python312\Lib\site-packages\django\views\decorators\csrf.py first seen with mtime 1723326132.0711086
File C:\Users\Fulgrim\AppData\Local\Programs\Python\Python312\Lib\pickle.py first seen with mtime 1717714452.0
File C:\Users\Fulgrim\.vscode\extensions\ms-python.debugpy-2024.12.0-win32-x64\bundled\libs\debugpy\_vendored\pydevd\_pydevd_bundle\pydevd_additional_thread_info_regular.py first seen with mtime 1729949493.319837
File C:\Users\Fulgrim\AppData\Local\Programs\Python\Python312\Lib\site-packages\django\contrib\messages\utils.py first seen with mtime 1723326131.4927073
File C:\Users\Fulgrim\.vscode\extensions\ms-python.debugpy-2024.12.0-win32-x64\bundled\libs\debugpy\_vendored\pydevd\pydevd_plugins\extensions\types\pydevd_helpers.py first seen with mtime 1729949494.0236473
File C:\Users\Fulgrim\AppData\Local\Programs\Python\Python312\Lib\site-packages\django\contrib\staticfiles\checks.py first seen with mtime 1723326131.8748426
File C:\Users\Fulgrim\AppData\Local\Programs\Python\Python312\Lib\site-packages\django\db\models\fields\mixins.py first seen with mtime 1723326131.9695692
File C:\Users\Fulgrim\AppData\Local\Programs\Python\Python312\Lib\site-packages\django\db\models\functions\__init__.py first seen with mtime 1723326131.9755762
File C:\Users\Fulgrim\.vscode\extensions\ms-python.debugpy-2024.12.0-win32-x64\bundled\libs\debugpy\_vendored\pydevd\_pydevd_sys_monitoring\_pydevd_sys_monitoring_cython.cp312-win_amd64.pyd first seen with mtime 1729949492.8369136
File C:\Users\Fulgrim\AppData\Local\Programs\Python\Python312\Lib\site-packages\django\db\migrations\utils.py first seen with mtime 1723326131.9595635
File C:\Users\Fulgrim\AppData\Local\Programs\Python\Python312\Lib\site-packages\django\contrib\sessions\__init__.py first seen with mtime 1723326131.6746955
File C:\Users\Fulgrim\AppData\Local\Programs\Python\Python312\Lib\heapq.py first seen with mtime 1717714452.0
File C:\Users\Fulgrim\AppData\Local\Programs\Python\Python312\Lib\email\mime\text.py first seen with mtime 1717714452.0
File C:\Users\Fulgrim\AppData\Local\Programs\Python\Python312\Lib\json\decoder.py first seen with mtime 1717714452.0
File C:\Users\Fulgrim\.vscode\extensions\ms-python.debugpy-2024.12.0-win32-x64\bundled\libs\debugpy\_vendored\pydevd\_pydevd_frame_eval\pydevd_frame_eval_main.py first seen with mtime 1729949492.8865564
File C:\Users\Fulgrim\AppData\Local\Programs\Python\Python312\Lib\site-packages\django\urls\resolvers.py first seen with mtime 1723326132.0550916
File C:\Users\Fulgrim\AppData\Local\Programs\Python\Python312\Lib\site-packages\sqlparse\engine\__init__.py first seen with mtime 1723326129.91682
File C:\Users\Fulgrim\AppData\Local\Programs\Python\Python312\Lib\site-packages\django\contrib\sites\checks.py first seen with mtime 1723326131.7706008
File C:\Users\Fulgrim\AppData\Local\Programs\Python\Python312\DLLs\_zoneinfo.pyd first seen with mtime 1717714502.0
File C:\Users\Fulgrim\AppData\Local\Programs\Python\Python312\Lib\site-packages\django\templatetags\tz.py first seen with mtime 1723326132.03898
File C:\Users\Fulgrim\AppData\Local\Programs\Python\Python312\Lib\site-packages\django\core\checks\model_checks.py first seen with mtime 1723326131.880859
File C:\Users\Fulgrim\.vscode\extensions\ms-python.debugpy-2024.12.0-win32-x64\bundled\libs\debugpy\_vendored\pydevd\_pydevd_bundle\pydevd_constants.py first seen with mtime 1729949493.2737718
File C:\Users\Fulgrim\.vscode\extensions\ms-python.debugpy-2024.12.0-win32-x64\bundled\libs\debugpy\public_api.py first seen with mtime 1729949492.5941167
File C:\Users\Fulgrim\.vscode\extensions\ms-python.debugpy-2024.12.0-win32-x64\bundled\libs\debugpy\_vendored\pydevd\_pydev_bundle\_pydev_execfile.py first seen with mtime 1729949492.7746072
File C:\Users\Fulgrim\.vscode\extensions\ms-python.debugpy-2024.12.0-win32-x64\bundled\libs\debugpy\_vendored\pydevd\_pydevd_bundle\_debug_adapter\pydevd_schema_log.py first seen with mtime 1729949493.8051834
File C:\Users\Fulgrim\AppData\Local\Programs\Python\Python312\Lib\locale.py first seen with mtime 1717714452.0
File C:\Users\Fulgrim\AppData\Local\Programs\Python\Python312\Lib\site-packages\django\db\migrations\operations\special.py first seen with mtime 1723326131.9595635
File C:\Users\Fulgrim\AppData\Local\Programs\Python\Python312\Lib\site-packages\django\utils\datastructures.py first seen with mtime 1723326132.0550916
File C:\Users\Fulgrim\AppData\Local\Programs\Python\Python312\Lib\site-packages\django\utils\log.py first seen with mtime 1723326132.065099
File C:\Users\Fulgrim\AppData\Local\Programs\Python\Python312\Lib\importlib\machinery.py first seen with mtime 1717714452.0
File C:\Users\Fulgrim\AppData\Local\Programs\Python\Python312\Lib\site-packages\django\contrib\contenttypes\management\__init__.py first seen with mtime 1723326131.115759
File C:\Users\Fulgrim\AppData\Local\Programs\Python\Python312\Lib\site-packages\django\db\models\options.py first seen with mtime 1723326131.9695692
File C:\Users\Fulgrim\.vscode\extensions\ms-python.debugpy-2024.12.0-win32-x64\bundled\libs\debugpy\_vendored\pydevd\_pydev_bundle\_pydev_saved_modules.py first seen with mtime 1729949492.7526262
File C:\Users\Fulgrim\AppData\Local\Programs\Python\Python312\Lib\site-packages\django\contrib\auth\decorators.py first seen with mtime 1723326130.9131744
File C:\Users\Fulgrim\AppData\Local\Programs\Python\Python312\Lib\site-packages\django\utils\autoreload.py first seen with mtime 1723326132.0550916
File C:\Users\Fulgrim\AppData\Local\Programs\Python\Python312\Lib\email\utils.py first seen with mtime 1717714452.0
File C:\Users\Fulgrim\AppData\Local\Programs\Python\Python312\Lib\site-packages\django\core\files\temp.py first seen with mtime 1723326131.8964987
File C:\Users\Fulgrim\AppData\Local\Programs\Python\Python312\DLLs\_lzma.pyd first seen with mtime 1717714502.0
File C:\Users\Fulgrim\AppData\Local\Programs\Python\Python312\Lib\site-packages\django\utils\safestring.py first seen with mtime 1723326132.065099
File C:\Users\Fulgrim\AppData\Local\Programs\Python\Python312\Lib\decimal.py first seen with mtime 1717714452.0
File C:\Users\Fulgrim\AppData\Local\Programs\Python\Python312\Lib\site-packages\sqlparse\engine\statement_splitter.py first seen with mtime 1723326129.91682
File C:\Users\Fulgrim\AppData\Local\Programs\Python\Python312\Lib\site-packages\sqlparse\filters\__init__.py first seen with mtime 1723326129.91682
File C:\Users\Fulgrim\AppData\Local\Programs\Python\Python312\Lib\ast.py first seen with mtime 1717714452.0
File C:\Users\Fulgrim\AppData\Local\Programs\Python\Python312\Lib\site-packages\django\views\decorators\common.py first seen with mtime 1723326132.0711086
File C:\Users\Fulgrim\AppData\Local\Programs\Python\Python312\Lib\pydoc.py first seen with mtime 1717714452.0
File C:\Users\Fulgrim\AppData\Local\Programs\Python\Python312\Lib\site-packages\django\utils\timezone.py first seen with mtime 1723326132.0711086
File C:\Users\Fulgrim\AppData\Local\Programs\Python\Python312\Lib\socket.py first seen with mtime 1717714452.0
File C:\Users\Fulgrim\AppData\Local\Programs\Python\Python312\Lib\site-packages\sqlparse\filters\reindent.py first seen with mtime 1723326129.91682
File C:\Users\Fulgrim\.vscode\extensions\ms-python.debugpy-2024.12.0-win32-x64\bundled\libs\debugpy\_vendored\pydevd\_pydevd_frame_eval\vendored\bytecode\cfg.py first seen with mtime 1729949494.008777
File C:\Users\Fulgrim\AppData\Local\Programs\Python\Python312\Lib\concurrent\futures\__init__.py first seen with mtime 1717714452.0
File C:\Users\Fulgrim\AppData\Local\Programs\Python\Python312\Lib\site-packages\django\templatetags\l10n.py first seen with mtime 1723326132.03898
File C:\Users\Fulgrim\.vscode\extensions\ms-python.debugpy-2024.12.0-win32-x64\bundled\libs\debugpy\_vendored\pydevd\pydevd_plugins\__init__.py first seen with mtime 1729949493.4590905
File C:\Users\Fulgrim\AppData\Local\Programs\Python\Python312\Lib\hashlib.py first seen with mtime 1717714452.0
File C:\Users\Fulgrim\AppData\Local\Programs\Python\Python312\Lib\site-packages\django\utils\connection.py first seen with mtime 1723326132.0550916
File C:\Users\Fulgrim\AppData\Local\Programs\Python\Python312\Lib\site-packages\django\forms\utils.py first seen with mtime 1723326131.9755762
File C:\Users\Fulgrim\AppData\Local\Programs\Python\Python312\DLLs\_uuid.pyd first seen with mtime 1717714502.0
File C:\Users\Fulgrim\AppData\Local\Programs\Python\Python312\Lib\site-packages\django\template\backends\django.py first seen with mtime 1723326132.03898
File C:\Users\Fulgrim\.vscode\extensions\ms-python.debugpy-2024.12.0-win32-x64\bundled\libs\debugpy\_vendored\pydevd\pydevd_plugins\extensions\__init__.py first seen with mtime 1729949493.8399878
File C:\Users\Fulgrim\AppData\Local\Programs\Python\Python312\Lib\site-packages\django\apps\registry.py first seen with mtime 1723326130.289361
File C:\Users\Fulgrim\.vscode\extensions\ms-python.debugpy-2024.12.0-win32-x64\bundled\libs\debugpy\_vendored\pydevd\_pydevd_bundle\pydevd_console.py first seen with mtime 1729949493.2752764
File C:\Users\Fulgrim\AppData\Local\Programs\Python\Python312\Lib\site-packages\django\utils\timesince.py first seen with mtime 1723326132.0711086
File C:\Users\Fulgrim\AppData\Local\Programs\Python\Python312\Lib\site-packages\django\contrib\admin\widgets.py first seen with mtime 1723326130.4784036
File C:\Users\Fulgrim\.vscode\extensions\ms-python.debugpy-2024.12.0-win32-x64\bundled\libs\debugpy\_vendored\pydevd\_pydevd_bundle\pydevd_json_debug_options.py first seen with mtime 1729949493.0969841
File C:\Users\Fulgrim\.vscode\extensions\ms-python.debugpy-2024.12.0-win32-x64\bundled\libs\debugpy\_vendored\pydevd\_pydevd_bundle\pydevd_frame_utils.py first seen with mtime 1729949493.1154206
File C:\Users\Fulgrim\AppData\Local\Programs\Python\Python312\Lib\asyncio\threads.py first seen with mtime 1717714452.0
File C:\Users\Fulgrim\AppData\Local\Programs\Python\Python312\Lib\asyncio\log.py first seen with mtime 1717714452.0
File C:\Users\Fulgrim\AppData\Local\Programs\Python\Python312\Lib\site-packages\django\core\checks\registry.py first seen with mtime 1723326131.880859
File C:\Users\Fulgrim\AppData\Local\Programs\Python\Python312\Lib\site-packages\django\http\__init__.py first seen with mtime 1723326132.023344
File C:\Users\Fulgrim\AppData\Local\Programs\Python\Python312\Lib\site-packages\django\views\decorators\cache.py first seen with mtime 1723326132.0711086
File C:\Users\Fulgrim\AppData\Local\Programs\Python\Python312\Lib\site-packages\django\db\models\fields\files.py first seen with mtime 1723326131.9695692
File C:\Users\Fulgrim\AppData\Local\Programs\Python\Python312\Lib\json\scanner.py first seen with mtime 1717714452.0
File C:\Users\Fulgrim\AppData\Local\Programs\Python\Python312\Lib\site-packages\django\contrib\messages\storage\__init__.py first seen with mtime 1723326131.4927073
File C:\Users\Fulgrim\AppData\Local\Programs\Python\Python312\Lib\bz2.py first seen with mtime 1717714452.0
File C:\Users\Fulgrim\AppData\Local\Programs\Python\Python312\Lib\queue.py first seen with mtime 1717714452.0
File C:\Users\Fulgrim\AppData\Local\Programs\Python\Python312\Lib\site-packages\django\conf\locale\__init__.py first seen with mtime 1723326130.289361
File C:\Users\Fulgrim\AppData\Local\Programs\Python\Python312\Lib\site-packages\sqlparse\filters\tokens.py first seen with mtime 1723326129.91682
File C:\Users\Fulgrim\AppData\Local\Programs\Python\Python312\Lib\asyncio\windows_events.py first seen with mtime 1717714452.0
File C:\Users\Fulgrim\AppData\Local\Programs\Python\Python312\Lib\site-packages\django\views\i18n.py first seen with mtime 1723326132.0711086
File C:\Users\Fulgrim\.vscode\extensions\ms-python.debugpy-2024.12.0-win32-x64\bundled\libs\debugpy\_vendored\pydevd\_pydevd_bundle\pydevd_cython_wrapper.py first seen with mtime 1729949493.1627457
File C:\Users\Fulgrim\AppData\Local\Programs\Python\Python312\Lib\site-packages\django\db\models\base.py first seen with mtime 1723326131.9595635
File C:\Users\Fulgrim\AppData\Local\Programs\Python\Python312\Lib\site-packages\django\core\cache\backends\base.py first seen with mtime 1723326131.880859
File C:\Users\Fulgrim\AppData\Local\Programs\Python\Python312\Lib\site-packages\django\core\cache\backends\filebased.py first seen with mtime 1723326131.880859
File C:\Users\Fulgrim\AppData\Local\Programs\Python\Python312\Lib\site-packages\django\contrib\admin\options.py first seen with mtime 1723326130.4723978
File C:\Users\Fulgrim\AppData\Local\Programs\Python\Python312\Lib\ctypes\wintypes.py first seen with mtime 1717714452.0
File C:\Users\Fulgrim\AppData\Local\Programs\Python\Python312\Lib\site-packages\django\template\base.py first seen with mtime 1723326132.023344
File C:\Users\Fulgrim\AppData\Local\Programs\Python\Python312\Lib\site-packages\django\core\servers\__init__.py first seen with mtime 1723326131.9282298
File C:\Users\Fulgrim\AppData\Local\Programs\Python\Python312\Lib\asyncio\streams.py first seen with mtime 1717714452.0
File C:\Users\Fulgrim\AppData\Local\Programs\Python\Python312\Lib\site-packages\django\contrib\admin\helpers.py first seen with mtime 1723326130.4723978
File C:\Users\Fulgrim\AppData\Local\Programs\Python\Python312\Lib\token.py first seen with mtime 1717714452.0
File C:\Users\Fulgrim\AppData\Local\Programs\Python\Python312\Lib\stat.py first seen with mtime 1717714452.0
File C:\Users\Fulgrim\AppData\Local\Programs\Python\Python312\Lib\site-packages\django\core\checks\security\base.py first seen with mtime 1723326131.8964987
File C:\Users\Fulgrim\AppData\Local\Programs\Python\Python312\Lib\site-packages\django\utils\http.py first seen with mtime 1723326132.065099
File C:\Users\Fulgrim\AppData\Local\Programs\Python\Python312\Lib\asyncio\locks.py first seen with mtime 1717714452.0
File C:\Users\Fulgrim\AppData\Local\Programs\Python\Python312\Lib\html\parser.py first seen with mtime 1717714452.0
File C:\Users\Fulgrim\AppData\Local\Programs\Python\Python312\Lib\contextlib.py first seen with mtime 1717714452.0
File C:\Users\Fulgrim\AppData\Local\Programs\Python\Python312\Lib\argparse.py first seen with mtime 1717714452.0
File C:\Users\Fulgrim\AppData\Local\Programs\Python\Python312\Lib\site-packages\django\utils\dateparse.py first seen with mtime 1723326132.0550916
File C:\Users\Fulgrim\AppData\Local\Programs\Python\Python312\Lib\asyncio\base_futures.py first seen with mtime 1717714452.0
File C:\Users\Fulgrim\AppData\Local\Programs\Python\Python312\Lib\site-packages\django\core\files\storage\memory.py first seen with mtime 1723326131.8964987
File C:\Users\Fulgrim\AppData\Local\Programs\Python\Python312\Lib\site-packages\django\utils\translation\__init__.py first seen with mtime 1723326132.0711086
File C:\Users\Fulgrim\AppData\Local\Programs\Python\Python312\Lib\site-packages\django\contrib\admin\apps.py first seen with mtime 1723326130.4723978
File C:\Users\Fulgrim\AppData\Local\Programs\Python\Python312\Lib\asyncio\taskgroups.py first seen with mtime 1717714452.0
File C:\Users\Fulgrim\AppData\Local\Programs\Python\Python312\Lib\site-packages\django\core\checks\compatibility\django_4_0.py first seen with mtime 1723326131.8964987
File C:\Users\Fulgrim\AppData\Local\Programs\Python\Python312\Lib\email\base64mime.py first seen with mtime 1717714452.0
File C:\Users\Fulgrim\AppData\Local\Programs\Python\Python312\Lib\site-packages\django\forms\__init__.py first seen with mtime 1723326131.9755762
File C:\Users\Fulgrim\AppData\Local\Programs\Python\Python312\Lib\site-packages\django\core\management\color.py first seen with mtime 1723326131.912207
File C:\Users\Fulgrim\AppData\Local\Programs\Python\Python312\Lib\site-packages\django\core\handlers\exception.py first seen with mtime 1723326131.8964987
File C:\Users\Fulgrim\AppData\Local\Programs\Python\Python312\DLLs\_decimal.pyd first seen with mtime 1717714502.0
File C:\Users\Fulgrim\AppData\Local\Programs\Python\Python312\DLLs\unicodedata.pyd first seen with mtime 1717714502.0
File C:\Users\Fulgrim\AppData\Local\Programs\Python\Python312\Lib\base64.py first seen with mtime 1717714452.0
File C:\Users\Fulgrim\AppData\Local\Programs\Python\Python312\Lib\site-packages\django\forms\widgets.py first seen with mtime 1723326131.9755762
File C:\Users\Fulgrim\AppData\Local\Programs\Python\Python312\Lib\site-packages\django\template\loaders\base.py first seen with mtime 1723326132.03898
File C:\Users\Fulgrim\AppData\Local\Programs\Python\Python312\Lib\email\generator.py first seen with mtime 1717714452.0
File C:\Users\Fulgrim\AppData\Local\Programs\Python\Python312\Lib\gettext.py first seen with mtime 1717714452.0
File C:\Users\Fulgrim\AppData\Local\Programs\Python\Python312\Lib\selectors.py first seen with mtime 1717714452.0
File C:\Users\Fulgrim\AppData\Local\Programs\Python\Python312\DLLs\_asyncio.pyd first seen with mtime 1717714502.0
File C:\Users\Fulgrim\AppData\Local\Programs\Python\Python312\Lib\http\cookies.py first seen with mtime 1717714452.0
File C:\Users\Fulgrim\AppData\Local\Programs\Python\Python312\Lib\re\_parser.py first seen with mtime 1717714452.0
File C:\Users\Fulgrim\AppData\Local\Programs\Python\Python312\Lib\site-packages\django\db\models\utils.py first seen with mtime 1723326131.9695692
File C:\Users\Fulgrim\AppData\Local\Programs\Python\Python312\Lib\importlib\__init__.py first seen with mtime 1717714452.0
File C:\Users\Fulgrim\AppData\Local\Programs\Python\Python312\Lib\bisect.py first seen with mtime 1717714452.0
File C:\Users\Fulgrim\AppData\Local\Programs\Python\Python312\Lib\site-packages\django\db\models\deletion.py first seen with mtime 1723326131.9595635
File C:\Users\Fulgrim\AppData\Local\Programs\Python\Python312\Lib\site-packages\django\templatetags\__init__.py first seen with mtime 1723326132.03898
File C:\Users\Fulgrim\AppData\Local\Programs\Python\Python312\Lib\logging\handlers.py first seen with mtime 1717714452.0
File C:\Users\Fulgrim\AppData\Local\Programs\Python\Python312\Lib\copyreg.py first seen with mtime 1717714452.0
File C:\Users\Fulgrim\AppData\Local\Programs\Python\Python312\Lib\io.py first seen with mtime 1717714452.0
File C:\Users\Fulgrim\AppData\Local\Programs\Python\Python312\Lib\site-packages\django\template\loaders\app_directories.py first seen with mtime 1723326132.03898
File C:\Users\Fulgrim\AppData\Local\Programs\Python\Python312\Lib\dataclasses.py first seen with mtime 1717714452.0
File C:\Users\Fulgrim\AppData\Local\Programs\Python\Python312\Lib\site-packages\django\core\management\commands\runserver.py first seen with mtime 1723326131.9222176
File C:\Users\Fulgrim\AppData\Local\Programs\Python\Python312\Lib\site-packages\django\contrib\auth\checks.py first seen with mtime 1723326130.8974733
File C:\Users\Fulgrim\AppData\Local\Programs\Python\Python312\Lib\asyncio\protocols.py first seen with mtime 1717714452.0
File C:\Users\Fulgrim\AppData\Local\Programs\Python\Python312\Lib\site-packages\django\db\models\fields\generated.py first seen with mtime 1723326131.9695692
File C:\Users\Fulgrim\AppData\Local\Programs\Python\Python312\Lib\site-packages\django\core\management\__init__.py first seen with mtime 1723326131.912207
File C:\Users\Fulgrim\AppData\Local\Programs\Python\Python312\Lib\site-packages\django\template\defaultfilters.py first seen with mtime 1723326132.023344
File C:\Users\Fulgrim\AppData\Local\Programs\Python\Python312\Lib\site-packages\sqlparse\keywords.py first seen with mtime 1723326129.91682
File C:\Users\Fulgrim\AppData\Local\Programs\Python\Python312\Lib\site-packages\django\db\models\functions\text.py first seen with mtime 1723326131.9755762
File C:\Users\Fulgrim\AppData\Local\Programs\Python\Python312\Lib\site-packages\django\template\loader_tags.py first seen with mtime 1723326132.023344
File C:\Users\Fulgrim\AppData\Local\Programs\Python\Python312\Lib\site-packages\django\db\models\constraints.py first seen with mtime 1723326131.9595635
File C:\Users\Fulgrim\AppData\Local\Programs\Python\Python312\Lib\asyncio\timeouts.py first seen with mtime 1717714452.0
File C:\Users\Fulgrim\AppData\Local\Programs\Python\Python312\Lib\site-packages\django\contrib\contenttypes\__init__.py first seen with mtime 1723326131.023843
File C:\Users\Fulgrim\AppData\Local\Programs\Python\Python312\Lib\wsgiref\handlers.py first seen with mtime 1717714452.0
File C:\Users\Fulgrim\.vscode\extensions\ms-python.debugpy-2024.12.0-win32-x64\bundled\libs\debugpy\_vendored\pydevd\_pydevd_frame_eval\vendored\__init__.py first seen with mtime 1729949493.763336
File C:\Users\Fulgrim\AppData\Local\Programs\Python\Python312\Lib\site-packages\django\db\__init__.py first seen with mtime 1723326131.9282298
File C:\Users\Fulgrim\AppData\Local\Programs\Python\Python312\Lib\pkgutil.py first seen with mtime 1717714452.0
File C:\Users\Fulgrim\AppData\Local\Programs\Python\Python312\Lib\xmlrpc\client.py first seen with mtime 1717714452.0
File C:\Users\Fulgrim\AppData\Local\Programs\Python\Python312\Lib\re\_casefix.py first seen with mtime 1717714452.0
File C:\Users\Fulgrim\AppData\Local\Programs\Python\Python312\Lib\http\server.py first seen with mtime 1717714452.0
File C:\Users\Fulgrim\.vscode\extensions\ms-python.debugpy-2024.12.0-win32-x64\bundled\libs\debugpy\_vendored\pydevd\pydevd_plugins\extensions\types\__init__.py first seen with mtime 1729949494.0127976
File C:\Users\Fulgrim\AppData\Local\Programs\Python\Python312\Lib\site-packages\django\contrib\admin\views\autocomplete.py first seen with mtime 1723326130.7712703
File C:\Users\Fulgrim\AppData\Local\Programs\Python\Python312\Lib\random.py first seen with mtime 1717714452.0
File C:\Users\Fulgrim\.vscode\extensions\ms-python.debugpy-2024.12.0-win32-x64\bundled\libs\debugpy\_vendored\pydevd\_pydevd_bundle\pydevd_exec2.py first seen with mtime 1729949493.14357
File C:\Users\Fulgrim\AppData\Local\Programs\Python\Python312\DLLs\_queue.pyd first seen with mtime 1717714502.0
File C:\Users\Fulgrim\AppData\Local\Programs\Python\Python312\Lib\site-packages\django\urls\utils.py first seen with mtime 1723326132.0550916
File C:\Users\Fulgrim\.vscode\extensions\ms-python.debugpy-2024.12.0-win32-x64\bundled\libs\debugpy\_vendored\pydevd\pydev_ipython\matplotlibtools.py first seen with mtime 1729949493.4155338
File C:\Users\Fulgrim\AppData\Local\Programs\Python\Python312\Lib\site-packages\django\template\loaders\__init__.py first seen with mtime 1723326132.03898
File C:\Users\Fulgrim\AppData\Local\Programs\Python\Python312\Lib\site-packages\django\contrib\sites\management.py first seen with mtime 1723326131.7706008
File C:\Users\Fulgrim\.vscode\extensions\ms-python.debugpy-2024.12.0-win32-x64\bundled\libs\debugpy\_vendored\pydevd\_pydev_bundle\_pydev_completer.py first seen with mtime 1729949492.7782845
File C:\Users\Fulgrim\AppData\Local\Programs\Python\Python312\Lib\site-packages\django\forms\formsets.py first seen with mtime 1723326131.9755762
File C:\Users\Fulgrim\AppData\Local\Programs\Python\Python312\Lib\site-packages\django\db\models\functions\window.py first seen with mtime 1723326131.9755762
File C:\Users\Fulgrim\AppData\Local\Programs\Python\Python312\Lib\zoneinfo\_common.py first seen with mtime 1717714452.0
File C:\Users\Fulgrim\.vscode\extensions\ms-python.debugpy-2024.12.0-win32-x64\bundled\libs\debugpy\_vendored\pydevd\_pydevd_bundle\pydevd_dont_trace.py first seen with mtime 1729949493.1519995
File C:\Users\Fulgrim\AppData\Local\Programs\Python\Python312\Lib\textwrap.py first seen with mtime 1717714452.0
File C:\Users\Fulgrim\AppData\Local\Programs\Python\Python312\Lib\site-packages\django\db\models\query.py first seen with mtime 1723326131.9695692
File C:\Users\Fulgrim\AppData\Local\Programs\Python\Python312\Lib\site-packages\django\utils\text.py first seen with mtime 1723326132.0711086
File C:\Users\Fulgrim\AppData\Local\Programs\Python\Python312\Lib\site-packages\django\template\loaders\filesystem.py first seen with mtime 1723326132.03898
File C:\Users\Fulgrim\AppData\Local\Programs\Python\Python312\Lib\abc.py first seen with mtime 1717714452.0
File C:\Users\Fulgrim\AppData\Local\Programs\Python\Python312\Lib\site-packages\django\urls\conf.py first seen with mtime 1723326132.04899
File C:\Users\Fulgrim\AppData\Local\Programs\Python\Python312\Lib\site-packages\django\urls\converters.py first seen with mtime 1723326132.04899
File C:\Users\Fulgrim\AppData\Local\Programs\Python\Python312\Lib\graphlib.py first seen with mtime 1717714452.0
File C:\Users\Fulgrim\.vscode\extensions\ms-python.debugpy-2024.12.0-win32-x64\bundled\libs\debugpy\_vendored\pydevd\pydevconsole.py first seen with mtime 1729949492.7009056
File C:\Users\Fulgrim\AppData\Local\Programs\Python\Python312\Lib\site-packages\django\contrib\auth\__init__.py first seen with mtime 1723326130.8974733
File C:\Users\Fulgrim\.vscode\extensions\ms-python.debugpy-2024.12.0-win32-x64\bundled\libs\debugpy\_vendored\pydevd\_pydev_bundle\pydev_override.py first seen with mtime 1729949492.792115
File C:\Users\Fulgrim\AppData\Local\Programs\Python\Python312\Lib\site-packages\django\db\migrations\migration.py first seen with mtime 1723326131.9438665
File C:\Users\Fulgrim\AppData\Local\Programs\Python\Python312\Lib\site-packages\django\views\generic\edit.py first seen with mtime 1723326132.0711086
File C:\Users\Fulgrim\AppData\Local\Programs\Python\Python312\Lib\email\feedparser.py first seen with mtime 1717714452.0
File C:\Users\Fulgrim\AppData\Local\Programs\Python\Python312\Lib\site-packages\django\db\models\fields\related_descriptors.py first seen with mtime 1723326131.9755762
File C:\Users\Fulgrim\.vscode\extensions\ms-python.debugpy-2024.12.0-win32-x64\bundled\libs\debugpy\_vendored\pydevd\_pydevd_bundle\pydevd_concurrency_analyser\pydevd_concurrency_logger.py first seen with mtime 1729949493.8379045
File C:\xampp\htdocs\AVITech\Prueba5\SGC\AppBack\__init__.py first seen with mtime 1722984829.2325146
File C:\Users\Fulgrim\AppData\Local\Programs\Python\Python312\Lib\site-packages\django\db\models\__init__.py first seen with mtime 1723326131.9595635
File C:\Users\Fulgrim\AppData\Local\Programs\Python\Python312\Lib\site-packages\django\core\mail\__init__.py first seen with mtime 1723326131.8964987
File C:\Users\Fulgrim\.vscode\extensions\ms-python.debugpy-2024.12.0-win32-x64\bundled\libs\debugpy\_vendored\pydevd\_pydevd_sys_monitoring\pydevd_sys_monitoring.py first seen with mtime 1729949492.868869
File C:\Users\Fulgrim\.vscode\extensions\ms-python.debugpy-2024.12.0-win32-x64\bundled\libs\debugpy\_vendored\pydevd\_pydev_bundle\_pydev_filesystem_encoding.py first seen with mtime 1729949492.7711198
File C:\Users\Fulgrim\.vscode\extensions\ms-python.debugpy-2024.12.0-win32-x64\bundled\libs\debugpy\_vendored\pydevd\_pydevd_bundle\pydevd_dont_trace_files.py first seen with mtime 1729949493.1460335
File C:\Users\Fulgrim\AppData\Local\Programs\Python\Python312\Lib\json\__init__.py first seen with mtime 1717714452.0
File C:\Users\Fulgrim\.vscode\extensions\ms-python.debugpy-2024.12.0-win32-x64\bundled\libs\debugpy\_vendored\pydevd\_pydev_bundle\pydev_is_thread_alive.py first seen with mtime 1729949492.8082685
File C:\Users\Fulgrim\.vscode\extensions\ms-python.debugpy-2024.12.0-win32-x64\bundled\libs\debugpy\_vendored\pydevd\_pydevd_bundle\pydevd_concurrency_analyser\pydevd_thread_wrappers.py first seen with mtime 1729949493.8340857
File C:\Users\Fulgrim\AppData\Local\Programs\Python\Python312\Lib\secrets.py first seen with mtime 1717714452.0
File C:\Users\Fulgrim\AppData\Local\Programs\Python\Python312\Lib\hmac.py first seen with mtime 1717714452.0
File C:\Users\Fulgrim\AppData\Local\Programs\Python\Python312\Lib\asyncio\constants.py first seen with mtime 1717714452.0
File C:\Users\Fulgrim\AppData\Local\Programs\Python\Python312\Lib\site-packages\django\core\files\storage\filesystem.py first seen with mtime 1723326131.8964987
File C:\Users\Fulgrim\AppData\Local\Programs\Python\Python312\Lib\site-packages\django\template\__init__.py first seen with mtime 1723326132.023344
File C:\Users\Fulgrim\AppData\Local\Programs\Python\Python312\Lib\numbers.py first seen with mtime 1717714452.0
File C:\Users\Fulgrim\AppData\Local\Programs\Python\Python312\Lib\stringprep.py first seen with mtime 1717714452.0
File C:\Users\Fulgrim\AppData\Local\Programs\Python\Python312\Lib\asyncio\tasks.py first seen with mtime 1717714452.0
File C:\Users\Fulgrim\AppData\Local\Programs\Python\Python312\Lib\site-packages\django\core\files\storage\base.py first seen with mtime 1723326131.8964987
File C:\Users\Fulgrim\AppData\Local\Programs\Python\Python312\Lib\genericpath.py first seen with mtime 1717714452.0
File C:\Users\Fulgrim\AppData\Local\Programs\Python\Python312\Lib\_markupbase.py first seen with mtime 1717714452.0
File C:\Users\Fulgrim\AppData\Local\Programs\Python\Python312\DLLs\_wmi.pyd first seen with mtime 1717714502.0
File C:\Users\Fulgrim\AppData\Local\Programs\Python\Python312\Lib\site-packages\sqlparse\tokens.py first seen with mtime 1723326129.91682
File C:\Users\Fulgrim\AppData\Local\Programs\Python\Python312\Lib\site-packages\django\forms\renderers.py first seen with mtime 1723326131.9755762
File C:\Users\Fulgrim\.vscode\extensions\ms-python.debugpy-2024.12.0-win32-x64\bundled\libs\debugpy\_vendored\pydevd\_pydevd_bundle\__init__.py first seen with mtime 1729949492.9313884
File C:\Users\Fulgrim\AppData\Local\Programs\Python\Python312\Lib\site-packages\django\utils\duration.py first seen with mtime 1723326132.0550916
File C:\Users\Fulgrim\.vscode\extensions\ms-python.debugpy-2024.12.0-win32-x64\bundled\libs\debugpy\_vendored\pydevd\pydevd_file_utils.py first seen with mtime 1729949492.6945224
File C:\Users\Fulgrim\AppData\Local\Programs\Python\Python312\Lib\site-packages\django\utils\lorem_ipsum.py first seen with mtime 1723326132.065099
File C:\Users\Fulgrim\AppData\Local\Programs\Python\Python312\Lib\site-packages\django\core\files\uploadhandler.py first seen with mtime 1723326131.8964987
File C:\Users\Fulgrim\AppData\Local\Programs\Python\Python312\Lib\ntpath.py first seen with mtime 1717714452.0
File C:\Users\Fulgrim\AppData\Local\Programs\Python\Python312\Lib\site-packages\django\contrib\admin\sites.py first seen with mtime 1723326130.4784036
File C:\Users\Fulgrim\.vscode\extensions\ms-python.debugpy-2024.12.0-win32-x64\bundled\libs\debugpy\_vendored\pydevd\_pydevd_bundle\pydevd_safe_repr.py first seen with mtime 1729949493.0120406
File C:\Users\Fulgrim\AppData\Local\Programs\Python\Python312\Lib\site-packages\django\core\wsgi.py first seen with mtime 1723326131.880859
File C:\Users\Fulgrim\AppData\Local\Programs\Python\Python312\Lib\site-packages\django\core\checks\translation.py first seen with mtime 1723326131.8964987
File C:\Users\Fulgrim\AppData\Local\Programs\Python\Python312\Lib\email\encoders.py first seen with mtime 1717714452.0
File C:\Users\Fulgrim\.vscode\extensions\ms-python.debugpy-2024.12.0-win32-x64\bundled\libs\debugpy\_vendored\pydevd\pydev_ipython\__init__.py first seen with mtime 1729949493.3341117
File C:\Users\Fulgrim\AppData\Local\Programs\Python\Python312\Lib\asyncio\runners.py first seen with mtime 1717714452.0
File C:\Users\Fulgrim\.vscode\extensions\ms-python.debugpy-2024.12.0-win32-x64\bundled\libs\debugpy\_vendored\pydevd\_pydevd_bundle\pydevd_process_net_command.py first seen with mtime 1729949493.0482569
File C:\Users\Fulgrim\AppData\Local\Programs\Python\Python312\Lib\site-packages\django\contrib\admin\checks.py first seen with mtime 1723326130.4723978
File C:\Users\Fulgrim\AppData\Local\Programs\Python\Python312\Lib\site-packages\django\views\generic\dates.py first seen with mtime 1723326132.0711086
File C:\Users\Fulgrim\AppData\Local\Programs\Python\Python312\Lib\html\__init__.py first seen with mtime 1717714452.0
File C:\Users\Fulgrim\AppData\Local\Programs\Python\Python312\Lib\socketserver.py first seen with mtime 1717714452.0
File C:\Users\Fulgrim\AppData\Local\Programs\Python\Python312\Lib\gzip.py first seen with mtime 1717714452.0
File C:\Users\Fulgrim\AppData\Local\Programs\Python\Python312\Lib\site-packages\django\utils\module_loading.py first seen with mtime 1723326132.065099
File C:\Users\Fulgrim\.vscode\extensions\ms-python.debugpy-2024.12.0-win32-x64\bundled\libs\debugpy\_vendored\pydevd\_pydevd_bundle\pydevd_api.py first seen with mtime 1729949493.3168142
File C:\Users\Fulgrim\.vscode\extensions\ms-python.debugpy-2024.12.0-win32-x64\bundled\libs\debugpy\_vendored\pydevd\_pydevd_bundle\pydevd_plugin_utils.py first seen with mtime 1729949493.0599725
File C:\Users\Fulgrim\AppData\Local\Programs\Python\Python312\Lib\asyncio\events.py first seen with mtime 1717714452.0
File C:\Users\Fulgrim\AppData\Local\Programs\Python\Python312\Lib\site-packages\django\core\servers\basehttp.py first seen with mtime 1723326131.9282298
File C:\Users\Fulgrim\AppData\Local\Programs\Python\Python312\Lib\site-packages\django\db\models\sql\where.py first seen with mtime 1723326131.9755762
File C:\Users\Fulgrim\AppData\Local\Programs\Python\Python312\Lib\site-packages\django\urls\__init__.py first seen with mtime 1723326132.04899
File C:\Users\Fulgrim\AppData\Local\Programs\Python\Python312\Lib\site-packages\django\contrib\admin\templatetags\admin_urls.py first seen with mtime 1723326130.7712703
File C:\Users\Fulgrim\AppData\Local\Programs\Python\Python312\Lib\site-packages\django\utils\dates.py first seen with mtime 1723326132.0550916
File C:\Users\Fulgrim\AppData\Local\Programs\Python\Python312\Lib\site-packages\django\template\library.py first seen with mtime 1723326132.023344
File C:\Users\Fulgrim\AppData\Local\Programs\Python\Python312\Lib\site-packages\django\urls\exceptions.py first seen with mtime 1723326132.0550916
File C:\Users\Fulgrim\AppData\Local\Programs\Python\Python312\Lib\site-packages\django\db\migrations\exceptions.py first seen with mtime 1723326131.9438665
File C:\Users\Fulgrim\AppData\Local\Programs\Python\Python312\Lib\xml\parsers\__init__.py first seen with mtime 1717714452.0
File C:\Users\Fulgrim\AppData\Local\Programs\Python\Python312\Lib\site-packages\sqlparse\__init__.py first seen with mtime 1723326129.910815
File C:\Users\Fulgrim\AppData\Local\Programs\Python\Python312\Lib\urllib\parse.py first seen with mtime 1717714452.0
File C:\Users\Fulgrim\.vscode\extensions\ms-python.debugpy-2024.12.0-win32-x64\bundled\libs\debugpy\_vendored\pydevd\_pydevd_bundle\pydevd_collect_bytecode_info.py first seen with mtime 1729949493.2942033
File C:\Users\Fulgrim\AppData\Local\Programs\Python\Python312\Lib\site-packages\django\contrib\admin\filters.py first seen with mtime 1723326130.4723978
File C:\Users\Fulgrim\.vscode\extensions\ms-python.debugpy-2024.12.0-win32-x64\bundled\libs\debugpy\_vendored\pydevd\_pydev_bundle\pydev_console_utils.py first seen with mtime 1729949492.8223073
File C:\Users\Fulgrim\AppData\Local\Programs\Python\Python312\Lib\site-packages\django\conf\__init__.py first seen with mtime 1723326130.289361
File C:\Users\Fulgrim\.vscode\extensions\ms-python.debugpy-2024.12.0-win32-x64\bundled\libs\debugpy\_vendored\pydevd\_pydev_bundle\__init__.py first seen with mtime 1729949492.7340631
File C:\Users\Fulgrim\AppData\Local\Programs\Python\Python312\Lib\asyncio\futures.py first seen with mtime 1717714452.0
File C:\Users\Fulgrim\AppData\Local\Programs\Python\Python312\Lib\site-packages\django\core\signals.py first seen with mtime 1723326131.880859
File C:\Users\Fulgrim\AppData\Local\Programs\Python\Python312\Lib\site-packages\django\db\models\fields\related.py first seen with mtime 1723326131.9695692
File C:\Users\Fulgrim\AppData\Local\Programs\Python\Python312\Lib\_sitebuiltins.py first seen with mtime 1717714452.0
File C:\Users\Fulgrim\AppData\Local\Programs\Python\Python312\Lib\importlib\_abc.py first seen with mtime 1717714452.0
File C:\Users\Fulgrim\AppData\Local\Programs\Python\Python312\Lib\email\contentmanager.py first seen with mtime 1717714452.0
File C:\Users\Fulgrim\AppData\Local\Programs\Python\Python312\Lib\site-packages\django\forms\boundfield.py first seen with mtime 1723326131.9755762
File C:\Users\Fulgrim\AppData\Local\Programs\Python\Python312\Lib\logging\config.py first seen with mtime 1717714452.0
File C:\Users\Fulgrim\.vscode\extensions\ms-python.debugpy-2024.12.0-win32-x64\bundled\libs\debugpy\_vendored\pydevd\_pydevd_bundle\pydevd_suspended_frames.py first seen with mtime 1729949492.986011
File C:\Users\Fulgrim\AppData\Local\Programs\Python\Python312\Lib\zoneinfo\_tzpath.py first seen with mtime 1717714452.0
File C:\Users\Fulgrim\.vscode\extensions\ms-python.debugpy-2024.12.0-win32-x64\bundled\libs\debugpy\_vendored\__init__.py first seen with mtime 1729949492.5966175
File C:\Users\Fulgrim\AppData\Local\Programs\Python\Python312\Lib\site-packages\django\views\generic\__init__.py first seen with mtime 1723326132.0711086
File C:\Users\Fulgrim\AppData\Local\Programs\Python\Python312\Lib\site-packages\django\contrib\auth\management\__init__.py first seen with mtime 1723326131.018331
File C:\Users\Fulgrim\.vscode\extensions\ms-python.debugpy-2024.12.0-win32-x64\bundled\libs\debugpy\_vendored\pydevd\_pydevd_bundle\pydevd_filtering.py first seen with mtime 1729949493.1305788
File C:\Users\Fulgrim\AppData\Local\Programs\Python\Python312\Lib\site-packages\django\db\models\sql\datastructures.py first seen with mtime 1723326131.9755762
File C:\Users\Fulgrim\AppData\Local\Programs\Python\Python312\Lib\concurrent\__init__.py first seen with mtime 1717714452.0
File C:\Users\Fulgrim\AppData\Local\Programs\Python\Python312\DLLs\pyexpat.pyd first seen with mtime 1717714502.0
File C:\Users\Fulgrim\AppData\Local\Programs\Python\Python312\Lib\calendar.py first seen with mtime 1717714452.0
File C:\Users\Fulgrim\AppData\Local\Programs\Python\Python312\Lib\email\header.py first seen with mtime 1717714452.0
File C:\Users\Fulgrim\AppData\Local\Programs\Python\Python312\Lib\site-packages\django\core\handlers\wsgi.py first seen with mtime 1723326131.8964987
File C:\Users\Fulgrim\AppData\Local\Programs\Python\Python312\Lib\site-packages\django\contrib\admin\templatetags\__init__.py first seen with mtime 1723326130.7712703
File C:\Users\Fulgrim\.vscode\extensions\ms-python.debugpy-2024.12.0-win32-x64\bundled\libs\debugpy\_vendored\pydevd\_pydevd_bundle\pydevd_vm_type.py first seen with mtime 1729949492.9443855
File C:\Users\Fulgrim\AppData\Local\Programs\Python\Python312\Lib\site-packages\django\contrib\sites\__init__.py first seen with mtime 1723326131.7706008
File C:\Users\Fulgrim\AppData\Local\Programs\Python\Python312\Lib\site-packages\django\template\engine.py first seen with mtime 1723326132.023344
File C:\Users\Fulgrim\AppData\Local\Programs\Python\Python312\Lib\email\mime\__init__.py first seen with mtime 1717714452.0
File C:\Users\Fulgrim\AppData\Local\Programs\Python\Python312\Lib\site-packages\django\core\validators.py first seen with mtime 1723326131.880859
File C:\Users\Fulgrim\AppData\Local\Programs\Python\Python312\Lib\json\encoder.py first seen with mtime 1717714452.0
File C:\Users\Fulgrim\AppData\Local\Programs\Python\Python312\Lib\site-packages\django\contrib\auth\signals.py first seen with mtime 1723326130.9131744
File C:\Users\Fulgrim\.vscode\extensions\ms-python.debugpy-2024.12.0-win32-x64\bundled\libs\debugpy\_vendored\pydevd\_pydevd_bundle\pydevd_resolver.py first seen with mtime 1729949493.021629
File C:\Users\Fulgrim\AppData\Local\Programs\Python\Python312\Lib\functools.py first seen with mtime 1717714452.0
File C:\Users\Fulgrim\AppData\Local\Programs\Python\Python312\Lib\email\message.py first seen with mtime 1717714452.0
File C:\Users\Fulgrim\AppData\Local\Programs\Python\Python312\Lib\site-packages\django\db\models\signals.py first seen with mtime 1723326131.9695692
File C:\Users\Fulgrim\AppData\Local\Programs\Python\Python312\DLLs\_bz2.pyd first seen with mtime 1717714502.0
File C:\Users\Fulgrim\AppData\Local\Programs\Python\Python312\Lib\email\_policybase.py first seen with mtime 1717714452.0
File C:\Users\Fulgrim\AppData\Local\Programs\Python\Python312\Lib\site-packages\django\core\files\storage\handler.py first seen with mtime 1723326131.8964987
File C:\Users\Fulgrim\AppData\Local\Programs\Python\Python312\Lib\site-packages\django\core\checks\compatibility\__init__.py first seen with mtime 1723326131.8964987
File C:\Users\Fulgrim\AppData\Local\Programs\Python\Python312\Lib\_compression.py first seen with mtime 1717714452.0
File C:\Users\Fulgrim\AppData\Local\Programs\Python\Python312\Lib\datetime.py first seen with mtime 1717714452.0
File C:\Users\Fulgrim\AppData\Local\Programs\Python\Python312\Lib\site-packages\django\contrib\messages\apps.py first seen with mtime 1723326131.4927073
File C:\Users\Fulgrim\AppData\Local\Programs\Python\Python312\Lib\operator.py first seen with mtime 1717714452.0
File C:\Users\Fulgrim\AppData\Local\Programs\Python\Python312\Lib\site-packages\django\utils\choices.py first seen with mtime 1723326132.0550916
File C:\Users\Fulgrim\AppData\Local\Programs\Python\Python312\Lib\site-packages\django\contrib\admin\decorators.py first seen with mtime 1723326130.4723978
File C:\Users\Fulgrim\AppData\Local\Programs\Python\Python312\Lib\email\__init__.py first seen with mtime 1717714452.0
File C:\Users\Fulgrim\AppData\Local\Programs\Python\Python312\Lib\encodings\ascii.py first seen with mtime 1717714452.0
File C:\Users\Fulgrim\AppData\Local\Programs\Python\Python312\Lib\site-packages\django\core\files\locks.py first seen with mtime 1723326131.8964987
File C:\Users\Fulgrim\AppData\Local\Programs\Python\Python312\Lib\wsgiref\__init__.py first seen with mtime 1717714452.0
File C:\Users\Fulgrim\.vscode\extensions\ms-python.debugpy-2024.12.0-win32-x64\bundled\libs\debugpy\_vendored\pydevd\_pydevd_bundle\pydevd_bytecode_utils.py first seen with mtime 1729949493.3103173
File C:\Users\Fulgrim\AppData\Local\Programs\Python\Python312\Lib\site-packages\django\template\backends\__init__.py first seen with mtime 1723326132.03898
File C:\Users\Fulgrim\AppData\Local\Programs\Python\Python312\Lib\site-packages\django\utils\translation\trans_real.py first seen with mtime 1723326132.0711086
File C:\Users\Fulgrim\AppData\Local\Programs\Python\Python312\Lib\site-packages\django\contrib\staticfiles\utils.py first seen with mtime 1723326131.880859
File C:\Users\Fulgrim\.vscode\extensions\ms-python.debugpy-2024.12.0-win32-x64\bundled\libs\debugpy\_vendored\pydevd\pydevd_plugins\extensions\types\pydevd_plugins_django_form_str.py first seen with mtime 1729949494.020405
File C:\Users\Fulgrim\AppData\Local\Programs\Python\Python312\Lib\asyncio\windows_utils.py first seen with mtime 1717714452.0
File C:\Users\Fulgrim\.vscode\extensions\ms-python.debugpy-2024.12.0-win32-x64\bundled\libs\debugpy\_vendored\pydevd\_pydevd_bundle\pydevd_cython.cp312-win_amd64.pyd first seen with mtime 1729949493.19928
File C:\Users\Fulgrim\AppData\Local\Programs\Python\Python312\Lib\site-packages\asgiref\local.py first seen with mtime 1723326130.1641204
File C:\Users\Fulgrim\AppData\Local\Programs\Python\Python312\Lib\site-packages\django\contrib\admin\actions.py first seen with mtime 1723326130.4723978
File C:\Users\Fulgrim\AppData\Local\Programs\Python\Python312\Lib\site-packages\django\db\migrations\state.py first seen with mtime 1723326131.9595635
File C:\Users\Fulgrim\AppData\Local\Programs\Python\Python312\Lib\site-packages\django\middleware\__init__.py first seen with mtime 1723326132.023344
File C:\Users\Fulgrim\AppData\Local\Programs\Python\Python312\Lib\uuid.py first seen with mtime 1717714452.0
File C:\Users\Fulgrim\AppData\Local\Programs\Python\Python312\Lib\site-packages\django\utils\numberformat.py first seen with mtime 1723326132.065099
File C:\Users\Fulgrim\AppData\Local\Programs\Python\Python312\Lib\site-packages\django\contrib\sites\apps.py first seen with mtime 1723326131.7706008
File C:\Users\Fulgrim\.vscode\extensions\ms-python.debugpy-2024.12.0-win32-x64\bundled\libs\debugpy\__init__.py first seen with mtime 1729949492.5856714
File C:\Users\Fulgrim\AppData\Local\Programs\Python\Python312\Lib\site-packages\django\apps\config.py first seen with mtime 1723326130.289361
File C:\Users\Fulgrim\AppData\Local\Programs\Python\Python312\Lib\site-packages\django\core\files\images.py first seen with mtime 1723326131.8964987
File C:\Users\Fulgrim\.vscode\extensions\ms-python.debugpy-2024.12.0-win32-x64\bundled\libs\debugpy\_vendored\pydevd\pydevd_plugins\pydevd_line_validation.py first seen with mtime 1729949493.4621263
File C:\Users\Fulgrim\AppData\Local\Programs\Python\Python312\Lib\site-packages\django\db\models\fields\related_lookups.py first seen with mtime 1723326131.9755762
File C:\Users\Fulgrim\AppData\Local\Programs\Python\Python312\Lib\keyword.py first seen with mtime 1717714452.0
File C:\Users\Fulgrim\AppData\Local\Programs\Python\Python312\Lib\_compat_pickle.py first seen with mtime 1717714452.0
File C:\Users\Fulgrim\AppData\Local\Programs\Python\Python312\Lib\asyncio\exceptions.py first seen with mtime 1717714452.0
File C:\Users\Fulgrim\AppData\Local\Programs\Python\Python312\Lib\quopri.py first seen with mtime 1717714452.0
File C:\Users\Fulgrim\AppData\Local\Programs\Python\Python312\Lib\site-packages\django\core\checks\database.py first seen with mtime 1723326131.880859
File C:\Users\Fulgrim\AppData\Local\Programs\Python\Python312\Lib\site-packages\django\core\cache\backends\__init__.py first seen with mtime 1723326131.880859
File C:\Users\Fulgrim\AppData\Local\Programs\Python\Python312\Lib\asyncio\queues.py first seen with mtime 1717714452.0
File C:\Users\Fulgrim\AppData\Local\Programs\Python\Python312\Lib\site-packages\django\contrib\__init__.py first seen with mtime 1723326130.4723978
File C:\Users\Fulgrim\AppData\Local\Programs\Python\Python312\Lib\site-packages\sqlparse\filters\aligned_indent.py first seen with mtime 1723326129.91682
File C:\Users\Fulgrim\AppData\Local\Programs\Python\Python312\Lib\site-packages\django\shortcuts.py first seen with mtime 1723326130.289361
File C:\Users\Fulgrim\.vscode\extensions\ms-python.debugpy-2024.12.0-win32-x64\bundled\libs\debugpy\_vendored\pydevd\_pydevd_frame_eval\vendored\bytecode\flags.py first seen with mtime 1729949494.0012074
File C:\Users\Fulgrim\AppData\Local\Programs\Python\Python312\Lib\site-packages\sqlparse\engine\grouping.py first seen with mtime 1723326129.91682
File C:\Users\Fulgrim\.vscode\extensions\ms-python.debugpy-2024.12.0-win32-x64\bundled\libs\debugpy\_vendored\pydevd\_pydevd_bundle\_debug_adapter\pydevd_schema.py first seen with mtime 1729949493.8164606
File C:\Users\Fulgrim\AppData\Local\Programs\Python\Python312\Lib\site-packages\django\utils\regex_helper.py first seen with mtime 1723326132.065099
File C:\Users\Fulgrim\AppData\Local\Programs\Python\Python312\Lib\site-packages\django\core\checks\messages.py first seen with mtime 1723326131.880859
File C:\Users\Fulgrim\AppData\Local\Programs\Python\Python312\Lib\site-packages\django\db\migrations\operations\models.py first seen with mtime 1723326131.9595635
File C:\Users\Fulgrim\AppData\Local\Programs\Python\Python312\Lib\logging\__init__.py first seen with mtime 1717714452.0
File C:\Users\Fulgrim\AppData\Local\Programs\Python\Python312\Lib\email\charset.py first seen with mtime 1717714452.0
File C:\Users\Fulgrim\AppData\Local\Programs\Python\Python312\Lib\site-packages\django\utils\tree.py first seen with mtime 1723326132.0711086
File C:\Users\Fulgrim\.vscode\extensions\ms-python.debugpy-2024.12.0-win32-x64\bundled\libs\debugpy\_vendored\pydevd\_pydevd_bundle\pydevd_utils.py first seen with mtime 1729949492.9517343
File C:\Users\Fulgrim\AppData\Local\Programs\Python\Python312\Lib\tempfile.py first seen with mtime 1717714452.0
File C:\Users\Fulgrim\AppData\Local\Programs\Python\Python312\Lib\site-packages\django\core\cache\utils.py first seen with mtime 1723326131.880859
File C:\Users\Fulgrim\AppData\Local\Programs\Python\Python312\Lib\site-packages\django\contrib\staticfiles\finders.py first seen with mtime 1723326131.8748426
File C:\Users\Fulgrim\AppData\Local\Programs\Python\Python312\Lib\site-packages\django\middleware\csrf.py first seen with mtime 1723326132.023344
File C:\Users\Fulgrim\AppData\Local\Programs\Python\Python312\Lib\site-packages\django\db\models\lookups.py first seen with mtime 1723326131.9595635
File C:\Users\Fulgrim\AppData\Local\Programs\Python\Python312\Lib\http\__init__.py first seen with mtime 1717714452.0
File C:\Users\Fulgrim\AppData\Local\Programs\Python\Python312\Lib\site-packages\rest_framework\authtoken\__init__.py first seen with mtime 1723326139.5698862
File C:\Users\Fulgrim\AppData\Local\Programs\Python\Python312\Lib\mimetypes.py first seen with mtime 1717714452.0
File C:\Users\Fulgrim\AppData\Local\Programs\Python\Python312\Lib\site-packages\django\db\transaction.py first seen with mtime 1723326131.9282298
File C:\Users\Fulgrim\AppData\Local\Programs\Python\Python312\Lib\site-packages\django\core\checks\urls.py first seen with mtime 1723326131.8964987
File C:\Users\Fulgrim\AppData\Local\Programs\Python\Python312\Lib\html\entities.py first seen with mtime 1717714452.0
File C:\Users\Fulgrim\.vscode\extensions\ms-python.debugpy-2024.12.0-win32-x64\bundled\libs\debugpy\_vendored\_util.py first seen with mtime 1729949492.598315
File C:\Users\Fulgrim\AppData\Local\Programs\Python\Python312\Lib\importlib\util.py first seen with mtime 1717714452.0
File C:\Users\Fulgrim\AppData\Local\Programs\Python\Python312\Lib\getpass.py first seen with mtime 1717714452.0
File C:\Users\Fulgrim\AppData\Local\Programs\Python\Python312\Lib\__future__.py first seen with mtime 1717714452.0
File C:\Users\Fulgrim\AppData\Local\Programs\Python\Python312\Lib\asyncio\sslproto.py first seen with mtime 1717714452.0
File C:\Users\Fulgrim\.vscode\extensions\ms-python.debugpy-2024.12.0-win32-x64\bundled\libs\debugpy\_vendored\pydevd\_pydevd_bundle\pydevd_trace_dispatch.py first seen with mtime 1729949492.9659214
File C:\Users\Fulgrim\AppData\Local\Programs\Python\Python312\Lib\site-packages\django\contrib\contenttypes\apps.py first seen with mtime 1723326131.023843
File C:\Users\Fulgrim\AppData\Local\Programs\Python\Python312\Lib\re\_constants.py first seen with mtime 1717714452.0
File C:\Users\Fulgrim\AppData\Local\Programs\Python\Python312\Lib\site-packages\asgiref\current_thread_executor.py first seen with mtime 1723326130.1641204
File C:\Users\Fulgrim\AppData\Local\Programs\Python\Python312\Lib\site-packages\django\db\models\enums.py first seen with mtime 1723326131.9595635
File C:\Users\Fulgrim\.vscode\extensions\ms-python.debugpy-2024.12.0-win32-x64\bundled\libs\debugpy\_vendored\pydevd\_pydevd_bundle\pydevd_comm.py first seen with mtime 1729949493.288004
File C:\Users\Fulgrim\AppData\Local\Programs\Python\Python312\Lib\site-packages\django\core\checks\templates.py first seen with mtime 1723326131.8964987
File C:\Users\Fulgrim\.vscode\extensions\ms-python.debugpy-2024.12.0-win32-x64\bundled\libs\debugpy\_vendored\pydevd\_pydevd_frame_eval\vendored\bytecode\instr.py first seen with mtime 1729949493.9984183
File C:\Users\Fulgrim\AppData\Local\Programs\Python\Python312\Lib\xml\__init__.py first seen with mtime 1717714452.0
File C:\Users\Fulgrim\AppData\Local\Programs\Python\Python312\Lib\site-packages\django\db\models\query_utils.py first seen with mtime 1723326131.9695692
File C:\Users\Fulgrim\AppData\Local\Programs\Python\Python312\Lib\site-packages\django\template\loader.py first seen with mtime 1723326132.023344
File C:\Users\Fulgrim\AppData\Local\Programs\Python\Python312\Lib\site-packages\django\utils\__init__.py first seen with mtime 1723326132.0550916
File C:\Users\Fulgrim\.vscode\extensions\ms-python.debugpy-2024.12.0-win32-x64\bundled\libs\debugpy\_vendored\pydevd\_pydev_bundle\pydev_umd.py first seen with mtime 1729949492.7899423
File C:\Users\Fulgrim\AppData\Local\Programs\Python\Python312\Lib\site-packages\django\views\decorators\__init__.py first seen with mtime 1723326132.0711086
File C:\Users\Fulgrim\AppData\Local\Programs\Python\Python312\Lib\encodings\cp1252.py first seen with mtime 1717714452.0
File C:\Users\Fulgrim\AppData\Local\Programs\Python\Python312\Lib\glob.py first seen with mtime 1717714452.0
File C:\Users\Fulgrim\AppData\Local\Programs\Python\Python312\Lib\email\errors.py first seen with mtime 1717714452.0
File C:\Users\Fulgrim\AppData\Local\Programs\Python\Python312\Lib\site-packages\django\templatetags\i18n.py first seen with mtime 1723326132.03898
File C:\Users\Fulgrim\AppData\Local\Programs\Python\Python312\Lib\site-packages\django\utils\html.py first seen with mtime 1723326132.065099
File C:\Users\Fulgrim\.vscode\extensions\ms-python.debugpy-2024.12.0-win32-x64\bundled\libs\debugpy\_vendored\pydevd\_pydevd_bundle\pydevd_additional_thread_info.py first seen with mtime 1729949493.324439
File C:\Users\Fulgrim\AppData\Local\Programs\Python\Python312\Lib\site-packages\django\template\loaders\cached.py first seen with mtime 1723326132.03898
File C:\Users\Fulgrim\AppData\Local\Programs\Python\Python312\Lib\site-packages\django\db\models\manager.py first seen with mtime 1723326131.9595635
File C:\Users\Fulgrim\AppData\Local\Programs\Python\Python312\Lib\encodings\__init__.py first seen with mtime 1717714452.0
File C:\Users\Fulgrim\AppData\Local\Programs\Python\Python312\Lib\site-packages\django\contrib\messages\storage\base.py first seen with mtime 1723326131.4927073
File C:\Users\Fulgrim\AppData\Local\Programs\Python\Python312\Lib\fnmatch.py first seen with mtime 1717714452.0
File C:\Users\Fulgrim\AppData\Local\Programs\Python\Python312\Lib\site-packages\django\core\serializers\json.py first seen with mtime 1723326131.9222176
File C:\Users\Fulgrim\AppData\Local\Programs\Python\Python312\Lib\re\_compiler.py first seen with mtime 1717714452.0
File C:\Users\Fulgrim\AppData\Local\Programs\Python\Python312\Lib\site-packages\django\core\files\base.py first seen with mtime 1723326131.8964987
File C:\Users\Fulgrim\AppData\Local\Programs\Python\Python312\Lib\site-packages\django\core\files\uploadedfile.py first seen with mtime 1723326131.8964987
File C:\Users\Fulgrim\.vscode\extensions\ms-python.debugpy-2024.12.0-win32-x64\bundled\libs\debugpy\_vendored\pydevd\pydevd_plugins\django_debug.py first seen with mtime 1729949493.4681656
File C:\Users\Fulgrim\AppData\Local\Programs\Python\Python312\Lib\xml\parsers\expat.py first seen with mtime 1717714452.0
File C:\Users\Fulgrim\AppData\Local\Programs\Python\Python312\Lib\site-packages\django\http\response.py first seen with mtime 1723326132.023344
File C:\Users\Fulgrim\AppData\Local\Programs\Python\Python312\Lib\site-packages\django\db\models\functions\mixins.py first seen with mtime 1723326131.9755762
File C:\Users\Fulgrim\AppData\Local\Programs\Python\Python312\Lib\types.py first seen with mtime 1717714452.0
File C:\Users\Fulgrim\AppData\Local\Programs\Python\Python312\Lib\collections\__init__.py first seen with mtime 1717714452.0
File C:\Users\Fulgrim\.vscode\extensions\ms-python.debugpy-2024.12.0-win32-x64\bundled\libs\debugpy\_vendored\pydevd\pydev_ipython\inputhook.py first seen with mtime 1729949493.4560575
File C:\Users\Fulgrim\AppData\Local\Programs\Python\Python312\Lib\platform.py first seen with mtime 1717714452.0
File C:\Users\Fulgrim\.vscode\extensions\ms-python.debugpy-2024.12.0-win32-x64\bundled\libs\debugpy\_vendored\pydevd\_pydevd_bundle\pydevd_xml.py first seen with mtime 1729949492.9380796
File C:\xampp\htdocs\AVITech\Prueba5\SGC\AppBack\apps.py first seen with mtime 1722984829.2325146
File C:\Users\Fulgrim\AppData\Local\Programs\Python\Python312\Lib\codecs.py first seen with mtime 1717714452.0
File C:\Users\Fulgrim\.vscode\extensions\ms-python.debugpy-2024.12.0-win32-x64\bundled\libs\debugpy\_vendored\force_pydevd.py first seen with mtime 1729949492.6046944
File C:\Users\Fulgrim\AppData\Local\Programs\Python\Python312\Lib\threading.py first seen with mtime 1717714452.0
File C:\Users\Fulgrim\AppData\Local\Programs\Python\Python312\Lib\site-packages\django\core\checks\security\csrf.py first seen with mtime 1723326131.8964987
File C:\Users\Fulgrim\AppData\Local\Programs\Python\Python312\Lib\asyncio\coroutines.py first seen with mtime 1717714452.0
File C:\Users\Fulgrim\AppData\Local\Programs\Python\Python312\Lib\site-packages\django\db\models\constants.py first seen with mtime 1723326131.9595635
File C:\Users\Fulgrim\.vscode\extensions\ms-python.debugpy-2024.12.0-win32-x64\bundled\libs\debugpy\_vendored\pydevd\_pydevd_bundle\pydevd_traceproperty.py first seen with mtime 1729949492.9703639
File C:\Users\Fulgrim\.vscode\extensions\ms-python.debugpy-2024.12.0-win32-x64\bundled\libs\debugpy\_vendored\pydevd\_pydevd_bundle\pydevd_net_command.py first seen with mtime 1729949493.078292
File C:\Users\Fulgrim\AppData\Local\Programs\Python\Python312\Lib\site-packages\django\contrib\staticfiles\apps.py first seen with mtime 1723326131.8748426
File C:\Users\Fulgrim\AppData\Local\Programs\Python\Python312\Lib\site-packages\django\core\handlers\base.py first seen with mtime 1723326131.8964987
File C:\Users\Fulgrim\AppData\Local\Programs\Python\Python312\Lib\site-packages\django\db\migrations\operations\base.py first seen with mtime 1723326131.9595635
File C:\Users\Fulgrim\AppData\Local\Programs\Python\Python312\Lib\site-packages\django\urls\base.py first seen with mtime 1723326132.04899
File C:\Users\Fulgrim\AppData\Local\Programs\Python\Python312\Lib\site-packages\django\utils\cache.py first seen with mtime 1723326132.0550916
File C:\Users\Fulgrim\AppData\Local\Programs\Python\Python312\Lib\site-packages\django\core\handlers\__init__.py first seen with mtime 1723326131.8964987
File C:\Users\Fulgrim\AppData\Local\Programs\Python\Python312\Lib\site-packages\django\db\models\fields\reverse_related.py first seen with mtime 1723326131.9755762
File C:\Users\Fulgrim\AppData\Local\Programs\Python\Python312\Lib\site-packages\django\core\checks\files.py first seen with mtime 1723326131.880859
File C:\Users\Fulgrim\AppData\Local\Programs\Python\Python312\Lib\asyncio\trsock.py first seen with mtime 1717714452.0
File C:\Users\Fulgrim\AppData\Local\Programs\Python\Python312\Lib\site-packages\django\core\__init__.py first seen with mtime 1723326131.880859
File C:\Users\Fulgrim\AppData\Local\Programs\Python\Python312\Lib\site-packages\django\forms\forms.py first seen with mtime 1723326131.9755762
File C:\Users\Fulgrim\.vscode\extensions\ms-python.debugpy-2024.12.0-win32-x64\bundled\libs\debugpy\_vendored\pydevd\pydevd_tracing.py first seen with mtime 1729949492.6930447
File C:\Users\Fulgrim\AppData\Local\Programs\Python\Python312\Lib\asyncio\base_events.py first seen with mtime 1717714452.0
File C:\Users\Fulgrim\AppData\Local\Programs\Python\Python312\Lib\site-packages\django\contrib\auth\apps.py first seen with mtime 1723326130.8974733
File C:\Users\Fulgrim\.vscode\extensions\ms-python.debugpy-2024.12.0-win32-x64\bundled\libs\debugpy\_vendored\pydevd\_pydevd_frame_eval\vendored\bytecode\__init__.py first seen with mtime 1729949493.9908874
File C:\Users\Fulgrim\AppData\Local\Programs\Python\Python312\Lib\email\_encoded_words.py first seen with mtime 1717714452.0
File C:\Users\Fulgrim\AppData\Local\Programs\Python\Python312\Lib\encodings\utf_8.py first seen with mtime 1717714452.0
File C:\Users\Fulgrim\AppData\Local\Programs\Python\Python312\Lib\site-packages\sqlparse\cli.py first seen with mtime 1723326129.910815
File C:\Users\Fulgrim\AppData\Local\Programs\Python\Python312\Lib\site-packages\django\contrib\admin\exceptions.py first seen with mtime 1723326130.4723978
File C:\Users\Fulgrim\.vscode\extensions\ms-python.debugpy-2024.12.0-win32-x64\bundled\libs\debugpy\_vendored\pydevd\_pydevd_bundle\_debug_adapter\__init__.py first seen with mtime 1729949493.799824
File C:\xampp\htdocs\AVITech\Prueba5\SGC\SGC\settings.py first seen with mtime 1731181868.1281946
File C:\Users\Fulgrim\AppData\Local\Programs\Python\Python312\Lib\site-packages\django\contrib\admin\__init__.py first seen with mtime 1723326130.4723978
File C:\Users\Fulgrim\AppData\Local\Programs\Python\Python312\Lib\site-packages\django\views\generic\list.py first seen with mtime 1723326132.0711086
File C:\Users\Fulgrim\AppData\Local\Programs\Python\Python312\Lib\asyncio\subprocess.py first seen with mtime 1717714452.0
File C:\Users\Fulgrim\AppData\Local\Programs\Python\Python312\Lib\site-packages\django\db\models\functions\comparison.py first seen with mtime 1723326131.9755762
File C:\Users\Fulgrim\AppData\Local\Programs\Python\Python312\Lib\site-packages\django\core\signing.py first seen with mtime 1723326131.880859
File C:\Users\Fulgrim\AppData\Local\Programs\Python\Python312\Lib\email\mime\multipart.py first seen with mtime 1717714452.0
File C:\Users\Fulgrim\AppData\Local\Programs\Python\Python312\Lib\pathlib.py first seen with mtime 1717714452.0
File C:\Users\Fulgrim\.vscode\extensions\ms-python.debugpy-2024.12.0-win32-x64\bundled\libs\debugpy\_vendored\pydevd\_pydevd_bundle\pydevd_net_command_factory_xml.py first seen with mtime 1729949493.063001
File C:\Users\Fulgrim\AppData\Local\Programs\Python\Python312\Lib\email\_header_value_parser.py first seen with mtime 1717714452.0
File C:\Users\Fulgrim\AppData\Local\Programs\Python\Python312\Lib\site-packages\asgiref\__init__.py first seen with mtime 1723326130.1641204
File C:\Users\Fulgrim\AppData\Local\Programs\Python\Python312\Lib\http\client.py first seen with mtime 1717714452.0
File C:\Users\Fulgrim\AppData\Local\Programs\Python\Python312\Lib\site-packages\django\views\generic\base.py first seen with mtime 1723326132.0711086
File C:\Users\Fulgrim\.vscode\extensions\ms-python.debugpy-2024.12.0-win32-x64\bundled\libs\debugpy\_vendored\pydevd\_pydevd_frame_eval\vendored\bytecode\bytecode.py first seen with mtime 1729949494.010786
File C:\Users\Fulgrim\AppData\Local\Programs\Python\Python312\Lib\_collections_abc.py first seen with mtime 1717714452.0
File C:\Users\Fulgrim\AppData\Local\Programs\Python\Python312\Lib\ctypes\__init__.py first seen with mtime 1717714452.0
File C:\Users\Fulgrim\AppData\Local\Programs\Python\Python312\Lib\site-packages\django\core\paginator.py first seen with mtime 1723326131.880859
File C:\Users\Fulgrim\AppData\Local\Programs\Python\Python312\Lib\site-packages\django\template\utils.py first seen with mtime 1723326132.03898
File C:\Users\Fulgrim\AppData\Local\Programs\Python\Python312\Lib\site-packages\django\template\context.py first seen with mtime 1723326132.023344
File C:\Users\Fulgrim\AppData\Local\Programs\Python\Python312\Lib\site-packages\django\template\smartif.py first seen with mtime 1723326132.03898
File C:\Users\Fulgrim\.vscode\extensions\ms-python.debugpy-2024.12.0-win32-x64\bundled\libs\debugpy\_vendored\pydevd\_pydevd_bundle\pydevd_runpy.py first seen with mtime 1729949493.0176435
File C:\Users\Fulgrim\AppData\Local\Programs\Python\Python312\Lib\site-packages\django\db\models\fields\proxy.py first seen with mtime 1723326131.9695692
File C:\Users\Fulgrim\.vscode\extensions\ms-python.debugpy-2024.12.0-win32-x64\bundled\libs\debugpy\_vendored\pydevd\_pydev_bundle\_pydev_calltip_util.py first seen with mtime 1729949492.7823498
File C:\Users\Fulgrim\AppData\Local\Programs\Python\Python312\Lib\asyncio\transports.py first seen with mtime 1717714452.0
File C:\Users\Fulgrim\AppData\Local\Programs\Python\Python312\Lib\site-packages\django\utils\encoding.py first seen with mtime 1723326132.0550916
File C:\Users\Fulgrim\AppData\Local\Programs\Python\Python312\Lib\site-packages\rest_framework\apps.py first seen with mtime 1723326139.5552418
File C:\Users\Fulgrim\AppData\Local\Programs\Python\Python312\Lib\site-packages\django\contrib\staticfiles\__init__.py first seen with mtime 1723326131.8748426
File C:\Users\Fulgrim\AppData\Local\Programs\Python\Python312\Lib\site-packages\django\forms\fields.py first seen with mtime 1723326131.9755762
File C:\Users\Fulgrim\AppData\Local\Programs\Python\Python312\Lib\wsgiref\headers.py first seen with mtime 1717714452.0
File C:\Users\Fulgrim\AppData\Local\Programs\Python\Python312\Lib\site-packages\django\utils\crypto.py first seen with mtime 1723326132.0550916
File C:\Users\Fulgrim\AppData\Local\Programs\Python\Python312\Lib\xmlrpc\__init__.py first seen with mtime 1717714452.0
File C:\Users\Fulgrim\AppData\Local\Programs\Python\Python312\Lib\site-packages\django\db\models\sql\__init__.py first seen with mtime 1723326131.9755762
File C:\Users\Fulgrim\AppData\Local\Programs\Python\Python312\Lib\site-packages\django\utils\termcolors.py first seen with mtime 1723326132.065099
File C:\Users\Fulgrim\AppData\Local\Programs\Python\Python312\Lib\site-packages\django\core\mail\utils.py first seen with mtime 1723326131.8964987
File C:\Users\Fulgrim\AppData\Local\Programs\Python\Python312\Lib\site-packages\django\contrib\contenttypes\checks.py first seen with mtime 1723326131.023843
File C:\Users\Fulgrim\AppData\Local\Programs\Python\Python312\Lib\linecache.py first seen with mtime 1717714452.0
File C:\Users\Fulgrim\AppData\Local\Programs\Python\Python312\Lib\site-packages\django\core\files\storage\__init__.py first seen with mtime 1723326131.8964987
File C:\Users\Fulgrim\AppData\Local\Programs\Python\Python312\Lib\site-packages\django\contrib\admin\views\__init__.py first seen with mtime 1723326130.7712703
File C:\Users\Fulgrim\AppData\Local\Programs\Python\Python312\Lib\opcode.py first seen with mtime 1717714452.0
File C:\Users\Fulgrim\AppData\Local\Programs\Python\Python312\Lib\asyncio\selector_events.py first seen with mtime 1717714452.0
File C:\Users\Fulgrim\AppData\Local\Programs\Python\Python312\Lib\site-packages\django\conf\global_settings.py first seen with mtime 1723326130.289361
File C:\Users\Fulgrim\AppData\Local\Programs\Python\Python312\Lib\site-packages\django\core\files\storage\mixins.py first seen with mtime 1723326131.8964987
File C:\Users\Fulgrim\.vscode\extensions\ms-python.debugpy-2024.12.0-win32-x64\bundled\libs\debugpy\_vendored\pydevd\_pydevd_bundle\pydevd_comm_constants.py first seen with mtime 1729949493.2769368
File C:\Users\Fulgrim\AppData\Local\Programs\Python\Python312\Lib\site-packages\django\contrib\messages\api.py first seen with mtime 1723326131.4927073
File C:\Users\Fulgrim\AppData\Local\Programs\Python\Python312\Lib\site-packages\django\core\files\__init__.py first seen with mtime 1723326131.8964987
File C:\Users\Fulgrim\AppData\Local\Programs\Python\Python312\Lib\encodings\latin_1.py first seen with mtime 1717714452.0
File C:\Users\Fulgrim\AppData\Local\Programs\Python\Python312\Lib\re\__init__.py first seen with mtime 1717714452.0
File C:\Users\Fulgrim\AppData\Local\Programs\Python\Python312\Lib\site-packages\django\core\files\move.py first seen with mtime 1723326131.8964987
File C:\Users\Fulgrim\.vscode\extensions\ms-python.debugpy-2024.12.0-win32-x64\bundled\libs\debugpy\_vendored\pydevd\_pydevd_bundle\pydevd_io.py first seen with mtime 1729949493.102326
File C:\Users\Fulgrim\AppData\Local\Programs\Python\Python312\DLLs\_ctypes.pyd first seen with mtime 1717714502.0
File C:\Users\Fulgrim\.vscode\extensions\ms-python.debugpy-2024.12.0-win32-x64\bundled\libs\debugpy\_vendored\pydevd\pydevd_plugins\extensions\types\pydevd_plugin_pandas_types.py first seen with mtime 1729949494.0154064
File C:\Users\Fulgrim\AppData\Local\Programs\Python\Python312\Lib\warnings.py first seen with mtime 1717714452.0
File C:\Users\Fulgrim\AppData\Local\Programs\Python\Python312\Lib\typing.py first seen with mtime 1717714452.0
File C:\Users\Fulgrim\AppData\Local\Programs\Python\Python312\Lib\site-packages\django\views\generic\detail.py first seen with mtime 1723326132.0711086
File C:\Users\Fulgrim\AppData\Local\Programs\Python\Python312\Lib\site-packages\django\core\serializers\python.py first seen with mtime 1723326131.9282298
File C:\Users\Fulgrim\AppData\Local\Programs\Python\Python312\Lib\copy.py first seen with mtime 1717714452.0
File C:\Users\Fulgrim\AppData\Local\Programs\Python\Python312\Lib\posixpath.py first seen with mtime 1717714452.0
File C:\Users\Fulgrim\AppData\Local\Programs\Python\Python312\Lib\site-packages\django\template\autoreload.py first seen with mtime 1723326132.023344
File C:\Users\Fulgrim\AppData\Local\Programs\Python\Python312\Lib\asyncio\base_subprocess.py first seen with mtime 1717714452.0
File C:\Users\Fulgrim\AppData\Local\Programs\Python\Python312\Lib\_weakrefset.py first seen with mtime 1717714452.0
File C:\Users\Fulgrim\AppData\Local\Programs\Python\Python312\Lib\site-packages\django\utils\deprecation.py first seen with mtime 1723326132.0550916
File C:\Users\Fulgrim\AppData\Local\Programs\Python\Python312\Lib\signal.py first seen with mtime 1717714452.0
File C:\Users\Fulgrim\AppData\Local\Programs\Python\Python312\Lib\site-packages\django\core\management\commands\__init__.py first seen with mtime 1723326131.912207
File C:\Users\Fulgrim\.vscode\extensions\ms-python.debugpy-2024.12.0-win32-x64\bundled\libs\debugpy\_vendored\pydevd\_pydevd_bundle\pydevd_import_class.py first seen with mtime 1729949493.1048317
File C:\Users\Fulgrim\.vscode\extensions\ms-python.debugpy-2024.12.0-win32-x64\bundled\libs\debugpy\_vendored\pydevd\_pydevd_bundle\pydevd_thread_lifecycle.py first seen with mtime 1729949492.98185
File C:\Users\Fulgrim\AppData\Local\Programs\Python\Python312\Lib\site-packages\rest_framework\__init__.py first seen with mtime 1723326139.538869
File C:\Users\Fulgrim\AppData\Local\Programs\Python\Python312\Lib\site-packages\django\core\serializers\__init__.py first seen with mtime 1723326131.9222176
File C:\Users\Fulgrim\AppData\Local\Programs\Python\Python312\Lib\site-packages\django\dispatch\dispatcher.py first seen with mtime 1723326131.9755762
File C:\Users\Fulgrim\.vscode\extensions\ms-python.debugpy-2024.12.0-win32-x64\bundled\libs\debugpy\_vendored\pydevd\_pydevd_bundle\pydevd_extension_utils.py first seen with mtime 1729949493.1350112
File C:\Users\Fulgrim\AppData\Local\Programs\Python\Python312\Lib\pprint.py first seen with mtime 1717714452.0
File C:\Users\Fulgrim\AppData\Local\Programs\Python\Python312\Lib\wsgiref\util.py first seen with mtime 1717714452.0
File C:\Users\Fulgrim\.vscode\extensions\ms-python.debugpy-2024.12.0-win32-x64\bundled\libs\debugpy\_vendored\pydevd\_pydev_bundle\_pydev_imports_tipper.py first seen with mtime 1729949492.7639906
File C:\Users\Fulgrim\AppData\Local\Programs\Python\Python312\Lib\site-packages\sqlparse\formatter.py first seen with mtime 1723326129.91682
File C:\Users\Fulgrim\AppData\Local\Programs\Python\Python312\Lib\email\iterators.py first seen with mtime 1717714452.0
File C:\Users\Fulgrim\AppData\Local\Programs\Python\Python312\Lib\weakref.py first seen with mtime 1717714452.0
File C:\Users\Fulgrim\AppData\Local\Programs\Python\Python312\Lib\site-packages\django\http\cookie.py first seen with mtime 1723326132.023344
File C:\Users\Fulgrim\AppData\Local\Programs\Python\Python312\Lib\xmlrpc\server.py first seen with mtime 1717714452.0
File C:\Users\Fulgrim\AppData\Local\Programs\Python\Python312\Lib\asyncio\format_helpers.py first seen with mtime 1717714452.0
File C:\Users\Fulgrim\AppData\Local\Programs\Python\Python312\Lib\asyncio\mixins.py first seen with mtime 1717714452.0
File C:\Users\Fulgrim\AppData\Local\Programs\Python\Python312\DLLs\_socket.pyd first seen with mtime 1717714502.0
File C:\Users\Fulgrim\AppData\Local\Programs\Python\Python312\Lib\site-packages\django\contrib\messages\__init__.py first seen with mtime 1723326131.4927073
File C:\Users\Fulgrim\AppData\Local\Programs\Python\Python312\Lib\site-packages\django\db\migrations\__init__.py first seen with mtime 1723326131.9438665
File C:\Users\Fulgrim\AppData\Local\Programs\Python\Python312\DLLs\_overlapped.pyd first seen with mtime 1717714502.0
File C:\Users\Fulgrim\AppData\Local\Programs\Python\Python312\Lib\site-packages\django\core\checks\security\sessions.py first seen with mtime 1723326131.8964987
File C:\Users\Fulgrim\AppData\Local\Programs\Python\Python312\Lib\site-packages\django\template\backends\base.py first seen with mtime 1723326132.03898
File C:\Users\Fulgrim\AppData\Local\Programs\Python\Python312\Lib\site-packages\django\utils\deconstruct.py first seen with mtime 1723326132.0550916
File C:\Users\Fulgrim\AppData\Local\Programs\Python\Python312\Lib\site-packages\django\utils\_os.py first seen with mtime 1723326132.0550916
File C:\Users\Fulgrim\AppData\Local\Programs\Python\Python312\Lib\site-packages\django\dispatch\__init__.py first seen with mtime 1723326131.9755762
File C:\Users\Fulgrim\AppData\Local\Programs\Python\Python312\Lib\string.py first seen with mtime 1717714452.0
File C:\Users\Fulgrim\.vscode\extensions\ms-python.debugpy-2024.12.0-win32-x64\bundled\libs\debugpy\_vendored\pydevd\pydevd_plugins\extensions\types\pydevd_plugin_numpy_types.py first seen with mtime 1729949494.017903
File C:\Users\Fulgrim\AppData\Local\Programs\Python\Python312\Lib\site-packages\django\template\response.py first seen with mtime 1723326132.03898
File C:\Users\Fulgrim\AppData\Local\Programs\Python\Python312\Lib\shutil.py first seen with mtime 1717714452.0
File C:\xampp\htdocs\AVITech\Prueba5\SGC\manage.py first seen with mtime 1729949419.464719
File C:\Users\Fulgrim\.vscode\extensions\ms-python.debugpy-2024.12.0-win32-x64\bundled\libs\debugpy\_vendored\pydevd\_pydev_bundle\pydev_imports.py first seen with mtime 1729949492.8181784
File C:\Users\Fulgrim\AppData\Local\Programs\Python\Python312\Lib\site-packages\django\core\management\base.py first seen with mtime 1723326131.912207
File C:\Users\Fulgrim\AppData\Local\Programs\Python\Python312\Lib\site-packages\django\db\backends\__init__.py first seen with mtime 1723326131.9282298
File C:\Users\Fulgrim\AppData\Local\Programs\Python\Python312\Lib\urllib\__init__.py first seen with mtime 1717714452.0
File C:\Users\Fulgrim\AppData\Local\Programs\Python\Python312\Lib\asyncio\staggered.py first seen with mtime 1717714452.0
File C:\Users\Fulgrim\AppData\Local\Programs\Python\Python312\Lib\site-packages\django\db\backends\utils.py first seen with mtime 1723326131.9282298
File C:\Users\Fulgrim\AppData\Local\Programs\Python\Python312\Lib\site-packages\django\contrib\sessions\apps.py first seen with mtime 1723326131.6746955
File C:\Users\Fulgrim\.vscode\extensions\ms-python.debugpy-2024.12.0-win32-x64\bundled\libs\debugpy\_vendored\pydevd\_pydev_bundle\pydev_monkey.py first seen with mtime 1729949492.7969563
File C:\Users\Fulgrim\AppData\Local\Programs\Python\Python312\DLLs\select.pyd first seen with mtime 1717714502.0
File C:\Users\Fulgrim\.vscode\extensions\ms-python.debugpy-2024.12.0-win32-x64\bundled\libs\debugpy\_vendored\pydevd\_pydevd_frame_eval\vendored\bytecode\concrete.py first seen with mtime 1729949494.0048187
File C:\Users\Fulgrim\AppData\Local\Programs\Python\Python312\Lib\site-packages\django\utils\hashable.py first seen with mtime 1723326132.065099
File C:\Users\Fulgrim\AppData\Local\Programs\Python\Python312\Lib\site-packages\sqlparse\exceptions.py first seen with mtime 1723326129.91682
File C:\Users\Fulgrim\AppData\Local\Programs\Python\Python312\Lib\site-packages\django\db\utils.py first seen with mtime 1723326131.9282298
File C:\Users\Fulgrim\AppData\Local\Programs\Python\Python312\Lib\site-packages\django\http\multipartparser.py first seen with mtime 1723326132.023344
File C:\Users\Fulgrim\AppData\Local\Programs\Python\Python312\Lib\email\mime\base.py first seen with mtime 1717714452.0
File C:\xampp\htdocs\AVITech\Prueba5\SGC\SGC\__init__.py first seen with mtime 1722984829.239309
File C:\Users\Fulgrim\AppData\Local\Programs\Python\Python312\Lib\site-packages\django\db\models\fields\json.py first seen with mtime 1723326131.9695692
File C:\Users\Fulgrim\.vscode\extensions\ms-python.debugpy-2024.12.0-win32-x64\bundled\libs\debugpy\_vendored\pydevd\_pydevd_bundle\pydevd_defaults.py first seen with mtime 1729949493.157993
File C:\Users\Fulgrim\.vscode\extensions\ms-python.debugpy-2024.12.0-win32-x64\bundled\libs\debugpy\_vendored\pydevd\_pydev_runfiles\__init__.py first seen with mtime 1729949492.7040522
File C:\Users\Fulgrim\AppData\Local\Programs\Python\Python312\Lib\site-packages\django\utils\decorators.py first seen with mtime 1723326132.0550916
File C:\Users\Fulgrim\.vscode\extensions\ms-python.debugpy-2024.12.0-win32-x64\bundled\libs\debugpy\_vendored\pydevd\_pydevd_bundle\pydevd_timeout.py first seen with mtime 1729949492.9747283
File C:\Users\Fulgrim\AppData\Local\Programs\Python\Python312\Lib\site-packages\django\db\backends\base\__init__.py first seen with mtime 1723326131.9282298
File C:\Users\Fulgrim\AppData\Local\Programs\Python\Python312\Lib\site-packages\django\templatetags\static.py first seen with mtime 1723326132.03898
File C:\Users\Fulgrim\AppData\Local\Programs\Python\Python312\Lib\email\policy.py first seen with mtime 1717714452.0
File C:\Users\Fulgrim\.vscode\extensions\ms-python.debugpy-2024.12.0-win32-x64\bundled\libs\debugpy\_vendored\pydevd\_pydevd_bundle\pydevd_source_mapping.py first seen with mtime 1729949492.9993305
File C:\Users\Fulgrim\AppData\Local\Programs\Python\Python312\Lib\tokenize.py first seen with mtime 1717714452.0
File C:\Users\Fulgrim\AppData\Local\Programs\Python\Python312\Lib\asyncio\base_tasks.py first seen with mtime 1717714452.0
File C:\Users\Fulgrim\AppData\Local\Programs\Python\Python312\Lib\site-packages\django\core\serializers\base.py first seen with mtime 1723326131.9222176
File C:\Users\Fulgrim\AppData\Local\Programs\Python\Python312\Lib\site-packages\sqlparse\sql.py first seen with mtime 1723326129.91682
File C:\Users\Fulgrim\AppData\Local\Programs\Python\Python312\DLLs\_ssl.pyd first seen with mtime 1717714502.0
File C:\Users\Fulgrim\.vscode\extensions\ms-python.debugpy-2024.12.0-win32-x64\bundled\libs\debugpy\_vendored\pydevd\_pydevd_bundle\pydevd_reload.py first seen with mtime 1729949493.0248623
File C:\Users\Fulgrim\.vscode\extensions\ms-python.debugpy-2024.12.0-win32-x64\bundled\libs\debugpy\_vendored\pydevd\_pydevd_bundle\pydevd_vars.py first seen with mtime 1729949492.9499786
File C:\Users\Fulgrim\AppData\Local\Programs\Python\Python312\Lib\wsgiref\simple_server.py first seen with mtime 1717714452.0
File C:\Users\Fulgrim\AppData\Local\Programs\Python\Python312\Lib\site-packages\django\core\checks\security\__init__.py first seen with mtime 1723326131.8964987
File C:\Users\Fulgrim\AppData\Local\Programs\Python\Python312\Lib\site-packages\django\db\models\sql\query.py first seen with mtime 1723326131.9755762
File C:\Users\Fulgrim\AppData\Local\Programs\Python\Python312\Lib\site-packages\django\utils\inspect.py first seen with mtime 1723326132.065099
File C:\Users\Fulgrim\AppData\Local\Programs\Python\Python312\Lib\email\parser.py first seen with mtime 1717714452.0
File C:\Users\Fulgrim\AppData\Local\Programs\Python\Python312\Lib\site-packages\django\db\models\aggregates.py first seen with mtime 1723326131.9595635
File C:\Users\Fulgrim\AppData\Local\Programs\Python\Python312\Lib\encodings\aliases.py first seen with mtime 1717714452.0
File C:\Users\Fulgrim\AppData\Local\Programs\Python\Python312\Lib\email\mime\nonmultipart.py first seen with mtime 1717714452.0
File C:\Users\Fulgrim\AppData\Local\Programs\Python\Python312\Lib\site-packages\django\core\exceptions.py first seen with mtime 1723326131.880859
File C:\Users\Fulgrim\AppData\Local\Programs\Python\Python312\Lib\site-packages\sqlparse\filters\output.py first seen with mtime 1723326129.91682
File C:\Users\Fulgrim\AppData\Local\Programs\Python\Python312\Lib\site-packages\django\contrib\admin\utils.py first seen with mtime 1723326130.4784036
File C:\Users\Fulgrim\AppData\Local\Programs\Python\Python312\Lib\asyncio\proactor_events.py first seen with mtime 1717714452.0
File C:\Users\Fulgrim\.vscode\extensions\ms-python.debugpy-2024.12.0-win32-x64\bundled\libs\debugpy\_vendored\pydevd\_pydevd_bundle\pydevd_process_net_command_json.py first seen with mtime 1729949493.0346174
File C:\Users\Fulgrim\AppData\Local\Programs\Python\Python312\Lib\site-packages\django\db\models\sql\subqueries.py first seen with mtime 1723326131.9755762
File C:\Users\Fulgrim\AppData\Local\Programs\Python\Python312\Lib\site-packages\django\views\debug.py first seen with mtime 1723326132.0711086
File C:\Users\Fulgrim\AppData\Local\Programs\Python\Python312\Lib\site-packages\django\db\migrations\operations\__init__.py first seen with mtime 1723326131.9595635
File C:\Users\Fulgrim\AppData\Local\Programs\Python\Python312\Lib\site-packages\django\utils\version.py first seen with mtime 1723326132.0711086
File C:\Users\Fulgrim\.vscode\extensions\ms-python.debugpy-2024.12.0-win32-x64\bundled\libs\debugpy\_vendored\pydevd\_pydevd_bundle\pydevd_save_locals.py first seen with mtime 1729949493.00831
File C:\Users\Fulgrim\AppData\Local\Programs\Python\Python312\Lib\encodings\idna.py first seen with mtime 1717714452.0
File C:\Users\Fulgrim\AppData\Local\Programs\Python\Python312\Lib\site-packages\sqlparse\filters\right_margin.py first seen with mtime 1723326129.91682
File C:\Users\Fulgrim\AppData\Local\Programs\Python\Python312\Lib\ssl.py first seen with mtime 1717714452.0
File C:\Users\Fulgrim\AppData\Local\Programs\Python\Python312\Lib\traceback.py first seen with mtime 1717714452.0
File C:\Users\Fulgrim\AppData\Local\Programs\Python\Python312\Lib\code.py first seen with mtime 1717714452.0
File C:\Users\Fulgrim\AppData\Local\Programs\Python\Python312\Lib\enum.py first seen with mtime 1717714452.0
File C:\Users\Fulgrim\AppData\Local\Programs\Python\Python312\Lib\site-packages\django\core\checks\__init__.py first seen with mtime 1723326131.880859
File C:\xampp\htdocs\AVITech\Prueba5\SGC\templates\.last_build_id first seen with mtime 1729949419.8221009
File C:\xampp\htdocs\AVITech\Prueba5\SGC\templates\assets first seen with mtime 1729949419.831601
File C:\xampp\htdocs\AVITech\Prueba5\SGC\templates\canvaskit first seen with mtime 1729949419.9367752
File C:\xampp\htdocs\AVITech\Prueba5\SGC\templates\favicon.png first seen with mtime 1729949419.937775
File C:\xampp\htdocs\AVITech\Prueba5\SGC\templates\flutter.js first seen with mtime 1729949419.9382749
File C:\xampp\htdocs\AVITech\Prueba5\SGC\templates\flutter_bootstrap.js first seen with mtime 1729949419.9387765
File C:\xampp\htdocs\AVITech\Prueba5\SGC\templates\flutter_service_worker.js first seen with mtime 1729949419.9387765
File C:\xampp\htdocs\AVITech\Prueba5\SGC\templates\icons first seen with mtime 1729949419.9407775
File C:\xampp\htdocs\AVITech\Prueba5\SGC\templates\index.html first seen with mtime 1729949419.9407775
File C:\xampp\htdocs\AVITech\Prueba5\SGC\templates\mail_activacion.html first seen with mtime 1732379272.7971792
File C:\xampp\htdocs\AVITech\Prueba5\SGC\templates\main.dart.js first seen with mtime 1729949419.957895
File C:\xampp\htdocs\AVITech\Prueba5\SGC\templates\manifest.json first seen with mtime 1729949419.9584026
File C:\xampp\htdocs\AVITech\Prueba5\SGC\templates\registration first seen with mtime 1729949419.9588957
File C:\xampp\htdocs\AVITech\Prueba5\SGC\templates\version.json first seen with mtime 1729949419.959395
File C:\xampp\htdocs\AVITech\Prueba5\SGC\templates\viejo first seen with mtime 1729949419.9623952
File C:\xampp\htdocs\AVITech\Prueba5\SGC\templates\assets\AssetManifest.bin first seen with mtime 1729949419.8226013
File C:\xampp\htdocs\AVITech\Prueba5\SGC\templates\assets\AssetManifest.bin.json first seen with mtime 1729949419.8231018
File C:\xampp\htdocs\AVITech\Prueba5\SGC\templates\assets\AssetManifest.json first seen with mtime 1729949419.8236065
File C:\xampp\htdocs\AVITech\Prueba5\SGC\templates\assets\FontManifest.json first seen with mtime 1729949419.8241012
File C:\xampp\htdocs\AVITech\Prueba5\SGC\templates\assets\fonts first seen with mtime 1729949419.830102
File C:\xampp\htdocs\AVITech\Prueba5\SGC\templates\assets\NOTICES first seen with mtime 1729949419.8296015
File C:\xampp\htdocs\AVITech\Prueba5\SGC\templates\assets\packages first seen with mtime 1729949419.830602
File C:\xampp\htdocs\AVITech\Prueba5\SGC\templates\assets\shaders first seen with mtime 1729949419.831601
File C:\xampp\htdocs\AVITech\Prueba5\SGC\templates\canvaskit\canvaskit.js first seen with mtime 1729949419.8321009
File C:\xampp\htdocs\AVITech\Prueba5\SGC\templates\canvaskit\canvaskit.js.symbols first seen with mtime 1729949419.835614
File C:\xampp\htdocs\AVITech\Prueba5\SGC\templates\canvaskit\canvaskit.wasm first seen with mtime 1729949419.8657606
File C:\xampp\htdocs\AVITech\Prueba5\SGC\templates\canvaskit\chromium first seen with mtime 1729949419.8994582
File C:\xampp\htdocs\AVITech\Prueba5\SGC\templates\canvaskit\skwasm.js first seen with mtime 1729949419.902171
File C:\xampp\htdocs\AVITech\Prueba5\SGC\templates\canvaskit\skwasm.js.symbols first seen with mtime 1729949419.9082005
File C:\xampp\htdocs\AVITech\Prueba5\SGC\templates\canvaskit\skwasm.wasm first seen with mtime 1729949419.9362824
File C:\xampp\htdocs\AVITech\Prueba5\SGC\templates\canvaskit\skwasm.worker.js first seen with mtime 1729949419.9372752
File C:\xampp\htdocs\AVITech\Prueba5\SGC\templates\icons\Icon-192.png first seen with mtime 1729949419.9397757
File C:\xampp\htdocs\AVITech\Prueba5\SGC\templates\icons\Icon-512.png first seen with mtime 1729949419.9397757
File C:\xampp\htdocs\AVITech\Prueba5\SGC\templates\icons\Icon-maskable-192.png first seen with mtime 1729949419.9402738
File C:\xampp\htdocs\AVITech\Prueba5\SGC\templates\icons\Icon-maskable-512.png first seen with mtime 1729949419.9407775
File C:\xampp\htdocs\AVITech\Prueba5\SGC\templates\registration\password_reset_email.html first seen with mtime 1729949419.959395
File C:\xampp\htdocs\AVITech\Prueba5\SGC\templates\viejo\index.html first seen with mtime 1729949419.959895
File C:\xampp\htdocs\AVITech\Prueba5\SGC\templates\viejo\pagina2.html first seen with mtime 1729949419.960395
File C:\xampp\htdocs\AVITech\Prueba5\SGC\templates\viejo\pagina3.html first seen with mtime 1729949419.960395
File C:\xampp\htdocs\AVITech\Prueba5\SGC\templates\viejo\pagina4.html first seen with mtime 1729949419.9613943
File C:\xampp\htdocs\AVITech\Prueba5\SGC\templates\viejo\pagina5.html first seen with mtime 1729949419.9618938
File C:\xampp\htdocs\AVITech\Prueba5\SGC\templates\viejo\pagina6.html first seen with mtime 1729949419.9623952
File C:\xampp\htdocs\AVITech\Prueba5\SGC\templates\assets\fonts\MaterialIcons-Regular.otf first seen with mtime 1729949419.830602
File C:\xampp\htdocs\AVITech\Prueba5\SGC\templates\assets\packages\cupertino_icons first seen with mtime 1729949419.8311193
File C:\xampp\htdocs\AVITech\Prueba5\SGC\templates\assets\shaders\ink_sparkle.frag first seen with mtime 1729949419.831601
File C:\xampp\htdocs\AVITech\Prueba5\SGC\templates\assets\packages\cupertino_icons\assets first seen with mtime 1729949419.8311193
File C:\xampp\htdocs\AVITech\Prueba5\SGC\templates\assets\packages\cupertino_icons\assets\CupertinoIcons.ttf first seen with mtime 1729949419.831601
File C:\xampp\htdocs\AVITech\Prueba5\SGC\templates\canvaskit\chromium\canvaskit.js first seen with mtime 1729949419.8667588
File C:\xampp\htdocs\AVITech\Prueba5\SGC\templates\canvaskit\chromium\canvaskit.js.symbols first seen with mtime 1729949419.872394
File C:\xampp\htdocs\AVITech\Prueba5\SGC\templates\canvaskit\chromium\canvaskit.wasm first seen with mtime 1729949419.9011657
Watching for file changes with StatReloader
Waiting for apps ready_event.
Main Django thread has terminated before apps are ready.
Apps ready_event triggered. Sending autoreload_started signal.
Watching dir C:\xampp\htdocs\AVITech\Prueba5\SGC\templates with glob **/*.
File C:\Users\Fulgrim\AppData\Local\Programs\Python\Python312\Lib\_markupbase.py first seen with mtime 1717714452.0
File C:\Users\Fulgrim\AppData\Local\Programs\Python\Python312\Lib\site-packages\django\middleware\__init__.py first seen with mtime 1723326132.023344
File C:\Users\Fulgrim\AppData\Local\Programs\Python\Python312\Lib\codecs.py first seen with mtime 1717714452.0
File C:\Users\Fulgrim\AppData\Local\Programs\Python\Python312\Lib\site-packages\django\utils\autoreload.py first seen with mtime 1723326132.0550916
File C:\Users\Fulgrim\AppData\Local\Programs\Python\Python312\Lib\site-packages\django\utils\dateformat.py first seen with mtime 1723326132.0550916
File C:\Users\Fulgrim\AppData\Local\Programs\Python\Python312\DLLs\_queue.pyd first seen with mtime 1717714502.0
File C:\Users\Fulgrim\AppData\Local\Programs\Python\Python312\Lib\site-packages\rest_framework\authtoken\apps.py first seen with mtime 1723326139.5708861
File C:\Users\Fulgrim\AppData\Local\Programs\Python\Python312\Lib\socket.py first seen with mtime 1717714452.0
File C:\Users\Fulgrim\AppData\Local\Programs\Python\Python312\Lib\site-packages\django\template\autoreload.py first seen with mtime 1723326132.023344
File C:\Users\Fulgrim\AppData\Local\Programs\Python\Python312\Lib\site-packages\django\utils\timezone.py first seen with mtime 1723326132.0711086
File C:\Users\Fulgrim\AppData\Local\Programs\Python\Python312\Lib\linecache.py first seen with mtime 1717714452.0
File C:\Users\Fulgrim\AppData\Local\Programs\Python\Python312\Lib\ast.py first seen with mtime 1717714452.0
File C:\Users\Fulgrim\.vscode\extensions\ms-python.debugpy-2024.12.0-win32-x64\bundled\libs\debugpy\_vendored\pydevd\_pydevd_bundle\_debug_adapter\pydevd_base_schema.py first seen with mtime 1729949493.8186185
File C:\Users\Fulgrim\AppData\Local\Programs\Python\Python312\Lib\site-packages\sqlparse\engine\__init__.py first seen with mtime 1723326129.91682
File C:\Users\Fulgrim\AppData\Local\Programs\Python\Python312\Lib\site-packages\django\templatetags\l10n.py first seen with mtime 1723326132.03898
File C:\Users\Fulgrim\AppData\Local\Programs\Python\Python312\Lib\site-packages\django\template\engine.py first seen with mtime 1723326132.023344
File C:\Users\Fulgrim\AppData\Local\Programs\Python\Python312\Lib\email\errors.py first seen with mtime 1717714452.0
File C:\Users\Fulgrim\AppData\Local\Programs\Python\Python312\Lib\asyncio\transports.py first seen with mtime 1717714452.0
File C:\Users\Fulgrim\AppData\Local\Programs\Python\Python312\Lib\site-packages\django\db\models\functions\math.py first seen with mtime 1723326131.9755762
File C:\Users\Fulgrim\AppData\Local\Programs\Python\Python312\Lib\site-packages\django\core\validators.py first seen with mtime 1723326131.880859
File C:\Users\Fulgrim\AppData\Local\Programs\Python\Python312\Lib\shutil.py first seen with mtime 1717714452.0
File C:\Users\Fulgrim\AppData\Local\Programs\Python\Python312\Lib\site-packages\django\core\checks\caches.py first seen with mtime 1723326131.880859
File C:\Users\Fulgrim\AppData\Local\Programs\Python\Python312\Lib\site-packages\django\contrib\staticfiles\__init__.py first seen with mtime 1723326131.8748426
File C:\Users\Fulgrim\AppData\Local\Programs\Python\Python312\Lib\site-packages\django\db\migrations\exceptions.py first seen with mtime 1723326131.9438665
File C:\Users\Fulgrim\AppData\Local\Programs\Python\Python312\Lib\site-packages\django\db\models\aggregates.py first seen with mtime 1723326131.9595635
File C:\Users\Fulgrim\AppData\Local\Programs\Python\Python312\Lib\site-packages\django\core\checks\files.py first seen with mtime 1723326131.880859
File C:\Users\Fulgrim\AppData\Local\Programs\Python\Python312\Lib\site-packages\django\core\files\temp.py first seen with mtime 1723326131.8964987
File C:\Users\Fulgrim\.vscode\extensions\ms-python.debugpy-2024.12.0-win32-x64\bundled\libs\debugpy\_vendored\pydevd\_pydev_bundle\pydev_imports.py first seen with mtime 1729949492.8181784
File C:\Users\Fulgrim\AppData\Local\Programs\Python\Python312\Lib\dataclasses.py first seen with mtime 1717714452.0
File C:\Users\Fulgrim\AppData\Local\Programs\Python\Python312\Lib\site-packages\django\utils\dates.py first seen with mtime 1723326132.0550916
File C:\Users\Fulgrim\AppData\Local\Programs\Python\Python312\Lib\site-packages\sqlparse\filters\reindent.py first seen with mtime 1723326129.91682
File C:\Users\Fulgrim\AppData\Local\Programs\Python\Python312\Lib\site-packages\django\forms\fields.py first seen with mtime 1723326131.9755762
File C:\Users\Fulgrim\AppData\Local\Programs\Python\Python312\Lib\site.py first seen with mtime 1717714452.0
File C:\Users\Fulgrim\AppData\Local\Programs\Python\Python312\Lib\site-packages\django\utils\decorators.py first seen with mtime 1723326132.0550916
File C:\Users\Fulgrim\AppData\Local\Programs\Python\Python312\Lib\site-packages\django\contrib\admin\exceptions.py first seen with mtime 1723326130.4723978
File C:\Users\Fulgrim\AppData\Local\Programs\Python\Python312\Lib\email\_parseaddr.py first seen with mtime 1717714452.0
File C:\Users\Fulgrim\.vscode\extensions\ms-python.debugpy-2024.12.0-win32-x64\bundled\libs\debugpy\_vendored\pydevd\_pydevd_bundle\pydevd_plugin_utils.py first seen with mtime 1729949493.0599725
File C:\Users\Fulgrim\AppData\Local\Programs\Python\Python312\Lib\site-packages\django\utils\formats.py first seen with mtime 1723326132.0550916
File C:\Users\Fulgrim\AppData\Local\Programs\Python\Python312\Lib\os.py first seen with mtime 1717714452.0
File C:\Users\Fulgrim\AppData\Local\Programs\Python\Python312\Lib\site-packages\django\views\decorators\cache.py first seen with mtime 1723326132.0711086
File C:\Users\Fulgrim\AppData\Local\Programs\Python\Python312\Lib\hmac.py first seen with mtime 1717714452.0
File C:\Users\Fulgrim\AppData\Local\Programs\Python\Python312\Lib\site-packages\django\__init__.py first seen with mtime 1723326130.289361
File C:\Users\Fulgrim\AppData\Local\Programs\Python\Python312\Lib\site-packages\django\forms\__init__.py first seen with mtime 1723326131.9755762
File C:\Users\Fulgrim\AppData\Local\Programs\Python\Python312\Lib\site-packages\django\db\transaction.py first seen with mtime 1723326131.9282298
File C:\Users\Fulgrim\AppData\Local\Programs\Python\Python312\Lib\email\parser.py first seen with mtime 1717714452.0
File C:\Users\Fulgrim\.vscode\extensions\ms-python.debugpy-2024.12.0-win32-x64\bundled\libs\debugpy\_vendored\pydevd\_pydevd_bundle\pydevd_defaults.py first seen with mtime 1729949493.157993
File C:\Users\Fulgrim\AppData\Local\Programs\Python\Python312\Lib\pydoc.py first seen with mtime 1717714452.0
File C:\Users\Fulgrim\AppData\Local\Programs\Python\Python312\Lib\site-packages\django\template\backends\__init__.py first seen with mtime 1723326132.03898
File C:\Users\Fulgrim\AppData\Local\Programs\Python\Python312\Lib\json\scanner.py first seen with mtime 1717714452.0
File C:\Users\Fulgrim\AppData\Local\Programs\Python\Python312\Lib\site-packages\django\core\serializers\python.py first seen with mtime 1723326131.9282298
File C:\Users\Fulgrim\AppData\Local\Programs\Python\Python312\Lib\wsgiref\__init__.py first seen with mtime 1717714452.0
File C:\Users\Fulgrim\AppData\Local\Programs\Python\Python312\Lib\site-packages\django\core\files\images.py first seen with mtime 1723326131.8964987
File C:\Users\Fulgrim\AppData\Local\Programs\Python\Python312\Lib\site-packages\sqlparse\filters\right_margin.py first seen with mtime 1723326129.91682
File C:\Users\Fulgrim\AppData\Local\Programs\Python\Python312\Lib\site-packages\django\core\serializers\base.py first seen with mtime 1723326131.9222176
File C:\Users\Fulgrim\.vscode\extensions\ms-python.debugpy-2024.12.0-win32-x64\bundled\libs\debugpy\_vendored\pydevd\_pydevd_bundle\pydevd_timeout.py first seen with mtime 1729949492.9747283
File C:\Users\Fulgrim\.vscode\extensions\ms-python.debugpy-2024.12.0-win32-x64\bundled\libs\debugpy\_vendored\pydevd\pydevd_plugins\jinja2_debug.py first seen with mtime 1729949493.4652512
File C:\Users\Fulgrim\AppData\Local\Programs\Python\Python312\Lib\site-packages\django\core\checks\compatibility\django_4_0.py first seen with mtime 1723326131.8964987
File C:\Users\Fulgrim\AppData\Local\Programs\Python\Python312\Lib\site-packages\django\db\models\constants.py first seen with mtime 1723326131.9595635
File C:\Users\Fulgrim\AppData\Local\Programs\Python\Python312\Lib\site-packages\django\views\generic\detail.py first seen with mtime 1723326132.0711086
File C:\Users\Fulgrim\AppData\Local\Programs\Python\Python312\Lib\site-packages\django\db\models\fields\json.py first seen with mtime 1723326131.9695692
File C:\Users\Fulgrim\.vscode\extensions\ms-python.debugpy-2024.12.0-win32-x64\bundled\libs\debugpy\_vendored\pydevd\_pydevd_bundle\pydevd_dont_trace_files.py first seen with mtime 1729949493.1460335
File C:\Users\Fulgrim\AppData\Local\Programs\Python\Python312\Lib\posixpath.py first seen with mtime 1717714452.0
File C:\Users\Fulgrim\AppData\Local\Programs\Python\Python312\Lib\site-packages\django\views\generic\__init__.py first seen with mtime 1723326132.0711086
File C:\Users\Fulgrim\.vscode\extensions\ms-python.debugpy-2024.12.0-win32-x64\bundled\libs\debugpy\_vendored\pydevd\_pydev_bundle\_pydev_tipper_common.py first seen with mtime 1729949492.7372158
File C:\Users\Fulgrim\AppData\Local\Programs\Python\Python312\Lib\site-packages\django\contrib\messages\storage\base.py first seen with mtime 1723326131.4927073
File C:\Users\Fulgrim\AppData\Local\Programs\Python\Python312\Lib\email\iterators.py first seen with mtime 1717714452.0
File C:\Users\Fulgrim\.vscode\extensions\ms-python.debugpy-2024.12.0-win32-x64\bundled\libs\debugpy\_vendored\pydevd\_pydevd_frame_eval\vendored\bytecode\__init__.py first seen with mtime 1729949493.9908874
File C:\Users\Fulgrim\AppData\Local\Programs\Python\Python312\Lib\site-packages\sqlparse\engine\grouping.py first seen with mtime 1723326129.91682
File C:\Users\Fulgrim\AppData\Local\Programs\Python\Python312\Lib\email\_encoded_words.py first seen with mtime 1717714452.0
File C:\Users\Fulgrim\AppData\Local\Programs\Python\Python312\Lib\tokenize.py first seen with mtime 1717714452.0
File C:\Users\Fulgrim\.vscode\extensions\ms-python.debugpy-2024.12.0-win32-x64\bundled\libs\debugpy\_vendored\pydevd\_pydevd_frame_eval\__init__.py first seen with mtime 1729949492.8717146
File C:\Users\Fulgrim\AppData\Local\Programs\Python\Python312\Lib\site-packages\django\core\checks\translation.py first seen with mtime 1723326131.8964987
File C:\Users\Fulgrim\AppData\Local\Programs\Python\Python312\Lib\site-packages\django\template\loaders\cached.py first seen with mtime 1723326132.03898
File C:\Users\Fulgrim\AppData\Local\Programs\Python\Python312\Lib\site-packages\django\utils\log.py first seen with mtime 1723326132.065099
File C:\Users\Fulgrim\AppData\Local\Programs\Python\Python312\Lib\site-packages\django\core\checks\model_checks.py first seen with mtime 1723326131.880859
File C:\Users\Fulgrim\AppData\Local\Programs\Python\Python312\Lib\site-packages\django\apps\__init__.py first seen with mtime 1723326130.289361
File C:\Users\Fulgrim\AppData\Local\Programs\Python\Python312\Lib\site-packages\django\contrib\staticfiles\checks.py first seen with mtime 1723326131.8748426
File C:\Users\Fulgrim\AppData\Local\Programs\Python\Python312\Lib\enum.py first seen with mtime 1717714452.0
File C:\Users\Fulgrim\AppData\Local\Programs\Python\Python312\Lib\opcode.py first seen with mtime 1717714452.0
File C:\Users\Fulgrim\.vscode\extensions\ms-python.debugpy-2024.12.0-win32-x64\bundled\libs\debugpy\_vendored\pydevd\_pydevd_bundle\pydevd_trace_dispatch.py first seen with mtime 1729949492.9659214
File C:\Users\Fulgrim\AppData\Local\Programs\Python\Python312\Lib\asyncio\mixins.py first seen with mtime 1717714452.0
File C:\Users\Fulgrim\.vscode\extensions\ms-python.debugpy-2024.12.0-win32-x64\bundled\libs\debugpy\_vendored\pydevd\_pydevd_bundle\pydevd_resolver.py first seen with mtime 1729949493.021629
File C:\Users\Fulgrim\AppData\Local\Programs\Python\Python312\Lib\xmlrpc\server.py first seen with mtime 1717714452.0
File C:\Users\Fulgrim\.vscode\extensions\ms-python.debugpy-2024.12.0-win32-x64\bundled\libs\debugpy\_vendored\pydevd\_pydevd_bundle\pydevd_concurrency_analyser\pydevd_thread_wrappers.py first seen with mtime 1729949493.8340857
File C:\Users\Fulgrim\.vscode\extensions\ms-python.debugpy-2024.12.0-win32-x64\bundled\libs\debugpy\_vendored\pydevd\pydevd_plugins\extensions\types\__init__.py first seen with mtime 1729949494.0127976
File C:\Users\Fulgrim\AppData\Local\Programs\Python\Python312\Lib\ssl.py first seen with mtime 1717714452.0
File C:\Users\Fulgrim\.vscode\extensions\ms-python.debugpy-2024.12.0-win32-x64\bundled\libs\debugpy\_vendored\pydevd\_pydevd_bundle\pydevd_process_net_command_json.py first seen with mtime 1729949493.0346174
File C:\Users\Fulgrim\AppData\Local\Programs\Python\Python312\Lib\codeop.py first seen with mtime 1717714452.0
File C:\Users\Fulgrim\AppData\Local\Programs\Python\Python312\Lib\calendar.py first seen with mtime 1717714452.0
File C:\Users\Fulgrim\AppData\Local\Programs\Python\Python312\Lib\site-packages\django\template\smartif.py first seen with mtime 1723326132.03898
File C:\Users\Fulgrim\AppData\Local\Programs\Python\Python312\Lib\logging\__init__.py first seen with mtime 1717714452.0
File C:\Users\Fulgrim\AppData\Local\Programs\Python\Python312\Lib\site-packages\django\contrib\admin\views\__init__.py first seen with mtime 1723326130.7712703
File C:\Users\Fulgrim\AppData\Local\Programs\Python\Python312\Lib\site-packages\django\views\decorators\common.py first seen with mtime 1723326132.0711086
File C:\Users\Fulgrim\.vscode\extensions\ms-python.debugpy-2024.12.0-win32-x64\bundled\libs\debugpy\_vendored\pydevd\_pydevd_bundle\pydevd_io.py first seen with mtime 1729949493.102326
File C:\Users\Fulgrim\AppData\Local\Programs\Python\Python312\Lib\asyncio\protocols.py first seen with mtime 1717714452.0
File C:\Users\Fulgrim\AppData\Local\Programs\Python\Python312\Lib\site-packages\django\db\models\functions\mixins.py first seen with mtime 1723326131.9755762
File C:\Users\Fulgrim\AppData\Local\Programs\Python\Python312\Lib\asyncio\log.py first seen with mtime 1717714452.0
File C:\Users\Fulgrim\AppData\Local\Programs\Python\Python312\Lib\re\_compiler.py first seen with mtime 1717714452.0
File C:\Users\Fulgrim\AppData\Local\Programs\Python\Python312\Lib\site-packages\django\template\loaders\__init__.py first seen with mtime 1723326132.03898
File C:\Users\Fulgrim\AppData\Local\Programs\Python\Python312\Lib\socketserver.py first seen with mtime 1717714452.0
File C:\Users\Fulgrim\AppData\Local\Programs\Python\Python312\Lib\site-packages\django\db\migrations\state.py first seen with mtime 1723326131.9595635
File C:\Users\Fulgrim\AppData\Local\Programs\Python\Python312\Lib\email\mime\base.py first seen with mtime 1717714452.0
File C:\Users\Fulgrim\.vscode\extensions\ms-python.debugpy-2024.12.0-win32-x64\bundled\libs\debugpy\_vendored\pydevd\_pydevd_frame_eval\vendored\bytecode\cfg.py first seen with mtime 1729949494.008777
File C:\Users\Fulgrim\AppData\Local\Programs\Python\Python312\Lib\site-packages\django\db\models\sql\query.py first seen with mtime 1723326131.9755762
File C:\Users\Fulgrim\AppData\Local\Programs\Python\Python312\Lib\email\utils.py first seen with mtime 1717714452.0
File C:\Users\Fulgrim\AppData\Local\Programs\Python\Python312\Lib\site-packages\django\utils\translation\__init__.py first seen with mtime 1723326132.0711086
File C:\Users\Fulgrim\AppData\Local\Programs\Python\Python312\Lib\struct.py first seen with mtime 1717714452.0
File C:\Users\Fulgrim\AppData\Local\Programs\Python\Python312\Lib\site-packages\django\contrib\staticfiles\utils.py first seen with mtime 1723326131.880859
File C:\Users\Fulgrim\AppData\Local\Programs\Python\Python312\Lib\site-packages\django\utils\version.py first seen with mtime 1723326132.0711086
File C:\Users\Fulgrim\AppData\Local\Programs\Python\Python312\Lib\asyncio\selector_events.py first seen with mtime 1717714452.0
File C:\Users\Fulgrim\AppData\Local\Programs\Python\Python312\Lib\site-packages\django\db\models\constraints.py first seen with mtime 1723326131.9595635
File C:\Users\Fulgrim\AppData\Local\Programs\Python\Python312\Lib\encodings\aliases.py first seen with mtime 1717714452.0
File C:\Users\Fulgrim\AppData\Local\Programs\Python\Python312\Lib\operator.py first seen with mtime 1717714452.0
File C:\Users\Fulgrim\AppData\Local\Programs\Python\Python312\Lib\site-packages\django\db\models\fields\proxy.py first seen with mtime 1723326131.9695692
File C:\Users\Fulgrim\AppData\Local\Programs\Python\Python312\Lib\_collections_abc.py first seen with mtime 1717714452.0
File C:\Users\Fulgrim\AppData\Local\Programs\Python\Python312\DLLs\_bz2.pyd first seen with mtime 1717714502.0
File C:\Users\Fulgrim\AppData\Local\Programs\Python\Python312\Lib\site-packages\django\core\exceptions.py first seen with mtime 1723326131.880859
File C:\Users\Fulgrim\AppData\Local\Programs\Python\Python312\Lib\asyncio\locks.py first seen with mtime 1717714452.0
File C:\Users\Fulgrim\AppData\Local\Programs\Python\Python312\Lib\site-packages\django\db\utils.py first seen with mtime 1723326131.9282298
File C:\Users\Fulgrim\AppData\Local\Programs\Python\Python312\Lib\site-packages\django\core\__init__.py first seen with mtime 1723326131.880859
File C:\Users\Fulgrim\AppData\Local\Programs\Python\Python312\Lib\re\__init__.py first seen with mtime 1717714452.0
File C:\Users\Fulgrim\AppData\Local\Programs\Python\Python312\Lib\asyncio\runners.py first seen with mtime 1717714452.0
File C:\Users\Fulgrim\AppData\Local\Programs\Python\Python312\Lib\io.py first seen with mtime 1717714452.0
File C:\Users\Fulgrim\AppData\Local\Programs\Python\Python312\Lib\site-packages\django\core\management\__init__.py first seen with mtime 1723326131.912207
File C:\Users\Fulgrim\AppData\Local\Programs\Python\Python312\Lib\site-packages\django\db\models\functions\text.py first seen with mtime 1723326131.9755762
File C:\Users\Fulgrim\AppData\Local\Programs\Python\Python312\Lib\queue.py first seen with mtime 1717714452.0
File C:\Users\Fulgrim\AppData\Local\Programs\Python\Python312\Lib\asyncio\coroutines.py first seen with mtime 1717714452.0
File C:\Users\Fulgrim\AppData\Local\Programs\Python\Python312\Lib\site-packages\django\template\base.py first seen with mtime 1723326132.023344
File C:\Users\Fulgrim\AppData\Local\Programs\Python\Python312\Lib\site-packages\sqlparse\filters\output.py first seen with mtime 1723326129.91682
File C:\Users\Fulgrim\AppData\Local\Programs\Python\Python312\Lib\asyncio\windows_utils.py first seen with mtime 1717714452.0
File C:\Users\Fulgrim\AppData\Local\Programs\Python\Python312\Lib\contextlib.py first seen with mtime 1717714452.0
File C:\Users\Fulgrim\AppData\Local\Programs\Python\Python312\Lib\site-packages\django\contrib\messages\constants.py first seen with mtime 1723326131.4927073
File C:\Users\Fulgrim\AppData\Local\Programs\Python\Python312\Lib\site-packages\django\core\handlers\base.py first seen with mtime 1723326131.8964987
File C:\Users\Fulgrim\AppData\Local\Programs\Python\Python312\Lib\site-packages\sqlparse\filters\others.py first seen with mtime 1723326129.91682
File C:\Users\Fulgrim\AppData\Local\Programs\Python\Python312\Lib\xml\__init__.py first seen with mtime 1717714452.0
File C:\Users\Fulgrim\.vscode\extensions\ms-python.debugpy-2024.12.0-win32-x64\bundled\libs\debugpy\_vendored\pydevd\_pydevd_bundle\_debug_adapter\pydevd_schema.py first seen with mtime 1729949493.8164606
File C:\Users\Fulgrim\.vscode\extensions\ms-python.debugpy-2024.12.0-win32-x64\bundled\libs\debugpy\_vendored\pydevd\_pydevd_bundle\pydevd_save_locals.py first seen with mtime 1729949493.00831
File C:\Users\Fulgrim\AppData\Local\Programs\Python\Python312\Lib\site-packages\django\core\checks\compatibility\__init__.py first seen with mtime 1723326131.8964987
File C:\Users\Fulgrim\AppData\Local\Programs\Python\Python312\Lib\site-packages\django\db\migrations\utils.py first seen with mtime 1723326131.9595635
File C:\Users\Fulgrim\AppData\Local\Programs\Python\Python312\Lib\heapq.py first seen with mtime 1717714452.0
File C:\Users\Fulgrim\.vscode\extensions\ms-python.debugpy-2024.12.0-win32-x64\bundled\libs\debugpy\_vendored\pydevd\_pydevd_bundle\pydevd_process_net_command.py first seen with mtime 1729949493.0482569
File C:\Users\Fulgrim\AppData\Local\Programs\Python\Python312\Lib\site-packages\sqlparse\engine\filter_stack.py first seen with mtime 1723326129.91682
File C:\Users\Fulgrim\AppData\Local\Programs\Python\Python312\Lib\zoneinfo\__init__.py first seen with mtime 1717714452.0
File C:\Users\Fulgrim\AppData\Local\Programs\Python\Python312\Lib\pathlib.py first seen with mtime 1717714452.0
File C:\Users\Fulgrim\AppData\Local\Programs\Python\Python312\Lib\copy.py first seen with mtime 1717714452.0
File C:\Users\Fulgrim\AppData\Local\Programs\Python\Python312\Lib\site-packages\django\utils\termcolors.py first seen with mtime 1723326132.065099
File C:\Users\Fulgrim\AppData\Local\Programs\Python\Python312\Lib\site-packages\django\contrib\sites\management.py first seen with mtime 1723326131.7706008
File C:\Users\Fulgrim\AppData\Local\Programs\Python\Python312\Lib\xml\parsers\__init__.py first seen with mtime 1717714452.0
File C:\Users\Fulgrim\AppData\Local\Programs\Python\Python312\Lib\asyncio\base_tasks.py first seen with mtime 1717714452.0
File C:\Users\Fulgrim\AppData\Local\Programs\Python\Python312\Lib\site-packages\django\forms\boundfield.py first seen with mtime 1723326131.9755762
File C:\Users\Fulgrim\AppData\Local\Programs\Python\Python312\Lib\site-packages\django\db\models\fields\related_descriptors.py first seen with mtime 1723326131.9755762
File C:\Users\Fulgrim\AppData\Local\Programs\Python\Python312\Lib\zoneinfo\_common.py first seen with mtime 1717714452.0
File C:\Users\Fulgrim\.vscode\extensions\ms-python.debugpy-2024.12.0-win32-x64\bundled\libs\debugpy\_vendored\pydevd\_pydev_bundle\_pydev_execfile.py first seen with mtime 1729949492.7746072
File C:\Users\Fulgrim\AppData\Local\Programs\Python\Python312\Lib\site-packages\django\utils\_os.py first seen with mtime 1723326132.0550916
File C:\Users\Fulgrim\AppData\Local\Programs\Python\Python312\Lib\site-packages\django\conf\global_settings.py first seen with mtime 1723326130.289361
File C:\Users\Fulgrim\AppData\Local\Programs\Python\Python312\Lib\site-packages\django\db\migrations\__init__.py first seen with mtime 1723326131.9438665
File C:\Users\Fulgrim\AppData\Local\Programs\Python\Python312\Lib\abc.py first seen with mtime 1717714452.0
File C:\Users\Fulgrim\.vscode\extensions\ms-python.debugpy-2024.12.0-win32-x64\bundled\libs\debugpy\_vendored\pydevd\_pydevd_bundle\pydevd_traceproperty.py first seen with mtime 1729949492.9703639
File C:\Users\Fulgrim\AppData\Local\Programs\Python\Python312\Lib\site-packages\django\conf\locale\__init__.py first seen with mtime 1723326130.289361
File C:\Users\Fulgrim\AppData\Local\Programs\Python\Python312\Lib\site-packages\django\views\generic\edit.py first seen with mtime 1723326132.0711086
File C:\Users\Fulgrim\AppData\Local\Programs\Python\Python312\Lib\site-packages\django\views\__init__.py first seen with mtime 1723326132.0711086
File C:\Users\Fulgrim\.vscode\extensions\ms-python.debugpy-2024.12.0-win32-x64\bundled\libs\debugpy\_vendored\pydevd\_pydev_runfiles\__init__.py first seen with mtime 1729949492.7040522
File C:\Users\Fulgrim\AppData\Local\Programs\Python\Python312\Lib\site-packages\django\core\signing.py first seen with mtime 1723326131.880859
File C:\Users\Fulgrim\AppData\Local\Programs\Python\Python312\Lib\site-packages\django\db\backends\base\operations.py first seen with mtime 1723326131.9282298
File C:\Users\Fulgrim\.vscode\extensions\ms-python.debugpy-2024.12.0-win32-x64\bundled\libs\debugpy\_vendored\pydevd\pydevd_plugins\extensions\__init__.py first seen with mtime 1729949493.8399878
File C:\Users\Fulgrim\AppData\Local\Programs\Python\Python312\Lib\asyncio\queues.py first seen with mtime 1717714452.0
File C:\Users\Fulgrim\AppData\Local\Programs\Python\Python312\Lib\email\charset.py first seen with mtime 1717714452.0
File C:\Users\Fulgrim\AppData\Local\Programs\Python\Python312\Lib\encodings\__init__.py first seen with mtime 1717714452.0
File C:\Users\Fulgrim\AppData\Local\Programs\Python\Python312\Lib\token.py first seen with mtime 1717714452.0
File C:\Users\Fulgrim\AppData\Local\Programs\Python\Python312\Lib\site-packages\django\db\__init__.py first seen with mtime 1723326131.9282298
File C:\Users\Fulgrim\AppData\Local\Programs\Python\Python312\Lib\site-packages\django\contrib\auth\checks.py first seen with mtime 1723326130.8974733
File C:\Users\Fulgrim\AppData\Local\Programs\Python\Python312\Lib\site-packages\django\core\handlers\wsgi.py first seen with mtime 1723326131.8964987
File C:\Users\Fulgrim\AppData\Local\Programs\Python\Python312\Lib\site-packages\django\db\migrations\operations\fields.py first seen with mtime 1723326131.9595635
File C:\Users\Fulgrim\AppData\Local\Programs\Python\Python312\Lib\site-packages\django\db\models\base.py first seen with mtime 1723326131.9595635
File C:\Users\Fulgrim\.vscode\extensions\ms-python.debugpy-2024.12.0-win32-x64\bundled\libs\debugpy\_vendored\force_pydevd.py first seen with mtime 1729949492.6046944
File C:\Users\Fulgrim\.vscode\extensions\ms-python.debugpy-2024.12.0-win32-x64\bundled\libs\debugpy\_vendored\pydevd\pydev_ipython\matplotlibtools.py first seen with mtime 1729949493.4155338
File C:\Users\Fulgrim\AppData\Local\Programs\Python\Python312\Lib\asyncio\exceptions.py first seen with mtime 1717714452.0
File C:\Users\Fulgrim\AppData\Local\Programs\Python\Python312\Lib\http\server.py first seen with mtime 1717714452.0
File C:\Users\Fulgrim\AppData\Local\Programs\Python\Python312\Lib\site-packages\django\utils\deconstruct.py first seen with mtime 1723326132.0550916
File C:\Users\Fulgrim\AppData\Local\Programs\Python\Python312\Lib\site-packages\django\contrib\contenttypes\checks.py first seen with mtime 1723326131.023843
File C:\Users\Fulgrim\.vscode\extensions\ms-python.debugpy-2024.12.0-win32-x64\bundled\libs\debugpy\_vendored\pydevd\_pydevd_bundle\pydevd_json_debug_options.py first seen with mtime 1729949493.0969841
File C:\Users\Fulgrim\AppData\Local\Programs\Python\Python312\Lib\collections\abc.py first seen with mtime 1717714452.0
File C:\Users\Fulgrim\AppData\Local\Programs\Python\Python312\Lib\site-packages\django\utils\regex_helper.py first seen with mtime 1723326132.065099
File C:\Users\Fulgrim\AppData\Local\Programs\Python\Python312\Lib\email\mime\nonmultipart.py first seen with mtime 1717714452.0
File C:\Users\Fulgrim\AppData\Local\Programs\Python\Python312\Lib\encodings\idna.py first seen with mtime 1717714452.0
File C:\Users\Fulgrim\AppData\Local\Programs\Python\Python312\Lib\site-packages\django\utils\duration.py first seen with mtime 1723326132.0550916
File C:\Users\Fulgrim\AppData\Local\Programs\Python\Python312\Lib\site-packages\django\db\migrations\operations\__init__.py first seen with mtime 1723326131.9595635
File C:\Users\Fulgrim\AppData\Local\Programs\Python\Python312\Lib\site-packages\django\shortcuts.py first seen with mtime 1723326130.289361
File C:\Users\Fulgrim\AppData\Local\Programs\Python\Python312\Lib\site-packages\django\utils\crypto.py first seen with mtime 1723326132.0550916
File C:\Users\Fulgrim\AppData\Local\Programs\Python\Python312\Lib\site-packages\django\core\checks\database.py first seen with mtime 1723326131.880859
File C:\Users\Fulgrim\AppData\Local\Programs\Python\Python312\Lib\site-packages\django\template\loaders\app_directories.py first seen with mtime 1723326132.03898
File C:\Users\Fulgrim\AppData\Local\Programs\Python\Python312\Lib\site-packages\django\db\migrations\operations\special.py first seen with mtime 1723326131.9595635
File C:\Users\Fulgrim\AppData\Local\Programs\Python\Python312\Lib\site-packages\django\db\backends\utils.py first seen with mtime 1723326131.9282298
File C:\Users\Fulgrim\AppData\Local\Programs\Python\Python312\Lib\site-packages\django\templatetags\tz.py first seen with mtime 1723326132.03898
File C:\Users\Fulgrim\AppData\Local\Programs\Python\Python312\Lib\asyncio\proactor_events.py first seen with mtime 1717714452.0
File C:\Users\Fulgrim\AppData\Local\Programs\Python\Python312\Lib\site-packages\django\template\loaders\base.py first seen with mtime 1723326132.03898
File C:\Users\Fulgrim\AppData\Local\Programs\Python\Python312\Lib\getpass.py first seen with mtime 1717714452.0
File C:\Users\Fulgrim\AppData\Local\Programs\Python\Python312\Lib\site-packages\sqlparse\cli.py first seen with mtime 1723326129.910815
File C:\Users\Fulgrim\.vscode\extensions\ms-python.debugpy-2024.12.0-win32-x64\bundled\libs\debugpy\_vendored\pydevd\_pydevd_bundle\pydevd_net_command_factory_json.py first seen with mtime 1729949493.069278
File C:\Users\Fulgrim\AppData\Local\Programs\Python\Python312\Lib\site-packages\django\utils\numberformat.py first seen with mtime 1723326132.065099
File C:\Users\Fulgrim\AppData\Local\Programs\Python\Python312\Lib\uuid.py first seen with mtime 1717714452.0
File C:\Users\Fulgrim\AppData\Local\Programs\Python\Python312\Lib\site-packages\django\contrib\sessions\__init__.py first seen with mtime 1723326131.6746955
File C:\Users\Fulgrim\AppData\Local\Programs\Python\Python312\Lib\typing.py first seen with mtime 1717714452.0
File C:\Users\Fulgrim\AppData\Local\Programs\Python\Python312\Lib\weakref.py first seen with mtime 1717714452.0
File C:\Users\Fulgrim\AppData\Local\Programs\Python\Python312\Lib\site-packages\django\contrib\staticfiles\apps.py first seen with mtime 1723326131.8748426
File C:\Users\Fulgrim\AppData\Local\Programs\Python\Python312\Lib\asyncio\base_events.py first seen with mtime 1717714452.0
File C:\Users\Fulgrim\AppData\Local\Programs\Python\Python312\Lib\site-packages\django\db\migrations\operations\base.py first seen with mtime 1723326131.9595635
File C:\Users\Fulgrim\.vscode\extensions\ms-python.debugpy-2024.12.0-win32-x64\bundled\libs\debugpy\_vendored\pydevd\_pydev_bundle\pydev_monkey.py first seen with mtime 1729949492.7969563
File C:\Users\Fulgrim\AppData\Local\Programs\Python\Python312\Lib\copyreg.py first seen with mtime 1717714452.0
File C:\Users\Fulgrim\AppData\Local\Programs\Python\Python312\Lib\site-packages\django\contrib\admin\templatetags\__init__.py first seen with mtime 1723326130.7712703
File C:\Users\Fulgrim\AppData\Local\Programs\Python\Python312\Lib\fnmatch.py first seen with mtime 1717714452.0
File C:\Users\Fulgrim\AppData\Local\Programs\Python\Python312\DLLs\_decimal.pyd first seen with mtime 1717714502.0
File C:\Users\Fulgrim\AppData\Local\Programs\Python\Python312\Lib\site-packages\django\core\files\storage\mixins.py first seen with mtime 1723326131.8964987
File C:\Users\Fulgrim\AppData\Local\Programs\Python\Python312\Lib\site-packages\django\utils\translation\trans_real.py first seen with mtime 1723326132.0711086
File C:\Users\Fulgrim\AppData\Local\Programs\Python\Python312\Lib\signal.py first seen with mtime 1717714452.0
File C:\Users\Fulgrim\AppData\Local\Programs\Python\Python312\Lib\email\feedparser.py first seen with mtime 1717714452.0
File C:\Users\Fulgrim\AppData\Local\Programs\Python\Python312\Lib\site-packages\django\core\mail\utils.py first seen with mtime 1723326131.8964987
File C:\Users\Fulgrim\AppData\Local\Programs\Python\Python312\Lib\reprlib.py first seen with mtime 1717714452.0
File C:\Users\Fulgrim\AppData\Local\Programs\Python\Python312\Lib\site-packages\django\contrib\admin\helpers.py first seen with mtime 1723326130.4723978
File C:\Users\Fulgrim\AppData\Local\Programs\Python\Python312\Lib\ipaddress.py first seen with mtime 1717714452.0
File C:\Users\Fulgrim\AppData\Local\Programs\Python\Python312\Lib\site-packages\django\db\migrations\migration.py first seen with mtime 1723326131.9438665
File C:\Users\Fulgrim\AppData\Local\Programs\Python\Python312\Lib\site-packages\django\core\checks\security\base.py first seen with mtime 1723326131.8964987
File C:\Users\Fulgrim\AppData\Local\Programs\Python\Python312\Lib\quopri.py first seen with mtime 1717714452.0
File C:\Users\Fulgrim\AppData\Local\Programs\Python\Python312\Lib\site-packages\django\urls\exceptions.py first seen with mtime 1723326132.0550916
File C:\Users\Fulgrim\AppData\Local\Programs\Python\Python312\Lib\platform.py first seen with mtime 1717714452.0
File C:\Users\Fulgrim\AppData\Local\Programs\Python\Python312\Lib\email\mime\__init__.py first seen with mtime 1717714452.0
File C:\Users\Fulgrim\AppData\Local\Programs\Python\Python312\Lib\re\_parser.py first seen with mtime 1717714452.0
File C:\Users\Fulgrim\AppData\Local\Programs\Python\Python312\Lib\site-packages\django\urls\__init__.py first seen with mtime 1723326132.04899
File C:\Users\Fulgrim\AppData\Local\Programs\Python\Python312\Lib\site-packages\django\db\models\functions\__init__.py first seen with mtime 1723326131.9755762
File C:\Users\Fulgrim\AppData\Local\Programs\Python\Python312\Lib\site-packages\django\db\models\fields\related_lookups.py first seen with mtime 1723326131.9755762
File C:\Users\Fulgrim\AppData\Local\Programs\Python\Python312\Lib\site-packages\django\db\models\functions\comparison.py first seen with mtime 1723326131.9755762
File C:\Users\Fulgrim\AppData\Local\Programs\Python\Python312\Lib\site-packages\django\core\servers\basehttp.py first seen with mtime 1723326131.9282298
File C:\Users\Fulgrim\AppData\Local\Programs\Python\Python312\Lib\inspect.py first seen with mtime 1717714452.0
File C:\Users\Fulgrim\AppData\Local\Programs\Python\Python312\Lib\urllib\__init__.py first seen with mtime 1717714452.0
File C:\Users\Fulgrim\AppData\Local\Programs\Python\Python312\Lib\__future__.py first seen with mtime 1717714452.0
File C:\Users\Fulgrim\AppData\Local\Programs\Python\Python312\Lib\json\encoder.py first seen with mtime 1717714452.0
File C:\Users\Fulgrim\AppData\Local\Programs\Python\Python312\Lib\site-packages\django\template\response.py first seen with mtime 1723326132.03898
File C:\Users\Fulgrim\.vscode\extensions\ms-python.debugpy-2024.12.0-win32-x64\bundled\libs\debugpy\_vendored\pydevd\_pydevd_frame_eval\vendored\bytecode\bytecode.py first seen with mtime 1729949494.010786
File C:\Users\Fulgrim\AppData\Local\Programs\Python\Python312\Lib\email\quoprimime.py first seen with mtime 1717714452.0
File C:\Users\Fulgrim\.vscode\extensions\ms-python.debugpy-2024.12.0-win32-x64\bundled\libs\debugpy\_vendored\pydevd\_pydevd_bundle\pydevd_console.py first seen with mtime 1729949493.2752764
File C:\Users\Fulgrim\AppData\Local\Programs\Python\Python312\Lib\site-packages\django\core\handlers\__init__.py first seen with mtime 1723326131.8964987
File C:\Users\Fulgrim\AppData\Local\Programs\Python\Python312\Lib\concurrent\__init__.py first seen with mtime 1717714452.0
File C:\Users\Fulgrim\AppData\Local\Programs\Python\Python312\Lib\site-packages\django\core\files\storage\base.py first seen with mtime 1723326131.8964987
File C:\Users\Fulgrim\AppData\Local\Programs\Python\Python312\Lib\site-packages\django\db\models\sql\__init__.py first seen with mtime 1723326131.9755762
File C:\Users\Fulgrim\.vscode\extensions\ms-python.debugpy-2024.12.0-win32-x64\bundled\libs\debugpy\_vendored\pydevd\_pydevd_bundle\pydevconsole_code.py first seen with mtime 1729949493.3264399
File C:\Users\Fulgrim\AppData\Local\Programs\Python\Python312\Lib\site-packages\django\db\models\lookups.py first seen with mtime 1723326131.9595635
File C:\Users\Fulgrim\AppData\Local\Programs\Python\Python312\Lib\site-packages\django\core\checks\templates.py first seen with mtime 1723326131.8964987
File C:\Users\Fulgrim\AppData\Local\Programs\Python\Python312\Lib\site-packages\django\apps\config.py first seen with mtime 1723326130.289361
File C:\Users\Fulgrim\.vscode\extensions\ms-python.debugpy-2024.12.0-win32-x64\bundled\libs\debugpy\_vendored\pydevd\_pydevd_bundle\pydevd_source_mapping.py first seen with mtime 1729949492.9993305
File C:\Users\Fulgrim\AppData\Local\Programs\Python\Python312\Lib\site-packages\django\dispatch\dispatcher.py first seen with mtime 1723326131.9755762
File C:\Users\Fulgrim\AppData\Local\Programs\Python\Python312\Lib\site-packages\rest_framework\__init__.py first seen with mtime 1723326139.538869
File C:\Users\Fulgrim\AppData\Local\Programs\Python\Python312\Lib\site-packages\django\contrib\admin\actions.py first seen with mtime 1723326130.4723978
File C:\Users\Fulgrim\AppData\Local\Programs\Python\Python312\Lib\site-packages\django\utils\text.py first seen with mtime 1723326132.0711086
File C:\Users\Fulgrim\AppData\Local\Programs\Python\Python312\Lib\site-packages\django\http\response.py first seen with mtime 1723326132.023344
File C:\Users\Fulgrim\AppData\Local\Programs\Python\Python312\Lib\site-packages\django\db\models\expressions.py first seen with mtime 1723326131.9595635
File C:\Users\Fulgrim\AppData\Local\Programs\Python\Python312\Lib\email\mime\multipart.py first seen with mtime 1717714452.0
File C:\Users\Fulgrim\AppData\Local\Programs\Python\Python312\Lib\asyncio\format_helpers.py first seen with mtime 1717714452.0
File C:\Users\Fulgrim\.vscode\extensions\ms-python.debugpy-2024.12.0-win32-x64\bundled\libs\debugpy\_vendored\pydevd\_pydevd_bundle\pydevd_exec2.py first seen with mtime 1729949493.14357
File C:\Users\Fulgrim\AppData\Local\Programs\Python\Python312\Lib\site-packages\django\template\library.py first seen with mtime 1723326132.023344
File C:\Users\Fulgrim\AppData\Local\Programs\Python\Python312\Lib\site-packages\sqlparse\sql.py first seen with mtime 1723326129.91682
File C:\Users\Fulgrim\.vscode\extensions\ms-python.debugpy-2024.12.0-win32-x64\bundled\libs\debugpy\_vendored\pydevd\_pydevd_bundle\pydevd_import_class.py first seen with mtime 1729949493.1048317
File C:\Users\Fulgrim\AppData\Local\Programs\Python\Python312\Lib\site-packages\django\views\debug.py first seen with mtime 1723326132.0711086
File C:\Users\Fulgrim\.vscode\extensions\ms-python.debugpy-2024.12.0-win32-x64\bundled\libs\debugpy\_vendored\pydevd\_pydevd_bundle\pydevd_frame_utils.py first seen with mtime 1729949493.1154206
File C:\Users\Fulgrim\AppData\Local\Programs\Python\Python312\Lib\collections\__init__.py first seen with mtime 1717714452.0
File C:\Users\Fulgrim\AppData\Local\Programs\Python\Python312\Lib\xml\parsers\expat.py first seen with mtime 1717714452.0
File C:\Users\Fulgrim\AppData\Local\Programs\Python\Python312\Lib\site-packages\django\contrib\admin\utils.py first seen with mtime 1723326130.4784036
File C:\Users\Fulgrim\AppData\Local\Programs\Python\Python312\Lib\site-packages\django\forms\forms.py first seen with mtime 1723326131.9755762
File C:\Users\Fulgrim\AppData\Local\Programs\Python\Python312\Lib\asyncio\streams.py first seen with mtime 1717714452.0
File C:\Users\Fulgrim\AppData\Local\Programs\Python\Python312\Lib\site-packages\django\core\files\storage\memory.py first seen with mtime 1723326131.8964987
File C:\Users\Fulgrim\AppData\Local\Programs\Python\Python312\Lib\site-packages\django\core\paginator.py first seen with mtime 1723326131.880859
File C:\Users\Fulgrim\.vscode\extensions\ms-python.debugpy-2024.12.0-win32-x64\bundled\libs\debugpy\_vendored\pydevd\pydevd_plugins\extensions\types\pydevd_plugins_django_form_str.py first seen with mtime 1729949494.020405
File C:\Users\Fulgrim\AppData\Local\Programs\Python\Python312\Lib\site-packages\django\contrib\contenttypes\__init__.py first seen with mtime 1723326131.023843
File C:\Users\Fulgrim\AppData\Local\Programs\Python\Python312\Lib\site-packages\django\utils\inspect.py first seen with mtime 1723326132.065099
File C:\Users\Fulgrim\AppData\Local\Programs\Python\Python312\Lib\site-packages\django\contrib\sites\__init__.py first seen with mtime 1723326131.7706008
File C:\Users\Fulgrim\AppData\Local\Programs\Python\Python312\Lib\encodings\ascii.py first seen with mtime 1717714452.0
File C:\Users\Fulgrim\AppData\Local\Programs\Python\Python312\Lib\hashlib.py first seen with mtime 1717714452.0
File C:\Users\Fulgrim\AppData\Local\Programs\Python\Python312\Lib\site-packages\django\utils\connection.py first seen with mtime 1723326132.0550916
File C:\Users\Fulgrim\AppData\Local\Programs\Python\Python312\Lib\site-packages\django\db\models\functions\window.py first seen with mtime 1723326131.9755762
File C:\Users\Fulgrim\AppData\Local\Programs\Python\Python312\Lib\site-packages\django\core\cache\backends\filebased.py first seen with mtime 1723326131.880859
File C:\Users\Fulgrim\AppData\Local\Programs\Python\Python312\Lib\asyncio\trsock.py first seen with mtime 1717714452.0
File C:\Users\Fulgrim\AppData\Local\Programs\Python\Python312\Lib\site-packages\sqlparse\tokens.py first seen with mtime 1723326129.91682
File C:\Users\Fulgrim\AppData\Local\Programs\Python\Python312\Lib\_sitebuiltins.py first seen with mtime 1717714452.0
File C:\Users\Fulgrim\AppData\Local\Programs\Python\Python312\Lib\site-packages\django\contrib\admin\templatetags\admin_urls.py first seen with mtime 1723326130.7712703
File C:\Users\Fulgrim\AppData\Local\Programs\Python\Python312\Lib\site-packages\sqlparse\engine\statement_splitter.py first seen with mtime 1723326129.91682
File C:\Users\Fulgrim\AppData\Local\Programs\Python\Python312\Lib\site-packages\django\core\signals.py first seen with mtime 1723326131.880859
File C:\Users\Fulgrim\.vscode\extensions\ms-python.debugpy-2024.12.0-win32-x64\bundled\libs\debugpy\_vendored\pydevd\_pydevd_bundle\pydevd_api.py first seen with mtime 1729949493.3168142
File C:\Users\Fulgrim\AppData\Local\Programs\Python\Python312\Lib\site-packages\django\contrib\messages\utils.py first seen with mtime 1723326131.4927073
File C:\Users\Fulgrim\AppData\Local\Programs\Python\Python312\Lib\glob.py first seen with mtime 1717714452.0
File C:\Users\Fulgrim\AppData\Local\Programs\Python\Python312\Lib\stringprep.py first seen with mtime 1717714452.0
File C:\Users\Fulgrim\AppData\Local\Programs\Python\Python312\Lib\email\generator.py first seen with mtime 1717714452.0
File C:\Users\Fulgrim\AppData\Local\Programs\Python\Python312\Lib\warnings.py first seen with mtime 1717714452.0
File C:\Users\Fulgrim\AppData\Local\Programs\Python\Python312\Lib\site-packages\django\contrib\auth\management\__init__.py first seen with mtime 1723326131.018331
File C:\xampp\htdocs\AVITech\Prueba5\SGC\manage.py first seen with mtime 1729949419.464719
File C:\Users\Fulgrim\.vscode\extensions\ms-python.debugpy-2024.12.0-win32-x64\bundled\libs\debugpy\__init__.py first seen with mtime 1729949492.5856714
File C:\Users\Fulgrim\AppData\Local\Programs\Python\Python312\DLLs\pyexpat.pyd first seen with mtime 1717714502.0
File C:\Users\Fulgrim\AppData\Local\Programs\Python\Python312\Lib\sysconfig.py first seen with mtime 1717714452.0
File C:\Users\Fulgrim\.vscode\extensions\ms-python.debugpy-2024.12.0-win32-x64\bundled\libs\debugpy\_vendored\pydevd\_pydev_bundle\pydev_console_utils.py first seen with mtime 1729949492.8223073
File C:\Users\Fulgrim\.vscode\extensions\ms-python.debugpy-2024.12.0-win32-x64\bundled\libs\debugpy\_vendored\pydevd\pydevconsole.py first seen with mtime 1729949492.7009056
File C:\Users\Fulgrim\AppData\Local\Programs\Python\Python312\Lib\html\parser.py first seen with mtime 1717714452.0
File C:\Users\Fulgrim\AppData\Local\Programs\Python\Python312\Lib\textwrap.py first seen with mtime 1717714452.0
File C:\Users\Fulgrim\AppData\Local\Programs\Python\Python312\Lib\logging\handlers.py first seen with mtime 1717714452.0
File C:\xampp\htdocs\AVITech\Prueba5\SGC\SGC\settings.py first seen with mtime 1731181868.1281946
File C:\Users\Fulgrim\AppData\Local\Programs\Python\Python312\Lib\re\_constants.py first seen with mtime 1717714452.0
File C:\Users\Fulgrim\AppData\Local\Programs\Python\Python312\Lib\site-packages\django\contrib\admin\__init__.py first seen with mtime 1723326130.4723978
File C:\Users\Fulgrim\AppData\Local\Programs\Python\Python312\Lib\site-packages\django\contrib\admin\filters.py first seen with mtime 1723326130.4723978
File C:\Users\Fulgrim\AppData\Local\Programs\Python\Python312\Lib\site-packages\django\core\checks\async_checks.py first seen with mtime 1723326131.880859
File C:\Users\Fulgrim\AppData\Local\Programs\Python\Python312\Lib\site-packages\django\core\checks\urls.py first seen with mtime 1723326131.8964987
File C:\Users\Fulgrim\.vscode\extensions\ms-python.debugpy-2024.12.0-win32-x64\bundled\libs\debugpy\_vendored\pydevd\_pydevd_bundle\pydevd_comm_constants.py first seen with mtime 1729949493.2769368
File C:\Users\Fulgrim\.vscode\extensions\ms-python.debugpy-2024.12.0-win32-x64\bundled\libs\debugpy\_vendored\pydevd\pydev_ipython\__init__.py first seen with mtime 1729949493.3341117
File C:\Users\Fulgrim\.vscode\extensions\ms-python.debugpy-2024.12.0-win32-x64\bundled\libs\debugpy\public_api.py first seen with mtime 1729949492.5941167
File C:\Users\Fulgrim\AppData\Local\Programs\Python\Python312\Lib\site-packages\django\contrib\messages\storage\__init__.py first seen with mtime 1723326131.4927073
File C:\Users\Fulgrim\AppData\Local\Programs\Python\Python312\Lib\site-packages\sqlparse\lexer.py first seen with mtime 1723326129.91682
File C:\Users\Fulgrim\AppData\Local\Programs\Python\Python312\Lib\random.py first seen with mtime 1717714452.0
File C:\Users\Fulgrim\AppData\Local\Programs\Python\Python312\Lib\site-packages\sqlparse\formatter.py first seen with mtime 1723326129.91682
File C:\Users\Fulgrim\AppData\Local\Programs\Python\Python312\Lib\importlib\machinery.py first seen with mtime 1717714452.0
File C:\Users\Fulgrim\.vscode\extensions\ms-python.debugpy-2024.12.0-win32-x64\bundled\libs\debugpy\_vendored\pydevd\_pydevd_bundle\pydevd_concurrency_analyser\__init__.py first seen with mtime 1729949493.831356
File C:\Users\Fulgrim\AppData\Local\Programs\Python\Python312\Lib\site-packages\django\http\multipartparser.py first seen with mtime 1723326132.023344
File C:\Users\Fulgrim\.vscode\extensions\ms-python.debugpy-2024.12.0-win32-x64\bundled\libs\debugpy\_vendored\pydevd\_pydevd_bundle\pydevd_thread_lifecycle.py first seen with mtime 1729949492.98185
File C:\Users\Fulgrim\AppData\Local\Programs\Python\Python312\Lib\site-packages\django\views\i18n.py first seen with mtime 1723326132.0711086
File C:\Users\Fulgrim\AppData\Local\Programs\Python\Python312\Lib\site-packages\django\core\files\__init__.py first seen with mtime 1723326131.8964987
File C:\Users\Fulgrim\AppData\Local\Programs\Python\Python312\DLLs\unicodedata.pyd first seen with mtime 1717714502.0
File C:\Users\Fulgrim\.vscode\extensions\ms-python.debugpy-2024.12.0-win32-x64\bundled\libs\debugpy\_vendored\pydevd\_pydevd_bundle\_debug_adapter\pydevd_schema_log.py first seen with mtime 1729949493.8051834
File C:\Users\Fulgrim\.vscode\extensions\ms-python.debugpy-2024.12.0-win32-x64\bundled\libs\debugpy\_vendored\pydevd\_pydevd_bundle\pydevd_vars.py first seen with mtime 1729949492.9499786
File C:\Users\Fulgrim\AppData\Local\Programs\Python\Python312\Lib\site-packages\django\contrib\admin\widgets.py first seen with mtime 1723326130.4784036
File C:\Users\Fulgrim\AppData\Local\Programs\Python\Python312\Lib\email\encoders.py first seen with mtime 1717714452.0
File C:\Users\Fulgrim\AppData\Local\Programs\Python\Python312\Lib\encodings\cp1252.py first seen with mtime 1717714452.0
File C:\Users\Fulgrim\AppData\Local\Programs\Python\Python312\Lib\site-packages\django\apps\registry.py first seen with mtime 1723326130.289361
File C:\Users\Fulgrim\AppData\Local\Programs\Python\Python312\Lib\site-packages\asgiref\__init__.py first seen with mtime 1723326130.1641204
File C:\Users\Fulgrim\AppData\Local\Programs\Python\Python312\Lib\site-packages\django\utils\choices.py first seen with mtime 1723326132.0550916
File C:\Users\Fulgrim\AppData\Local\Programs\Python\Python312\Lib\site-packages\django\utils\hashable.py first seen with mtime 1723326132.065099
File C:\Users\Fulgrim\AppData\Local\Programs\Python\Python312\Lib\http\__init__.py first seen with mtime 1717714452.0
File C:\Users\Fulgrim\.vscode\extensions\ms-python.debugpy-2024.12.0-win32-x64\bundled\libs\debugpy\_vendored\pydevd\_pydevd_bundle\pydevd_reload.py first seen with mtime 1729949493.0248623
File C:\Users\Fulgrim\AppData\Local\Programs\Python\Python312\Lib\xmlrpc\__init__.py first seen with mtime 1717714452.0
File C:\Users\Fulgrim\AppData\Local\Programs\Python\Python312\Lib\email\_policybase.py first seen with mtime 1717714452.0
File C:\Users\Fulgrim\AppData\Local\Programs\Python\Python312\Lib\site-packages\django\template\defaulttags.py first seen with mtime 1723326132.023344
File C:\Users\Fulgrim\AppData\Local\Programs\Python\Python312\Lib\site-packages\django\contrib\admin\decorators.py first seen with mtime 1723326130.4723978
File C:\Users\Fulgrim\AppData\Local\Programs\Python\Python312\Lib\site-packages\django\forms\widgets.py first seen with mtime 1723326131.9755762
File C:\Users\Fulgrim\AppData\Local\Programs\Python\Python312\Lib\contextvars.py first seen with mtime 1717714452.0
File C:\Users\Fulgrim\AppData\Local\Programs\Python\Python312\Lib\site-packages\django\db\models\sql\constants.py first seen with mtime 1723326131.9755762
File C:\Users\Fulgrim\AppData\Local\Programs\Python\Python312\Lib\site-packages\django\template\defaultfilters.py first seen with mtime 1723326132.023344
File C:\Users\Fulgrim\AppData\Local\Programs\Python\Python312\Lib\code.py first seen with mtime 1717714452.0
File C:\Users\Fulgrim\AppData\Local\Programs\Python\Python312\Lib\asyncio\tasks.py first seen with mtime 1717714452.0
File C:\Users\Fulgrim\AppData\Local\Programs\Python\Python312\Lib\site-packages\django\contrib\admin\options.py first seen with mtime 1723326130.4723978
File C:\Users\Fulgrim\AppData\Local\Programs\Python\Python312\Lib\site-packages\django\core\checks\security\csrf.py first seen with mtime 1723326131.8964987
File C:\Users\Fulgrim\AppData\Local\Programs\Python\Python312\Lib\ctypes\__init__.py first seen with mtime 1717714452.0
File C:\Users\Fulgrim\AppData\Local\Programs\Python\Python312\Lib\decimal.py first seen with mtime 1717714452.0
File C:\Users\Fulgrim\AppData\Local\Programs\Python\Python312\Lib\email\__init__.py first seen with mtime 1717714452.0
File C:\Users\Fulgrim\AppData\Local\Programs\Python\Python312\Lib\wsgiref\headers.py first seen with mtime 1717714452.0
File C:\Users\Fulgrim\.vscode\extensions\ms-python.debugpy-2024.12.0-win32-x64\bundled\libs\debugpy\_version.py first seen with mtime 1729949492.5887544
File C:\Users\Fulgrim\.vscode\extensions\ms-python.debugpy-2024.12.0-win32-x64\bundled\libs\debugpy\_vendored\pydevd\_pydevd_bundle\pydevd_additional_thread_info.py first seen with mtime 1729949493.324439
File C:\Users\Fulgrim\.vscode\extensions\ms-python.debugpy-2024.12.0-win32-x64\bundled\libs\debugpy\_vendored\pydevd\_pydevd_bundle\pydevd_breakpoints.py first seen with mtime 1729949493.3121073
File C:\Users\Fulgrim\AppData\Local\Programs\Python\Python312\Lib\site-packages\django\views\generic\base.py first seen with mtime 1723326132.0711086
File C:\Users\Fulgrim\AppData\Local\Programs\Python\Python312\Lib\site-packages\django\template\backends\base.py first seen with mtime 1723326132.03898
File C:\Users\Fulgrim\AppData\Local\Programs\Python\Python312\Lib\site-packages\django\db\models\__init__.py first seen with mtime 1723326131.9595635
File C:\Users\Fulgrim\AppData\Local\Programs\Python\Python312\Lib\email\message.py first seen with mtime 1717714452.0
File C:\Users\Fulgrim\.vscode\extensions\ms-python.debugpy-2024.12.0-win32-x64\bundled\libs\debugpy\_vendored\pydevd\pydevd_plugins\__init__.py first seen with mtime 1729949493.4590905
File C:\Users\Fulgrim\AppData\Local\Programs\Python\Python312\Lib\re\_casefix.py first seen with mtime 1717714452.0
File C:\Users\Fulgrim\AppData\Local\Programs\Python\Python312\Lib\_compat_pickle.py first seen with mtime 1717714452.0
File C:\Users\Fulgrim\AppData\Local\Programs\Python\Python312\Lib\site-packages\django\core\cache\backends\base.py first seen with mtime 1723326131.880859
File C:\Users\Fulgrim\AppData\Local\Programs\Python\Python312\Lib\bisect.py first seen with mtime 1717714452.0
File C:\Users\Fulgrim\AppData\Local\Programs\Python\Python312\Lib\gzip.py first seen with mtime 1717714452.0
File C:\Users\Fulgrim\AppData\Local\Programs\Python\Python312\Lib\asyncio\subprocess.py first seen with mtime 1717714452.0
File C:\Users\Fulgrim\AppData\Local\Programs\Python\Python312\Lib\site-packages\django\utils\http.py first seen with mtime 1723326132.065099
File C:\Users\Fulgrim\AppData\Local\Programs\Python\Python312\Lib\asyncio\__init__.py first seen with mtime 1717714452.0
File C:\Users\Fulgrim\AppData\Local\Programs\Python\Python312\Lib\site-packages\django\db\models\deletion.py first seen with mtime 1723326131.9595635
File C:\Users\Fulgrim\.vscode\extensions\ms-python.debugpy-2024.12.0-win32-x64\bundled\libs\debugpy\_vendored\pydevd\_pydevd_bundle\pydevd_filtering.py first seen with mtime 1729949493.1305788
File C:\Users\Fulgrim\AppData\Local\Programs\Python\Python312\Lib\site-packages\django\db\backends\base\__init__.py first seen with mtime 1723326131.9282298
File C:\Users\Fulgrim\AppData\Local\Programs\Python\Python312\Lib\site-packages\django\core\cache\backends\__init__.py first seen with mtime 1723326131.880859
File C:\Users\Fulgrim\AppData\Local\Programs\Python\Python312\Lib\ntpath.py first seen with mtime 1717714452.0
File C:\Users\Fulgrim\AppData\Local\Programs\Python\Python312\Lib\email\header.py first seen with mtime 1717714452.0
File C:\Users\Fulgrim\AppData\Local\Programs\Python\Python312\Lib\difflib.py first seen with mtime 1717714452.0
File C:\Users\Fulgrim\AppData\Local\Programs\Python\Python312\Lib\types.py first seen with mtime 1717714452.0
File C:\Users\Fulgrim\AppData\Local\Programs\Python\Python312\Lib\site-packages\django\db\backends\__init__.py first seen with mtime 1723326131.9282298
File C:\Users\Fulgrim\AppData\Local\Programs\Python\Python312\Lib\site-packages\django\contrib\auth\__init__.py first seen with mtime 1723326130.8974733
File C:\Users\Fulgrim\AppData\Local\Programs\Python\Python312\Lib\site-packages\django\core\checks\security\__init__.py first seen with mtime 1723326131.8964987
File C:\Users\Fulgrim\AppData\Local\Programs\Python\Python312\Lib\site-packages\django\contrib\messages\apps.py first seen with mtime 1723326131.4927073
File C:\Users\Fulgrim\AppData\Local\Programs\Python\Python312\Lib\site-packages\django\db\models\sql\subqueries.py first seen with mtime 1723326131.9755762
File C:\Users\Fulgrim\.vscode\extensions\ms-python.debugpy-2024.12.0-win32-x64\bundled\libs\debugpy\_vendored\pydevd\pydevd_file_utils.py first seen with mtime 1729949492.6945224
File C:\Users\Fulgrim\AppData\Local\Programs\Python\Python312\Lib\site-packages\django\contrib\admin\views\autocomplete.py first seen with mtime 1723326130.7712703
File C:\Users\Fulgrim\AppData\Local\Programs\Python\Python312\Lib\site-packages\django\utils\safestring.py first seen with mtime 1723326132.065099
File C:\Users\Fulgrim\AppData\Local\Programs\Python\Python312\Lib\site-packages\django\http\__init__.py first seen with mtime 1723326132.023344
File C:\Users\Fulgrim\AppData\Local\Programs\Python\Python312\Lib\site-packages\django\core\mail\__init__.py first seen with mtime 1723326131.8964987
File C:\Users\Fulgrim\AppData\Local\Programs\Python\Python312\Lib\site-packages\django\db\models\enums.py first seen with mtime 1723326131.9595635
File C:\Users\Fulgrim\AppData\Local\Programs\Python\Python312\Lib\site-packages\django\db\models\fields\reverse_related.py first seen with mtime 1723326131.9755762
File C:\Users\Fulgrim\AppData\Local\Programs\Python\Python312\Lib\site-packages\django\views\decorators\csrf.py first seen with mtime 1723326132.0711086
File C:\Users\Fulgrim\AppData\Local\Programs\Python\Python312\Lib\site-packages\django\contrib\auth\apps.py first seen with mtime 1723326130.8974733
File C:\Users\Fulgrim\AppData\Local\Programs\Python\Python312\Lib\tempfile.py first seen with mtime 1717714452.0
File C:\Users\Fulgrim\.vscode\extensions\ms-python.debugpy-2024.12.0-win32-x64\bundled\libs\debugpy\_vendored\pydevd\_pydevd_frame_eval\vendored\__init__.py first seen with mtime 1729949493.763336
File C:\Users\Fulgrim\AppData\Local\Programs\Python\Python312\Lib\pkgutil.py first seen with mtime 1717714452.0
File C:\Users\Fulgrim\AppData\Local\Programs\Python\Python312\Lib\site-packages\django\forms\utils.py first seen with mtime 1723326131.9755762
File C:\xampp\htdocs\AVITech\Prueba5\SGC\AppBack\__init__.py first seen with mtime 1722984829.2325146
File C:\Users\Fulgrim\AppData\Local\Programs\Python\Python312\Lib\site-packages\django\templatetags\cache.py first seen with mtime 1723326132.03898
File C:\Users\Fulgrim\AppData\Local\Programs\Python\Python312\Lib\site-packages\django\db\models\indexes.py first seen with mtime 1723326131.9595635
File C:\Users\Fulgrim\AppData\Local\Programs\Python\Python312\Lib\bz2.py first seen with mtime 1717714452.0
File C:\Users\Fulgrim\AppData\Local\Programs\Python\Python312\Lib\functools.py first seen with mtime 1717714452.0
File C:\Users\Fulgrim\AppData\Local\Programs\Python\Python312\Lib\site-packages\django\contrib\auth\signals.py first seen with mtime 1723326130.9131744
File C:\Users\Fulgrim\AppData\Local\Programs\Python\Python312\Lib\email\_header_value_parser.py first seen with mtime 1717714452.0
File C:\Users\Fulgrim\AppData\Local\Programs\Python\Python312\DLLs\_asyncio.pyd first seen with mtime 1717714502.0
File C:\Users\Fulgrim\AppData\Local\Programs\Python\Python312\Lib\site-packages\sqlparse\filters\tokens.py first seen with mtime 1723326129.91682
File C:\Users\Fulgrim\AppData\Local\Programs\Python\Python312\Lib\site-packages\django\template\exceptions.py first seen with mtime 1723326132.023344
File C:\Users\Fulgrim\.vscode\extensions\ms-python.debugpy-2024.12.0-win32-x64\bundled\libs\debugpy\_vendored\pydevd\_pydevd_bundle\pydevd_bytecode_utils.py first seen with mtime 1729949493.3103173
File C:\Users\Fulgrim\.vscode\extensions\ms-python.debugpy-2024.12.0-win32-x64\bundled\libs\debugpy\_vendored\pydevd\_pydev_bundle\_pydev_calltip_util.py first seen with mtime 1729949492.7823498
File C:\Users\Fulgrim\AppData\Local\Programs\Python\Python312\Lib\site-packages\django\core\management\commands\runserver.py first seen with mtime 1723326131.9222176
File C:\Users\Fulgrim\AppData\Local\Programs\Python\Python312\Lib\site-packages\django\db\models\query.py first seen with mtime 1723326131.9695692
File C:\Users\Fulgrim\AppData\Local\Programs\Python\Python312\Lib\site-packages\django\core\files\utils.py first seen with mtime 1723326131.8964987
File C:\Users\Fulgrim\AppData\Local\Programs\Python\Python312\Lib\site-packages\django\db\models\fields\related.py first seen with mtime 1723326131.9695692
File C:\Users\Fulgrim\.vscode\extensions\ms-python.debugpy-2024.12.0-win32-x64\bundled\libs\debugpy\_vendored\pydevd\_pydevd_bundle\pydevd_concurrency_analyser\pydevd_concurrency_logger.py first seen with mtime 1729949493.8379045
File C:\Users\Fulgrim\AppData\Local\Programs\Python\Python312\Lib\site-packages\django\core\checks\registry.py first seen with mtime 1723326131.880859
File C:\Users\Fulgrim\.vscode\extensions\ms-python.debugpy-2024.12.0-win32-x64\bundled\libs\debugpy\_vendored\pydevd\_pydev_bundle\_pydev_imports_tipper.py first seen with mtime 1729949492.7639906
File C:\Users\Fulgrim\.vscode\extensions\ms-python.debugpy-2024.12.0-win32-x64\bundled\libs\debugpy\_vendored\pydevd\_pydev_bundle\pydev_is_thread_alive.py first seen with mtime 1729949492.8082685
File C:\Users\Fulgrim\AppData\Local\Programs\Python\Python312\Lib\site-packages\django\utils\functional.py first seen with mtime 1723326132.065099
File C:\Users\Fulgrim\.vscode\extensions\ms-python.debugpy-2024.12.0-win32-x64\bundled\libs\debugpy\_vendored\pydevd\_pydevd_bundle\pydevd_dont_trace.py first seen with mtime 1729949493.1519995
File C:\Users\Fulgrim\AppData\Local\Programs\Python\Python312\Lib\urllib\parse.py first seen with mtime 1717714452.0
File C:\Users\Fulgrim\AppData\Local\Programs\Python\Python312\Lib\threading.py first seen with mtime 1717714452.0
File C:\Users\Fulgrim\AppData\Local\Programs\Python\Python312\Lib\site-packages\django\db\models\fields\mixins.py first seen with mtime 1723326131.9695692
File C:\Users\Fulgrim\AppData\Local\Programs\Python\Python312\Lib\wsgiref\simple_server.py first seen with mtime 1717714452.0
File C:\Users\Fulgrim\AppData\Local\Programs\Python\Python312\Lib\site-packages\django\db\models\fields\files.py first seen with mtime 1723326131.9695692
File C:\Users\Fulgrim\.vscode\extensions\ms-python.debugpy-2024.12.0-win32-x64\bundled\libs\debugpy\_vendored\pydevd\_pydevd_bundle\_debug_adapter\__init__.py first seen with mtime 1729949493.799824
File C:\Users\Fulgrim\AppData\Local\Programs\Python\Python312\Lib\site-packages\django\contrib\contenttypes\management\__init__.py first seen with mtime 1723326131.115759
File C:\Users\Fulgrim\AppData\Local\Programs\Python\Python312\Lib\site-packages\django\db\models\sql\datastructures.py first seen with mtime 1723326131.9755762
File C:\Users\Fulgrim\.vscode\extensions\ms-python.debugpy-2024.12.0-win32-x64\bundled\libs\debugpy\_vendored\pydevd\_pydevd_bundle\pydevd_cython_wrapper.py first seen with mtime 1729949493.1627457
File C:\Users\Fulgrim\AppData\Local\Programs\Python\Python312\Lib\site-packages\django\utils\timesince.py first seen with mtime 1723326132.0711086
File C:\Users\Fulgrim\.vscode\extensions\ms-python.debugpy-2024.12.0-win32-x64\bundled\libs\debugpy\_vendored\pydevd\pydevd_tracing.py first seen with mtime 1729949492.6930447
File C:\Users\Fulgrim\AppData\Local\Programs\Python\Python312\Lib\site-packages\django\contrib\staticfiles\finders.py first seen with mtime 1723326131.8748426
File C:\Users\Fulgrim\AppData\Local\Programs\Python\Python312\Lib\secrets.py first seen with mtime 1717714452.0
File C:\Users\Fulgrim\AppData\Local\Programs\Python\Python312\Lib\site-packages\django\forms\renderers.py first seen with mtime 1723326131.9755762
File C:\Users\Fulgrim\AppData\Local\Programs\Python\Python312\Lib\_compression.py first seen with mtime 1717714452.0
File C:\Users\Fulgrim\AppData\Local\Programs\Python\Python312\Lib\site-packages\django\db\models\utils.py first seen with mtime 1723326131.9695692
File C:\Users\Fulgrim\AppData\Local\Programs\Python\Python312\Lib\site-packages\django\utils\dateparse.py first seen with mtime 1723326132.0550916
File C:\Users\Fulgrim\AppData\Local\Programs\Python\Python312\Lib\site-packages\django\template\loaders\filesystem.py first seen with mtime 1723326132.03898
File C:\Users\Fulgrim\AppData\Local\Programs\Python\Python312\Lib\site-packages\django\forms\models.py first seen with mtime 1723326131.9755762
File C:\Users\Fulgrim\AppData\Local\Programs\Python\Python312\Lib\site-packages\django\middleware\cache.py first seen with mtime 1723326132.023344
File C:\Users\Fulgrim\AppData\Local\Programs\Python\Python312\DLLs\_lzma.pyd first seen with mtime 1717714502.0
File C:\Users\Fulgrim\AppData\Local\Programs\Python\Python312\Lib\datetime.py first seen with mtime 1717714452.0
File C:\Users\Fulgrim\AppData\Local\Programs\Python\Python312\Lib\json\decoder.py first seen with mtime 1717714452.0
File C:\Users\Fulgrim\AppData\Local\Programs\Python\Python312\Lib\html\__init__.py first seen with mtime 1717714452.0
File C:\Users\Fulgrim\AppData\Local\Programs\Python\Python312\Lib\site-packages\django\contrib\sites\apps.py first seen with mtime 1723326131.7706008
File C:\Users\Fulgrim\.vscode\extensions\ms-python.debugpy-2024.12.0-win32-x64\bundled\libs\debugpy\_vendored\pydevd\pydevd_plugins\django_debug.py first seen with mtime 1729949493.4681656
File C:\Users\Fulgrim\AppData\Local\Programs\Python\Python312\Lib\ctypes\_endian.py first seen with mtime 1717714452.0
File C:\Users\Fulgrim\AppData\Local\Programs\Python\Python312\Lib\site-packages\django\utils\cache.py first seen with mtime 1723326132.0550916
File C:\Users\Fulgrim\.vscode\extensions\ms-python.debugpy-2024.12.0-win32-x64\bundled\libs\debugpy\_vendored\pydevd\pydevd_plugins\pydevd_line_validation.py first seen with mtime 1729949493.4621263
File C:\Users\Fulgrim\AppData\Local\Programs\Python\Python312\Lib\site-packages\rest_framework\authtoken\__init__.py first seen with mtime 1723326139.5698862
File C:\Users\Fulgrim\AppData\Local\Programs\Python\Python312\Lib\mimetypes.py first seen with mtime 1717714452.0
File C:\Users\Fulgrim\.vscode\extensions\ms-python.debugpy-2024.12.0-win32-x64\bundled\libs\debugpy\_vendored\pydevd\_pydevd_bundle\pydevd_safe_repr.py first seen with mtime 1729949493.0120406
File C:\Users\Fulgrim\AppData\Local\Programs\Python\Python312\Lib\site-packages\django\dispatch\__init__.py first seen with mtime 1723326131.9755762
File C:\Users\Fulgrim\.vscode\extensions\ms-python.debugpy-2024.12.0-win32-x64\bundled\libs\debugpy\_vendored\pydevd\_pydevd_bundle\pydevd_extension_utils.py first seen with mtime 1729949493.1350112
File C:\Users\Fulgrim\AppData\Local\Programs\Python\Python312\Lib\site-packages\django\views\generic\list.py first seen with mtime 1723326132.0711086
File C:\Users\Fulgrim\AppData\Local\Programs\Python\Python312\Lib\site-packages\rest_framework\apps.py first seen with mtime 1723326139.5552418
File C:\Users\Fulgrim\.vscode\extensions\ms-python.debugpy-2024.12.0-win32-x64\bundled\libs\debugpy\_vendored\pydevd\_pydevd_bundle\pydevd_comm.py first seen with mtime 1729949493.288004
File C:\Users\Fulgrim\AppData\Local\Programs\Python\Python312\Lib\site-packages\django\urls\base.py first seen with mtime 1723326132.04899
File C:\Users\Fulgrim\.vscode\extensions\ms-python.debugpy-2024.12.0-win32-x64\bundled\libs\debugpy\_vendored\pydevd\_pydev_bundle\_pydev_filesystem_encoding.py first seen with mtime 1729949492.7711198
File C:\Users\Fulgrim\AppData\Local\Programs\Python\Python312\DLLs\_uuid.pyd first seen with mtime 1717714502.0
File C:\Users\Fulgrim\AppData\Local\Programs\Python\Python312\Lib\site-packages\django\core\checks\messages.py first seen with mtime 1723326131.880859
File C:\Users\Fulgrim\AppData\Local\Programs\Python\Python312\Lib\site-packages\django\utils\lorem_ipsum.py first seen with mtime 1723326132.065099
File C:\Users\Fulgrim\AppData\Local\Programs\Python\Python312\Lib\site-packages\django\views\decorators\__init__.py first seen with mtime 1723326132.0711086
File C:\Users\Fulgrim\.vscode\extensions\ms-python.debugpy-2024.12.0-win32-x64\bundled\libs\debugpy\_vendored\pydevd\_pydevd_bundle\pydevd_command_line_handling.py first seen with mtime 1729949493.2811868
File C:\Users\Fulgrim\.vscode\extensions\ms-python.debugpy-2024.12.0-win32-x64\bundled\libs\debugpy\_vendored\pydevd\_pydev_bundle\pydev_umd.py first seen with mtime 1729949492.7899423
File C:\Users\Fulgrim\AppData\Local\Programs\Python\Python312\Lib\site-packages\sqlparse\filters\__init__.py first seen with mtime 1723326129.91682
File C:\Users\Fulgrim\.vscode\extensions\ms-python.debugpy-2024.12.0-win32-x64\bundled\libs\debugpy\_vendored\pydevd\_pydevd_sys_monitoring\pydevd_sys_monitoring.py first seen with mtime 1729949492.868869
File C:\Users\Fulgrim\AppData\Local\Programs\Python\Python312\Lib\concurrent\futures\__init__.py first seen with mtime 1717714452.0
File C:\Users\Fulgrim\AppData\Local\Programs\Python\Python312\Lib\site-packages\django\template\loader_tags.py first seen with mtime 1723326132.023344
File C:\Users\Fulgrim\AppData\Local\Programs\Python\Python312\Lib\email\mime\message.py first seen with mtime 1717714452.0
File C:\Users\Fulgrim\AppData\Local\Programs\Python\Python312\Lib\lzma.py first seen with mtime 1717714452.0
File C:\Users\Fulgrim\.vscode\extensions\ms-python.debugpy-2024.12.0-win32-x64\bundled\libs\debugpy\_vendored\pydevd\_pydev_bundle\pydev_log.py first seen with mtime 1729949492.7989728
File C:\Users\Fulgrim\AppData\Local\Programs\Python\Python312\Lib\email\headerregistry.py first seen with mtime 1717714452.0
File C:\Users\Fulgrim\AppData\Local\Programs\Python\Python312\Lib\email\mime\text.py first seen with mtime 1717714452.0
File C:\Users\Fulgrim\AppData\Local\Programs\Python\Python312\Lib\site-packages\django\core\management\base.py first seen with mtime 1723326131.912207
File C:\Users\Fulgrim\AppData\Local\Programs\Python\Python312\Lib\site-packages\django\db\models\options.py first seen with mtime 1723326131.9695692
File C:\Users\Fulgrim\AppData\Local\Programs\Python\Python312\Lib\site-packages\django\core\checks\__init__.py first seen with mtime 1723326131.880859
File C:\Users\Fulgrim\AppData\Local\Programs\Python\Python312\Lib\site-packages\django\core\wsgi.py first seen with mtime 1723326131.880859
File C:\Users\Fulgrim\AppData\Local\Programs\Python\Python312\Lib\site-packages\django\core\servers\__init__.py first seen with mtime 1723326131.9282298
File C:\Users\Fulgrim\AppData\Local\Programs\Python\Python312\Lib\site-packages\django\core\files\locks.py first seen with mtime 1723326131.8964987
File C:\Users\Fulgrim\AppData\Local\Programs\Python\Python312\Lib\subprocess.py first seen with mtime 1717714452.0
File C:\Users\Fulgrim\AppData\Local\Programs\Python\Python312\Lib\site-packages\django\forms\formsets.py first seen with mtime 1723326131.9755762
File C:\Users\Fulgrim\.vscode\extensions\ms-python.debugpy-2024.12.0-win32-x64\bundled\libs\debugpy\_vendored\pydevd\_pydevd_bundle\pydevd_net_command.py first seen with mtime 1729949493.078292
File C:\Users\Fulgrim\AppData\Local\Programs\Python\Python312\Lib\asyncio\timeouts.py first seen with mtime 1717714452.0
File C:\Users\Fulgrim\.vscode\extensions\ms-python.debugpy-2024.12.0-win32-x64\bundled\libs\debugpy\_vendored\pydevd\_pydevd_frame_eval\vendored\bytecode\instr.py first seen with mtime 1729949493.9984183
File C:\Users\Fulgrim\AppData\Local\Programs\Python\Python312\Lib\dis.py first seen with mtime 1717714452.0
File C:\Users\Fulgrim\AppData\Local\Programs\Python\Python312\Lib\site-packages\django\templatetags\i18n.py first seen with mtime 1723326132.03898
File C:\Users\Fulgrim\AppData\Local\Programs\Python\Python312\Lib\encodings\utf_8.py first seen with mtime 1717714452.0
File C:\Users\Fulgrim\.vscode\extensions\ms-python.debugpy-2024.12.0-win32-x64\bundled\libs\debugpy\_vendored\pydevd\pydevd_plugins\extensions\types\pydevd_plugin_numpy_types.py first seen with mtime 1729949494.017903
File C:\Users\Fulgrim\AppData\Local\Programs\Python\Python312\Lib\site-packages\django\core\files\base.py first seen with mtime 1723326131.8964987
File C:\Users\Fulgrim\AppData\Local\Programs\Python\Python312\Lib\email\policy.py first seen with mtime 1717714452.0
File C:\Users\Fulgrim\AppData\Local\Programs\Python\Python312\Lib\pickle.py first seen with mtime 1717714452.0
File C:\Users\Fulgrim\AppData\Local\Programs\Python\Python312\Lib\site-packages\django\contrib\auth\decorators.py first seen with mtime 1723326130.9131744
File C:\xampp\htdocs\AVITech\Prueba5\SGC\AppBack\apps.py first seen with mtime 1722984829.2325146
File C:\Users\Fulgrim\AppData\Local\Programs\Python\Python312\Lib\site-packages\django\http\cookie.py first seen with mtime 1723326132.023344
File C:\Users\Fulgrim\AppData\Local\Programs\Python\Python312\Lib\site-packages\sqlparse\keywords.py first seen with mtime 1723326129.91682
File C:\Users\Fulgrim\AppData\Local\Programs\Python\Python312\Lib\site-packages\django\template\utils.py first seen with mtime 1723326132.03898
File C:\Users\Fulgrim\AppData\Local\Programs\Python\Python312\Lib\concurrent\futures\thread.py first seen with mtime 1717714452.0
File C:\Users\Fulgrim\AppData\Local\Programs\Python\Python312\Lib\site-packages\django\core\files\move.py first seen with mtime 1723326131.8964987
File C:\Users\Fulgrim\.vscode\extensions\ms-python.debugpy-2024.12.0-win32-x64\bundled\libs\debugpy\_vendored\pydevd\_pydevd_bundle\pydevd_net_command_factory_xml.py first seen with mtime 1729949493.063001
File C:\Users\Fulgrim\AppData\Local\Programs\Python\Python312\Lib\site-packages\django\utils\deprecation.py first seen with mtime 1723326132.0550916
File C:\Users\Fulgrim\AppData\Local\Programs\Python\Python312\Lib\asyncio\base_subprocess.py first seen with mtime 1717714452.0
File C:\Users\Fulgrim\AppData\Local\Programs\Python\Python312\Lib\selectors.py first seen with mtime 1717714452.0
File C:\Users\Fulgrim\AppData\Local\Programs\Python\Python312\Lib\site-packages\django\templatetags\static.py first seen with mtime 1723326132.03898
File C:\Users\Fulgrim\.vscode\extensions\ms-python.debugpy-2024.12.0-win32-x64\bundled\libs\debugpy\_vendored\pydevd\_pydevd_bundle\pydevd_constants.py first seen with mtime 1729949493.2737718
File C:\Users\Fulgrim\AppData\Local\Programs\Python\Python312\Lib\locale.py first seen with mtime 1717714452.0
File C:\Users\Fulgrim\AppData\Local\Programs\Python\Python312\Lib\site-packages\django\contrib\admin\checks.py first seen with mtime 1723326130.4723978
File C:\Users\Fulgrim\.vscode\extensions\ms-python.debugpy-2024.12.0-win32-x64\bundled\libs\debugpy\_vendored\pydevd\_pydevd_bundle\pydevd_xml.py first seen with mtime 1729949492.9380796
File C:\Users\Fulgrim\AppData\Local\Programs\Python\Python312\Lib\site-packages\django\core\cache\utils.py first seen with mtime 1723326131.880859
File C:\Users\Fulgrim\AppData\Local\Programs\Python\Python312\Lib\site-packages\sqlparse\exceptions.py first seen with mtime 1723326129.91682
File C:\Users\Fulgrim\AppData\Local\Programs\Python\Python312\Lib\site-packages\django\utils\module_loading.py first seen with mtime 1723326132.065099
File C:\Users\Fulgrim\AppData\Local\Programs\Python\Python312\Lib\traceback.py first seen with mtime 1717714452.0
File C:\Users\Fulgrim\AppData\Local\Programs\Python\Python312\DLLs\_ctypes.pyd first seen with mtime 1717714502.0
File C:\Users\Fulgrim\AppData\Local\Programs\Python\Python312\Lib\asyncio\events.py first seen with mtime 1717714452.0
File C:\Users\Fulgrim\AppData\Local\Programs\Python\Python312\Lib\base64.py first seen with mtime 1717714452.0
File C:\Users\Fulgrim\AppData\Local\Programs\Python\Python312\Lib\site-packages\asgiref\local.py first seen with mtime 1723326130.1641204
File C:\Users\Fulgrim\AppData\Local\Programs\Python\Python312\Lib\site-packages\sqlparse\filters\aligned_indent.py first seen with mtime 1723326129.91682
File C:\Users\Fulgrim\AppData\Local\Programs\Python\Python312\Lib\site-packages\django\core\management\color.py first seen with mtime 1723326131.912207
File C:\Users\Fulgrim\AppData\Local\Programs\Python\Python312\Lib\wsgiref\util.py first seen with mtime 1717714452.0
File C:\Users\Fulgrim\AppData\Local\Programs\Python\Python312\Lib\asyncio\threads.py first seen with mtime 1717714452.0
File C:\Users\Fulgrim\AppData\Local\Programs\Python\Python312\Lib\asyncio\windows_events.py first seen with mtime 1717714452.0
File C:\Users\Fulgrim\AppData\Local\Programs\Python\Python312\Lib\site-packages\sqlparse\__init__.py first seen with mtime 1723326129.910815
File C:\Users\Fulgrim\AppData\Local\Programs\Python\Python312\Lib\site-packages\django\core\cache\__init__.py first seen with mtime 1723326131.880859
File C:\Users\Fulgrim\.vscode\extensions\ms-python.debugpy-2024.12.0-win32-x64\bundled\libs\debugpy\_vendored\pydevd\pydevd_plugins\extensions\types\pydevd_helpers.py first seen with mtime 1729949494.0236473
File C:\Users\Fulgrim\AppData\Local\Programs\Python\Python312\Lib\wsgiref\handlers.py first seen with mtime 1717714452.0
File C:\Users\Fulgrim\AppData\Local\Programs\Python\Python312\DLLs\_ssl.pyd first seen with mtime 1717714502.0
File C:\Users\Fulgrim\.vscode\extensions\ms-python.debugpy-2024.12.0-win32-x64\bundled\libs\debugpy\_vendored\pydevd\_pydevd_bundle\pydevd_daemon_thread.py first seen with mtime 1729949493.1605675
File C:\Users\Fulgrim\.vscode\extensions\ms-python.debugpy-2024.12.0-win32-x64\bundled\libs\debugpy\_vendored\pydevd\_pydev_bundle\_pydev_completer.py first seen with mtime 1729949492.7782845
File C:\Users\Fulgrim\AppData\Local\Programs\Python\Python312\Lib\site-packages\django\core\files\storage\handler.py first seen with mtime 1723326131.8964987
File C:\Users\Fulgrim\AppData\Local\Programs\Python\Python312\Lib\site-packages\django\contrib\admin\apps.py first seen with mtime 1723326130.4723978
File C:\Users\Fulgrim\AppData\Local\Programs\Python\Python312\Lib\argparse.py first seen with mtime 1717714452.0
File C:\Users\Fulgrim\AppData\Local\Programs\Python\Python312\Lib\site-packages\django\utils\datastructures.py first seen with mtime 1723326132.0550916
File C:\Users\Fulgrim\AppData\Local\Programs\Python\Python312\Lib\genericpath.py first seen with mtime 1717714452.0
File C:\Users\Fulgrim\AppData\Local\Programs\Python\Python312\Lib\site-packages\django\core\management\commands\__init__.py first seen with mtime 1723326131.912207
File C:\Users\Fulgrim\AppData\Local\Programs\Python\Python312\Lib\site-packages\django\template\context.py first seen with mtime 1723326132.023344
File C:\Users\Fulgrim\AppData\Local\Programs\Python\Python312\Lib\site-packages\asgiref\sync.py first seen with mtime 1723326130.1641204
File C:\Users\Fulgrim\AppData\Local\Programs\Python\Python312\Lib\site-packages\django\db\models\manager.py first seen with mtime 1723326131.9595635
File C:\Users\Fulgrim\AppData\Local\Programs\Python\Python312\DLLs\_hashlib.pyd first seen with mtime 1717714502.0
File C:\Users\Fulgrim\AppData\Local\Programs\Python\Python312\Lib\email\base64mime.py first seen with mtime 1717714452.0
File C:\Users\Fulgrim\AppData\Local\Programs\Python\Python312\Lib\pprint.py first seen with mtime 1717714452.0
File C:\Users\Fulgrim\.vscode\extensions\ms-python.debugpy-2024.12.0-win32-x64\bundled\libs\debugpy\_vendored\pydevd\pydevd_plugins\extensions\types\pydevd_plugin_pandas_types.py first seen with mtime 1729949494.0154064
File C:\Users\Fulgrim\AppData\Local\Programs\Python\Python312\Lib\site-packages\django\template\backends\django.py first seen with mtime 1723326132.03898
File C:\Users\Fulgrim\AppData\Local\Programs\Python\Python312\Lib\gettext.py first seen with mtime 1717714452.0
File C:\Users\Fulgrim\AppData\Local\Programs\Python\Python312\Lib\site-packages\django\db\models\fields\__init__.py first seen with mtime 1723326131.9695692
File C:\Users\Fulgrim\AppData\Local\Programs\Python\Python312\Lib\http\cookies.py first seen with mtime 1717714452.0
File C:\Users\Fulgrim\AppData\Local\Programs\Python\Python312\Lib\site-packages\django\core\mail\message.py first seen with mtime 1723326131.8964987
File C:\Users\Fulgrim\.vscode\extensions\ms-python.debugpy-2024.12.0-win32-x64\bundled\libs\debugpy\_vendored\pydevd\_pydevd_bundle\pydevd_vm_type.py first seen with mtime 1729949492.9443855
File C:\Users\Fulgrim\.vscode\extensions\ms-python.debugpy-2024.12.0-win32-x64\bundled\libs\debugpy\_vendored\pydevd\_pydevd_frame_eval\vendored\bytecode\concrete.py first seen with mtime 1729949494.0048187
File C:\Users\Fulgrim\AppData\Local\Programs\Python\Python312\DLLs\_overlapped.pyd first seen with mtime 1717714502.0
File C:\Users\Fulgrim\.vscode\extensions\ms-python.debugpy-2024.12.0-win32-x64\bundled\libs\debugpy\_vendored\pydevd\_pydev_bundle\_pydev_saved_modules.py first seen with mtime 1729949492.7526262
File C:\Users\Fulgrim\.vscode\extensions\ms-python.debugpy-2024.12.0-win32-x64\bundled\libs\debugpy\_vendored\pydevd\_pydevd_frame_eval\pydevd_frame_eval_main.py first seen with mtime 1729949492.8865564
File C:\Users\Fulgrim\AppData\Local\Programs\Python\Python312\Lib\site-packages\django\core\files\uploadedfile.py first seen with mtime 1723326131.8964987
File C:\Users\Fulgrim\AppData\Local\Programs\Python\Python312\Lib\site-packages\django\db\models\sql\where.py first seen with mtime 1723326131.9755762
File C:\Users\Fulgrim\AppData\Local\Programs\Python\Python312\Lib\concurrent\futures\_base.py first seen with mtime 1717714452.0
File C:\Users\Fulgrim\AppData\Local\Programs\Python\Python312\Lib\site-packages\django\db\migrations\operations\models.py first seen with mtime 1723326131.9595635
File C:\Users\Fulgrim\AppData\Local\Programs\Python\Python312\Lib\site-packages\django\db\models\fields\generated.py first seen with mtime 1723326131.9695692
File C:\Users\Fulgrim\.vscode\extensions\ms-python.debugpy-2024.12.0-win32-x64\bundled\libs\debugpy\_vendored\pydevd\_pydevd_frame_eval\vendored\bytecode\flags.py first seen with mtime 1729949494.0012074
File C:\Users\Fulgrim\AppData\Local\Programs\Python\Python312\Lib\asyncio\base_futures.py first seen with mtime 1717714452.0
File C:\Users\Fulgrim\AppData\Local\Programs\Python\Python312\Lib\site-packages\django\urls\conf.py first seen with mtime 1723326132.04899
File C:\Users\Fulgrim\AppData\Local\Programs\Python\Python312\Lib\site-packages\django\urls\resolvers.py first seen with mtime 1723326132.0550916
File C:\Users\Fulgrim\AppData\Local\Programs\Python\Python312\Lib\site-packages\django\contrib\admin\sites.py first seen with mtime 1723326130.4784036
File C:\Users\Fulgrim\.vscode\extensions\ms-python.debugpy-2024.12.0-win32-x64\bundled\libs\debugpy\_vendored\pydevd\_pydevd_bundle\pydevd_collect_bytecode_info.py first seen with mtime 1729949493.2942033
File C:\Users\Fulgrim\AppData\Local\Programs\Python\Python312\Lib\site-packages\asgiref\current_thread_executor.py first seen with mtime 1723326130.1641204
File C:\Users\Fulgrim\AppData\Local\Programs\Python\Python312\Lib\site-packages\django\template\loader.py first seen with mtime 1723326132.023344
File C:\Users\Fulgrim\AppData\Local\Programs\Python\Python312\Lib\site-packages\django\contrib\messages\api.py first seen with mtime 1723326131.4927073
File C:\Users\Fulgrim\AppData\Local\Programs\Python\Python312\Lib\logging\config.py first seen with mtime 1717714452.0
File C:\Users\Fulgrim\AppData\Local\Programs\Python\Python312\Lib\html\entities.py first seen with mtime 1717714452.0
File C:\Users\Fulgrim\AppData\Local\Programs\Python\Python312\DLLs\_socket.pyd first seen with mtime 1717714502.0
File C:\Users\Fulgrim\.vscode\extensions\ms-python.debugpy-2024.12.0-win32-x64\bundled\libs\debugpy\_vendored\pydevd\_pydevd_bundle\pydevd_cython.cp312-win_amd64.pyd first seen with mtime 1729949493.19928
File C:\Users\Fulgrim\.vscode\extensions\ms-python.debugpy-2024.12.0-win32-x64\bundled\libs\debugpy\_vendored\_util.py first seen with mtime 1729949492.598315
File C:\Users\Fulgrim\.vscode\extensions\ms-python.debugpy-2024.12.0-win32-x64\bundled\libs\debugpy\_vendored\pydevd\_pydev_bundle\pydev_override.py first seen with mtime 1729949492.792115
File C:\Users\Fulgrim\.vscode\extensions\ms-python.debugpy-2024.12.0-win32-x64\bundled\libs\debugpy\_vendored\pydevd\_pydevd_bundle\pydevd_custom_frames.py first seen with mtime 1729949493.2707877
File C:\xampp\htdocs\AVITech\Prueba5\SGC\SGC\__init__.py first seen with mtime 1722984829.239309
File C:\Users\Fulgrim\AppData\Local\Programs\Python\Python312\Lib\numbers.py first seen with mtime 1717714452.0
File C:\Users\Fulgrim\AppData\Local\Programs\Python\Python312\Lib\keyword.py first seen with mtime 1717714452.0
File C:\Users\Fulgrim\AppData\Local\Programs\Python\Python312\Lib\zoneinfo\_tzpath.py first seen with mtime 1717714452.0
File C:\Users\Fulgrim\AppData\Local\Programs\Python\Python312\Lib\importlib\util.py first seen with mtime 1717714452.0
File C:\Users\Fulgrim\.vscode\extensions\ms-python.debugpy-2024.12.0-win32-x64\bundled\libs\debugpy\_vendored\pydevd\_pydevd_bundle\pydevd_additional_thread_info_regular.py first seen with mtime 1729949493.319837
File C:\Users\Fulgrim\.vscode\extensions\ms-python.debugpy-2024.12.0-win32-x64\bundled\libs\debugpy\_vendored\pydevd\_pydevd_sys_monitoring\_pydevd_sys_monitoring_cython.cp312-win_amd64.pyd first seen with mtime 1729949492.8369136
File C:\Users\Fulgrim\.vscode\extensions\ms-python.debugpy-2024.12.0-win32-x64\bundled\libs\debugpy\_vendored\pydevd\_pydevd_bundle\pydevd_extension_api.py first seen with mtime 1729949493.138453
File C:\Users\Fulgrim\.vscode\extensions\ms-python.debugpy-2024.12.0-win32-x64\bundled\libs\debugpy\_vendored\pydevd\pydev_ipython\inputhook.py first seen with mtime 1729949493.4560575
File C:\Users\Fulgrim\AppData\Local\Programs\Python\Python312\Lib\site-packages\django\core\files\storage\__init__.py first seen with mtime 1723326131.8964987
File C:\Users\Fulgrim\AppData\Local\Programs\Python\Python312\Lib\site-packages\django\contrib\messages\__init__.py first seen with mtime 1723326131.4927073
File C:\Users\Fulgrim\AppData\Local\Programs\Python\Python312\Lib\importlib\_abc.py first seen with mtime 1717714452.0
File C:\Users\Fulgrim\AppData\Local\Programs\Python\Python312\Lib\site-packages\django\urls\converters.py first seen with mtime 1723326132.04899
File C:\Users\Fulgrim\AppData\Local\Programs\Python\Python312\Lib\site-packages\django\db\models\signals.py first seen with mtime 1723326131.9695692
File C:\Users\Fulgrim\.vscode\extensions\ms-python.debugpy-2024.12.0-win32-x64\bundled\libs\debugpy\_vendored\pydevd\_pydev_bundle\fsnotify\__init__.py first seen with mtime 1729949493.7608793
File C:\Users\Fulgrim\AppData\Local\Programs\Python\Python312\Lib\encodings\latin_1.py first seen with mtime 1717714452.0
File C:\Users\Fulgrim\AppData\Local\Programs\Python\Python312\Lib\site-packages\django\templatetags\__init__.py first seen with mtime 1723326132.03898
File C:\Users\Fulgrim\AppData\Local\Programs\Python\Python312\Lib\email\contentmanager.py first seen with mtime 1717714452.0
File C:\Users\Fulgrim\AppData\Local\Programs\Python\Python312\Lib\site-packages\django\http\request.py first seen with mtime 1723326132.023344
File C:\Users\Fulgrim\AppData\Local\Programs\Python\Python312\Lib\ctypes\wintypes.py first seen with mtime 1717714452.0
File C:\Users\Fulgrim\AppData\Local\Programs\Python\Python312\Lib\site-packages\django\core\serializers\__init__.py first seen with mtime 1723326131.9222176
File C:\Users\Fulgrim\AppData\Local\Programs\Python\Python312\Lib\importlib\__init__.py first seen with mtime 1717714452.0
File C:\Users\Fulgrim\AppData\Local\Programs\Python\Python312\DLLs\_wmi.pyd first seen with mtime 1717714502.0
File C:\Users\Fulgrim\AppData\Local\Programs\Python\Python312\Lib\site-packages\django\contrib\sites\checks.py first seen with mtime 1723326131.7706008
File C:\Users\Fulgrim\AppData\Local\Programs\Python\Python312\Lib\site-packages\django\conf\__init__.py first seen with mtime 1723326130.289361
File C:\Users\Fulgrim\AppData\Local\Programs\Python\Python312\Lib\site-packages\django\contrib\__init__.py first seen with mtime 1723326130.4723978
File C:\Users\Fulgrim\AppData\Local\Programs\Python\Python312\Lib\site-packages\django\utils\tree.py first seen with mtime 1723326132.0711086
File C:\Users\Fulgrim\.vscode\extensions\ms-python.debugpy-2024.12.0-win32-x64\bundled\libs\debugpy\_vendored\pydevd\_pydevd_bundle\pydevd_utils.py first seen with mtime 1729949492.9517343
File C:\Users\Fulgrim\AppData\Local\Programs\Python\Python312\Lib\http\client.py first seen with mtime 1717714452.0
File C:\Users\Fulgrim\AppData\Local\Programs\Python\Python312\Lib\site-packages\django\core\handlers\exception.py first seen with mtime 1723326131.8964987
File C:\Users\Fulgrim\AppData\Local\Programs\Python\Python312\Lib\site-packages\django\middleware\csrf.py first seen with mtime 1723326132.023344
File C:\Users\Fulgrim\AppData\Local\Programs\Python\Python312\Lib\site-packages\django\db\models\functions\datetime.py first seen with mtime 1723326131.9755762
File C:\Users\Fulgrim\AppData\Local\Programs\Python\Python312\Lib\site-packages\django\utils\encoding.py first seen with mtime 1723326132.0550916
File C:\Users\Fulgrim\AppData\Local\Programs\Python\Python312\Lib\site-packages\django\utils\ipv6.py first seen with mtime 1723326132.065099
File C:\Users\Fulgrim\AppData\Local\Programs\Python\Python312\DLLs\select.pyd first seen with mtime 1717714502.0
File C:\Users\Fulgrim\AppData\Local\Programs\Python\Python312\Lib\asyncio\futures.py first seen with mtime 1717714452.0
File C:\Users\Fulgrim\AppData\Local\Programs\Python\Python312\Lib\site-packages\django\core\files\storage\filesystem.py first seen with mtime 1723326131.8964987
File C:\Users\Fulgrim\.vscode\extensions\ms-python.debugpy-2024.12.0-win32-x64\bundled\libs\debugpy\_vendored\pydevd\_pydev_bundle\__init__.py first seen with mtime 1729949492.7340631
File C:\Users\Fulgrim\AppData\Local\Programs\Python\Python312\Lib\json\__init__.py first seen with mtime 1717714452.0
File C:\Users\Fulgrim\AppData\Local\Programs\Python\Python312\Lib\site-packages\django\views\decorators\debug.py first seen with mtime 1723326132.0711086
File C:\Users\Fulgrim\.vscode\extensions\ms-python.debugpy-2024.12.0-win32-x64\bundled\libs\debugpy\_vendored\pydevd\_pydevd_bundle\__init__.py first seen with mtime 1729949492.9313884
File C:\Users\Fulgrim\AppData\Local\Programs\Python\Python312\DLLs\_zoneinfo.pyd first seen with mtime 1717714502.0
File C:\Users\Fulgrim\.vscode\extensions\ms-python.debugpy-2024.12.0-win32-x64\bundled\libs\debugpy\_vendored\__init__.py first seen with mtime 1729949492.5966175
File C:\Users\Fulgrim\AppData\Local\Programs\Python\Python312\Lib\site-packages\django\contrib\contenttypes\apps.py first seen with mtime 1723326131.023843
File C:\Users\Fulgrim\AppData\Local\Programs\Python\Python312\Lib\stat.py first seen with mtime 1717714452.0
File C:\Users\Fulgrim\AppData\Local\Programs\Python\Python312\Lib\string.py first seen with mtime 1717714452.0
File C:\Users\Fulgrim\AppData\Local\Programs\Python\Python312\Lib\site-packages\django\utils\html.py first seen with mtime 1723326132.065099
File C:\Users\Fulgrim\.vscode\extensions\ms-python.debugpy-2024.12.0-win32-x64\bundled\libs\debugpy\_vendored\pydevd\_pydevd_bundle\pydevd_runpy.py first seen with mtime 1729949493.0176435
File C:\Users\Fulgrim\AppData\Local\Programs\Python\Python312\Lib\site-packages\django\core\files\uploadhandler.py first seen with mtime 1723326131.8964987
File C:\Users\Fulgrim\AppData\Local\Programs\Python\Python312\Lib\site-packages\django\contrib\sessions\apps.py first seen with mtime 1723326131.6746955
File C:\Users\Fulgrim\AppData\Local\Programs\Python\Python312\Lib\asyncio\taskgroups.py first seen with mtime 1717714452.0
File C:\Users\Fulgrim\AppData\Local\Programs\Python\Python312\Lib\asyncio\constants.py first seen with mtime 1717714452.0
File C:\Users\Fulgrim\AppData\Local\Programs\Python\Python312\Lib\site-packages\sqlparse\utils.py first seen with mtime 1723326129.91682
File C:\Users\Fulgrim\AppData\Local\Programs\Python\Python312\Lib\graphlib.py first seen with mtime 1717714452.0
File C:\Users\Fulgrim\AppData\Local\Programs\Python\Python312\Lib\asyncio\sslproto.py first seen with mtime 1717714452.0
File C:\Users\Fulgrim\AppData\Local\Programs\Python\Python312\Lib\asyncio\staggered.py first seen with mtime 1717714452.0
File C:\Users\Fulgrim\AppData\Local\Programs\Python\Python312\Lib\site-packages\django\db\models\query_utils.py first seen with mtime 1723326131.9695692
File C:\Users\Fulgrim\.vscode\extensions\ms-python.debugpy-2024.12.0-win32-x64\bundled\libs\debugpy\_vendored\pydevd\_pydevd_bundle\pydevd_suspended_frames.py first seen with mtime 1729949492.986011
File C:\Users\Fulgrim\AppData\Local\Programs\Python\Python312\Lib\xmlrpc\client.py first seen with mtime 1717714452.0
File C:\Users\Fulgrim\AppData\Local\Programs\Python\Python312\Lib\site-packages\django\views\generic\dates.py first seen with mtime 1723326132.0711086
File C:\Users\Fulgrim\AppData\Local\Programs\Python\Python312\Lib\site-packages\django\core\checks\security\sessions.py first seen with mtime 1723326131.8964987
File C:\Users\Fulgrim\AppData\Local\Programs\Python\Python312\Lib\site-packages\django\core\serializers\json.py first seen with mtime 1723326131.9222176
File C:\Users\Fulgrim\AppData\Local\Programs\Python\Python312\Lib\_weakrefset.py first seen with mtime 1717714452.0
File C:\Users\Fulgrim\AppData\Local\Programs\Python\Python312\Lib\site-packages\django\utils\__init__.py first seen with mtime 1723326132.0550916
File C:\Users\Fulgrim\AppData\Local\Programs\Python\Python312\Lib\site-packages\django\template\__init__.py first seen with mtime 1723326132.023344
File C:\Users\Fulgrim\AppData\Local\Programs\Python\Python312\Lib\site-packages\django\urls\utils.py first seen with mtime 1723326132.0550916
File C:\xampp\htdocs\AVITech\Prueba5\SGC\templates\.last_build_id first seen with mtime 1729949419.8221009
File C:\xampp\htdocs\AVITech\Prueba5\SGC\templates\assets first seen with mtime 1729949419.831601
File C:\xampp\htdocs\AVITech\Prueba5\SGC\templates\canvaskit first seen with mtime 1729949419.9367752
File C:\xampp\htdocs\AVITech\Prueba5\SGC\templates\favicon.png first seen with mtime 1729949419.937775
File C:\xampp\htdocs\AVITech\Prueba5\SGC\templates\flutter.js first seen with mtime 1729949419.9382749
File C:\xampp\htdocs\AVITech\Prueba5\SGC\templates\flutter_bootstrap.js first seen with mtime 1729949419.9387765
File C:\xampp\htdocs\AVITech\Prueba5\SGC\templates\flutter_service_worker.js first seen with mtime 1729949419.9387765
File C:\xampp\htdocs\AVITech\Prueba5\SGC\templates\icons first seen with mtime 1729949419.9407775
File C:\xampp\htdocs\AVITech\Prueba5\SGC\templates\index.html first seen with mtime 1729949419.9407775
File C:\xampp\htdocs\AVITech\Prueba5\SGC\templates\mail_activacion.html first seen with mtime 1732379272.7971792
File C:\xampp\htdocs\AVITech\Prueba5\SGC\templates\main.dart.js first seen with mtime 1729949419.957895
File C:\xampp\htdocs\AVITech\Prueba5\SGC\templates\manifest.json first seen with mtime 1729949419.9584026
File C:\xampp\htdocs\AVITech\Prueba5\SGC\templates\registration first seen with mtime 1729949419.9588957
File C:\xampp\htdocs\AVITech\Prueba5\SGC\templates\version.json first seen with mtime 1729949419.959395
File C:\xampp\htdocs\AVITech\Prueba5\SGC\templates\viejo first seen with mtime 1729949419.9623952
File C:\xampp\htdocs\AVITech\Prueba5\SGC\templates\assets\AssetManifest.bin first seen with mtime 1729949419.8226013
File C:\xampp\htdocs\AVITech\Prueba5\SGC\templates\assets\AssetManifest.bin.json first seen with mtime 1729949419.8231018
File C:\xampp\htdocs\AVITech\Prueba5\SGC\templates\assets\AssetManifest.json first seen with mtime 1729949419.8236065
File C:\xampp\htdocs\AVITech\Prueba5\SGC\templates\assets\FontManifest.json first seen with mtime 1729949419.8241012
File C:\xampp\htdocs\AVITech\Prueba5\SGC\templates\assets\fonts first seen with mtime 1729949419.830102
File C:\xampp\htdocs\AVITech\Prueba5\SGC\templates\assets\NOTICES first seen with mtime 1729949419.8296015
File C:\xampp\htdocs\AVITech\Prueba5\SGC\templates\assets\packages first seen with mtime 1729949419.830602
File C:\xampp\htdocs\AVITech\Prueba5\SGC\templates\assets\shaders first seen with mtime 1729949419.831601
File C:\xampp\htdocs\AVITech\Prueba5\SGC\templates\canvaskit\canvaskit.js first seen with mtime 1729949419.8321009
File C:\xampp\htdocs\AVITech\Prueba5\SGC\templates\canvaskit\canvaskit.js.symbols first seen with mtime 1729949419.835614
File C:\xampp\htdocs\AVITech\Prueba5\SGC\templates\canvaskit\canvaskit.wasm first seen with mtime 1729949419.8657606
File C:\xampp\htdocs\AVITech\Prueba5\SGC\templates\canvaskit\chromium first seen with mtime 1729949419.8994582
File C:\xampp\htdocs\AVITech\Prueba5\SGC\templates\canvaskit\skwasm.js first seen with mtime 1729949419.902171
File C:\xampp\htdocs\AVITech\Prueba5\SGC\templates\canvaskit\skwasm.js.symbols first seen with mtime 1729949419.9082005
File C:\xampp\htdocs\AVITech\Prueba5\SGC\templates\canvaskit\skwasm.wasm first seen with mtime 1729949419.9362824
File C:\xampp\htdocs\AVITech\Prueba5\SGC\templates\canvaskit\skwasm.worker.js first seen with mtime 1729949419.9372752
File C:\xampp\htdocs\AVITech\Prueba5\SGC\templates\icons\Icon-192.png first seen with mtime 1729949419.9397757
File C:\xampp\htdocs\AVITech\Prueba5\SGC\templates\icons\Icon-512.png first seen with mtime 1729949419.9397757
File C:\xampp\htdocs\AVITech\Prueba5\SGC\templates\icons\Icon-maskable-192.png first seen with mtime 1729949419.9402738
File C:\xampp\htdocs\AVITech\Prueba5\SGC\templates\icons\Icon-maskable-512.png first seen with mtime 1729949419.9407775
File C:\xampp\htdocs\AVITech\Prueba5\SGC\templates\registration\password_reset_email.html first seen with mtime 1729949419.959395
File C:\xampp\htdocs\AVITech\Prueba5\SGC\templates\viejo\index.html first seen with mtime 1729949419.959895
File C:\xampp\htdocs\AVITech\Prueba5\SGC\templates\viejo\pagina2.html first seen with mtime 1729949419.960395
File C:\xampp\htdocs\AVITech\Prueba5\SGC\templates\viejo\pagina3.html first seen with mtime 1729949419.960395
File C:\xampp\htdocs\AVITech\Prueba5\SGC\templates\viejo\pagina4.html first seen with mtime 1729949419.9613943
File C:\xampp\htdocs\AVITech\Prueba5\SGC\templates\viejo\pagina5.html first seen with mtime 1729949419.9618938
File C:\xampp\htdocs\AVITech\Prueba5\SGC\templates\viejo\pagina6.html first seen with mtime 1729949419.9623952
File C:\xampp\htdocs\AVITech\Prueba5\SGC\templates\assets\fonts\MaterialIcons-Regular.otf first seen with mtime 1729949419.830602
File C:\xampp\htdocs\AVITech\Prueba5\SGC\templates\assets\packages\cupertino_icons first seen with mtime 1729949419.8311193
File C:\xampp\htdocs\AVITech\Prueba5\SGC\templates\assets\shaders\ink_sparkle.frag first seen with mtime 1729949419.831601
File C:\xampp\htdocs\AVITech\Prueba5\SGC\templates\assets\packages\cupertino_icons\assets first seen with mtime 1729949419.8311193
File C:\xampp\htdocs\AVITech\Prueba5\SGC\templates\assets\packages\cupertino_icons\assets\CupertinoIcons.ttf first seen with mtime 1729949419.831601
File C:\xampp\htdocs\AVITech\Prueba5\SGC\templates\canvaskit\chromium\canvaskit.js first seen with mtime 1729949419.8667588
File C:\xampp\htdocs\AVITech\Prueba5\SGC\templates\canvaskit\chromium\canvaskit.js.symbols first seen with mtime 1729949419.872394
File C:\xampp\htdocs\AVITech\Prueba5\SGC\templates\canvaskit\chromium\canvaskit.wasm first seen with mtime 1729949419.9011657
Watching for file changes with StatReloader
Waiting for apps ready_event.
Main Django thread has terminated before apps are ready.
Apps ready_event triggered. Sending autoreload_started signal.
Watching dir C:\xampp\htdocs\AVITech\Prueba5\SGC\templates with glob **/*.
File C:\Users\Fulgrim\.vscode\extensions\ms-python.debugpy-2024.12.0-win32-x64\bundled\libs\debugpy\_vendored\pydevd\_pydevd_bundle\pydevd_json_debug_options.py first seen with mtime 1729949493.0969841
File C:\Users\Fulgrim\AppData\Local\Programs\Python\Python312\Lib\site-packages\django\core\exceptions.py first seen with mtime 1723326131.880859
File C:\Users\Fulgrim\AppData\Local\Programs\Python\Python312\Lib\site-packages\django\template\backends\base.py first seen with mtime 1723326132.03898
File C:\Users\Fulgrim\AppData\Local\Programs\Python\Python312\Lib\asyncio\trsock.py first seen with mtime 1717714452.0
File C:\Users\Fulgrim\AppData\Local\Programs\Python\Python312\Lib\email\contentmanager.py first seen with mtime 1717714452.0
File C:\Users\Fulgrim\AppData\Local\Programs\Python\Python312\Lib\platform.py first seen with mtime 1717714452.0
File C:\Users\Fulgrim\AppData\Local\Programs\Python\Python312\Lib\site-packages\django\contrib\auth\management\__init__.py first seen with mtime 1723326131.018331
File C:\Users\Fulgrim\AppData\Local\Programs\Python\Python312\Lib\site-packages\django\contrib\auth\decorators.py first seen with mtime 1723326130.9131744
File C:\Users\Fulgrim\AppData\Local\Programs\Python\Python312\Lib\site-packages\django\db\models\fields\json.py first seen with mtime 1723326131.9695692
File C:\Users\Fulgrim\AppData\Local\Programs\Python\Python312\Lib\site-packages\sqlparse\engine\__init__.py first seen with mtime 1723326129.91682
File C:\Users\Fulgrim\AppData\Local\Programs\Python\Python312\Lib\site-packages\django\contrib\admin\widgets.py first seen with mtime 1723326130.4784036
File C:\Users\Fulgrim\AppData\Local\Programs\Python\Python312\Lib\site-packages\sqlparse\filters\reindent.py first seen with mtime 1723326129.91682
File C:\Users\Fulgrim\AppData\Local\Programs\Python\Python312\Lib\wsgiref\__init__.py first seen with mtime 1717714452.0
File C:\Users\Fulgrim\AppData\Local\Programs\Python\Python312\Lib\site-packages\django\utils\inspect.py first seen with mtime 1723326132.065099
File C:\Users\Fulgrim\AppData\Local\Programs\Python\Python312\Lib\asyncio\log.py first seen with mtime 1717714452.0
File C:\Users\Fulgrim\AppData\Local\Programs\Python\Python312\Lib\asyncio\protocols.py first seen with mtime 1717714452.0
File C:\Users\Fulgrim\AppData\Local\Programs\Python\Python312\Lib\site-packages\django\db\models\constants.py first seen with mtime 1723326131.9595635
File C:\Users\Fulgrim\AppData\Local\Programs\Python\Python312\Lib\asyncio\futures.py first seen with mtime 1717714452.0
File C:\Users\Fulgrim\AppData\Local\Programs\Python\Python312\Lib\site-packages\rest_framework\authtoken\__init__.py first seen with mtime 1723326139.5698862
File C:\Users\Fulgrim\.vscode\extensions\ms-python.debugpy-2024.12.0-win32-x64\bundled\libs\debugpy\_vendored\pydevd\pydevd_plugins\extensions\types\pydevd_plugin_pandas_types.py first seen with mtime 1729949494.0154064
File C:\Users\Fulgrim\AppData\Local\Programs\Python\Python312\Lib\asyncio\constants.py first seen with mtime 1717714452.0
File C:\Users\Fulgrim\AppData\Local\Programs\Python\Python312\Lib\site-packages\django\utils\cache.py first seen with mtime 1723326132.0550916
File C:\Users\Fulgrim\.vscode\extensions\ms-python.debugpy-2024.12.0-win32-x64\bundled\libs\debugpy\public_api.py first seen with mtime 1729949492.5941167
File C:\Users\Fulgrim\.vscode\extensions\ms-python.debugpy-2024.12.0-win32-x64\bundled\libs\debugpy\_vendored\pydevd\_pydev_bundle\pydev_umd.py first seen with mtime 1729949492.7899423
File C:\Users\Fulgrim\.vscode\extensions\ms-python.debugpy-2024.12.0-win32-x64\bundled\libs\debugpy\_vendored\pydevd\_pydevd_bundle\pydevd_api.py first seen with mtime 1729949493.3168142
File C:\Users\Fulgrim\AppData\Local\Programs\Python\Python312\Lib\site-packages\django\contrib\messages\utils.py first seen with mtime 1723326131.4927073
File C:\Users\Fulgrim\AppData\Local\Programs\Python\Python312\Lib\site-packages\django\template\loader.py first seen with mtime 1723326132.023344
File C:\Users\Fulgrim\AppData\Local\Programs\Python\Python312\Lib\xmlrpc\server.py first seen with mtime 1717714452.0
File C:\Users\Fulgrim\AppData\Local\Programs\Python\Python312\Lib\site-packages\django\db\migrations\operations\special.py first seen with mtime 1723326131.9595635
File C:\Users\Fulgrim\AppData\Local\Programs\Python\Python312\Lib\site-packages\django\core\checks\compatibility\__init__.py first seen with mtime 1723326131.8964987
File C:\Users\Fulgrim\AppData\Local\Programs\Python\Python312\Lib\site-packages\django\contrib\__init__.py first seen with mtime 1723326130.4723978
File C:\Users\Fulgrim\AppData\Local\Programs\Python\Python312\Lib\site-packages\django\core\mail\utils.py first seen with mtime 1723326131.8964987
File C:\Users\Fulgrim\AppData\Local\Programs\Python\Python312\Lib\urllib\__init__.py first seen with mtime 1717714452.0
File C:\Users\Fulgrim\AppData\Local\Programs\Python\Python312\Lib\ssl.py first seen with mtime 1717714452.0
File C:\Users\Fulgrim\AppData\Local\Programs\Python\Python312\Lib\site-packages\django\core\checks\security\__init__.py first seen with mtime 1723326131.8964987
File C:\Users\Fulgrim\AppData\Local\Programs\Python\Python312\Lib\xml\parsers\__init__.py first seen with mtime 1717714452.0
File C:\Users\Fulgrim\AppData\Local\Programs\Python\Python312\Lib\asyncio\locks.py first seen with mtime 1717714452.0
File C:\Users\Fulgrim\AppData\Local\Programs\Python\Python312\Lib\dataclasses.py first seen with mtime 1717714452.0
File C:\Users\Fulgrim\AppData\Local\Programs\Python\Python312\Lib\site-packages\django\template\autoreload.py first seen with mtime 1723326132.023344
File C:\Users\Fulgrim\AppData\Local\Programs\Python\Python312\Lib\site-packages\django\template\loaders\base.py first seen with mtime 1723326132.03898
File C:\Users\Fulgrim\.vscode\extensions\ms-python.debugpy-2024.12.0-win32-x64\bundled\libs\debugpy\_vendored\pydevd\_pydevd_bundle\pydevd_runpy.py first seen with mtime 1729949493.0176435
File C:\Users\Fulgrim\AppData\Local\Programs\Python\Python312\Lib\site-packages\django\contrib\admin\templatetags\__init__.py first seen with mtime 1723326130.7712703
File C:\Users\Fulgrim\AppData\Local\Programs\Python\Python312\Lib\collections\abc.py first seen with mtime 1717714452.0
File C:\Users\Fulgrim\AppData\Local\Programs\Python\Python312\Lib\site-packages\django\db\models\fields\related.py first seen with mtime 1723326131.9695692
File C:\Users\Fulgrim\AppData\Local\Programs\Python\Python312\Lib\site-packages\django\template\loaders\app_directories.py first seen with mtime 1723326132.03898
File C:\Users\Fulgrim\AppData\Local\Programs\Python\Python312\DLLs\_queue.pyd first seen with mtime 1717714502.0
File C:\Users\Fulgrim\AppData\Local\Programs\Python\Python312\Lib\site-packages\django\utils\ipv6.py first seen with mtime 1723326132.065099
File C:\Users\Fulgrim\AppData\Local\Programs\Python\Python312\Lib\site-packages\sqlparse\engine\grouping.py first seen with mtime 1723326129.91682
File C:\Users\Fulgrim\AppData\Local\Programs\Python\Python312\Lib\logging\__init__.py first seen with mtime 1717714452.0
File C:\Users\Fulgrim\AppData\Local\Programs\Python\Python312\Lib\site-packages\django\contrib\contenttypes\apps.py first seen with mtime 1723326131.023843
File C:\Users\Fulgrim\.vscode\extensions\ms-python.debugpy-2024.12.0-win32-x64\bundled\libs\debugpy\_version.py first seen with mtime 1729949492.5887544
File C:\Users\Fulgrim\AppData\Local\Programs\Python\Python312\Lib\site-packages\django\template\utils.py first seen with mtime 1723326132.03898
File C:\Users\Fulgrim\AppData\Local\Programs\Python\Python312\Lib\site-packages\sqlparse\sql.py first seen with mtime 1723326129.91682
File C:\Users\Fulgrim\.vscode\extensions\ms-python.debugpy-2024.12.0-win32-x64\bundled\libs\debugpy\_vendored\_util.py first seen with mtime 1729949492.598315
File C:\Users\Fulgrim\AppData\Local\Programs\Python\Python312\Lib\uuid.py first seen with mtime 1717714452.0
File C:\Users\Fulgrim\.vscode\extensions\ms-python.debugpy-2024.12.0-win32-x64\bundled\libs\debugpy\_vendored\pydevd\_pydevd_bundle\pydevd_daemon_thread.py first seen with mtime 1729949493.1605675
File C:\Users\Fulgrim\.vscode\extensions\ms-python.debugpy-2024.12.0-win32-x64\bundled\libs\debugpy\_vendored\pydevd\_pydevd_bundle\pydevd_net_command.py first seen with mtime 1729949493.078292
File C:\Users\Fulgrim\AppData\Local\Programs\Python\Python312\Lib\os.py first seen with mtime 1717714452.0
File C:\Users\Fulgrim\AppData\Local\Programs\Python\Python312\Lib\site-packages\django\views\generic\detail.py first seen with mtime 1723326132.0711086
File C:\Users\Fulgrim\AppData\Local\Programs\Python\Python312\Lib\linecache.py first seen with mtime 1717714452.0
File C:\xampp\htdocs\AVITech\Prueba5\SGC\AppBack\apps.py first seen with mtime 1722984829.2325146
File C:\Users\Fulgrim\.vscode\extensions\ms-python.debugpy-2024.12.0-win32-x64\bundled\libs\debugpy\_vendored\pydevd\_pydevd_bundle\pydevd_reload.py first seen with mtime 1729949493.0248623
File C:\Users\Fulgrim\AppData\Local\Programs\Python\Python312\Lib\site-packages\django\db\models\constraints.py first seen with mtime 1723326131.9595635
File C:\Users\Fulgrim\AppData\Local\Programs\Python\Python312\Lib\email\parser.py first seen with mtime 1717714452.0
File C:\Users\Fulgrim\.vscode\extensions\ms-python.debugpy-2024.12.0-win32-x64\bundled\libs\debugpy\_vendored\pydevd\_pydevd_bundle\_debug_adapter\pydevd_schema_log.py first seen with mtime 1729949493.8051834
File C:\Users\Fulgrim\AppData\Local\Programs\Python\Python312\Lib\site-packages\django\template\context.py first seen with mtime 1723326132.023344
File C:\Users\Fulgrim\AppData\Local\Programs\Python\Python312\Lib\site-packages\django\template\engine.py first seen with mtime 1723326132.023344
File C:\Users\Fulgrim\AppData\Local\Programs\Python\Python312\Lib\site-packages\django\utils\_os.py first seen with mtime 1723326132.0550916
File C:\Users\Fulgrim\AppData\Local\Programs\Python\Python312\Lib\site-packages\django\http\__init__.py first seen with mtime 1723326132.023344
File C:\Users\Fulgrim\AppData\Local\Programs\Python\Python312\Lib\site-packages\django\contrib\admin\templatetags\admin_urls.py first seen with mtime 1723326130.7712703
File C:\Users\Fulgrim\AppData\Local\Programs\Python\Python312\Lib\site-packages\django\template\loaders\__init__.py first seen with mtime 1723326132.03898
File C:\Users\Fulgrim\AppData\Local\Programs\Python\Python312\Lib\site-packages\django\core\servers\__init__.py first seen with mtime 1723326131.9282298
File C:\Users\Fulgrim\AppData\Local\Programs\Python\Python312\Lib\site-packages\django\middleware\cache.py first seen with mtime 1723326132.023344
File C:\Users\Fulgrim\AppData\Local\Programs\Python\Python312\Lib\site-packages\django\db\backends\base\__init__.py first seen with mtime 1723326131.9282298
File C:\Users\Fulgrim\AppData\Local\Programs\Python\Python312\Lib\posixpath.py first seen with mtime 1717714452.0
File C:\Users\Fulgrim\AppData\Local\Programs\Python\Python312\Lib\site-packages\django\core\management\commands\runserver.py first seen with mtime 1723326131.9222176
File C:\Users\Fulgrim\AppData\Local\Programs\Python\Python312\Lib\locale.py first seen with mtime 1717714452.0
File C:\Users\Fulgrim\AppData\Local\Programs\Python\Python312\Lib\site-packages\sqlparse\__init__.py first seen with mtime 1723326129.910815
File C:\Users\Fulgrim\AppData\Local\Programs\Python\Python312\Lib\site-packages\django\middleware\__init__.py first seen with mtime 1723326132.023344
File C:\Users\Fulgrim\AppData\Local\Programs\Python\Python312\Lib\site-packages\sqlparse\filters\__init__.py first seen with mtime 1723326129.91682
File C:\Users\Fulgrim\AppData\Local\Programs\Python\Python312\Lib\opcode.py first seen with mtime 1717714452.0
File C:\Users\Fulgrim\.vscode\extensions\ms-python.debugpy-2024.12.0-win32-x64\bundled\libs\debugpy\_vendored\pydevd\_pydevd_bundle\pydevd_comm_constants.py first seen with mtime 1729949493.2769368
File C:\Users\Fulgrim\AppData\Local\Programs\Python\Python312\Lib\graphlib.py first seen with mtime 1717714452.0
File C:\Users\Fulgrim\.vscode\extensions\ms-python.debugpy-2024.12.0-win32-x64\bundled\libs\debugpy\_vendored\pydevd\_pydevd_bundle\pydevd_vars.py first seen with mtime 1729949492.9499786
File C:\xampp\htdocs\AVITech\Prueba5\SGC\SGC\settings.py first seen with mtime 1731181868.1281946
File C:\Users\Fulgrim\AppData\Local\Programs\Python\Python312\Lib\struct.py first seen with mtime 1717714452.0
File C:\Users\Fulgrim\AppData\Local\Programs\Python\Python312\Lib\asyncio\selector_events.py first seen with mtime 1717714452.0
File C:\Users\Fulgrim\.vscode\extensions\ms-python.debugpy-2024.12.0-win32-x64\bundled\libs\debugpy\_vendored\pydevd\_pydev_bundle\fsnotify\__init__.py first seen with mtime 1729949493.7608793
File C:\Users\Fulgrim\AppData\Local\Programs\Python\Python312\Lib\asyncio\threads.py first seen with mtime 1717714452.0
File C:\Users\Fulgrim\AppData\Local\Programs\Python\Python312\Lib\datetime.py first seen with mtime 1717714452.0
File C:\Users\Fulgrim\AppData\Local\Programs\Python\Python312\Lib\site-packages\django\core\files\storage\handler.py first seen with mtime 1723326131.8964987
File C:\Users\Fulgrim\AppData\Local\Programs\Python\Python312\Lib\email\charset.py first seen with mtime 1717714452.0
File C:\Users\Fulgrim\AppData\Local\Programs\Python\Python312\Lib\site-packages\django\http\response.py first seen with mtime 1723326132.023344
File C:\Users\Fulgrim\.vscode\extensions\ms-python.debugpy-2024.12.0-win32-x64\bundled\libs\debugpy\_vendored\pydevd\_pydevd_bundle\pydevd_concurrency_analyser\pydevd_concurrency_logger.py first seen with mtime 1729949493.8379045
File C:\Users\Fulgrim\AppData\Local\Programs\Python\Python312\Lib\site-packages\django\utils\dates.py first seen with mtime 1723326132.0550916
File C:\Users\Fulgrim\AppData\Local\Programs\Python\Python312\Lib\site-packages\django\contrib\admin\__init__.py first seen with mtime 1723326130.4723978
File C:\Users\Fulgrim\AppData\Local\Programs\Python\Python312\Lib\site-packages\django\utils\datastructures.py first seen with mtime 1723326132.0550916
File C:\Users\Fulgrim\.vscode\extensions\ms-python.debugpy-2024.12.0-win32-x64\bundled\libs\debugpy\_vendored\pydevd\_pydevd_bundle\pydevd_resolver.py first seen with mtime 1729949493.021629
File C:\Users\Fulgrim\AppData\Local\Programs\Python\Python312\Lib\site-packages\django\db\migrations\operations\fields.py first seen with mtime 1723326131.9595635
File C:\Users\Fulgrim\AppData\Local\Programs\Python\Python312\Lib\json\encoder.py first seen with mtime 1717714452.0
File C:\Users\Fulgrim\AppData\Local\Programs\Python\Python312\Lib\argparse.py first seen with mtime 1717714452.0
File C:\Users\Fulgrim\AppData\Local\Programs\Python\Python312\Lib\site-packages\django\core\files\storage\filesystem.py first seen with mtime 1723326131.8964987
File C:\Users\Fulgrim\AppData\Local\Programs\Python\Python312\Lib\site-packages\django\utils\tree.py first seen with mtime 1723326132.0711086
File C:\Users\Fulgrim\.vscode\extensions\ms-python.debugpy-2024.12.0-win32-x64\bundled\libs\debugpy\_vendored\pydevd\_pydev_bundle\_pydev_calltip_util.py first seen with mtime 1729949492.7823498
File C:\Users\Fulgrim\.vscode\extensions\ms-python.debugpy-2024.12.0-win32-x64\bundled\libs\debugpy\_vendored\pydevd\_pydevd_bundle\pydevd_extension_api.py first seen with mtime 1729949493.138453
File C:\Users\Fulgrim\AppData\Local\Programs\Python\Python312\Lib\lzma.py first seen with mtime 1717714452.0
File C:\Users\Fulgrim\AppData\Local\Programs\Python\Python312\Lib\_collections_abc.py first seen with mtime 1717714452.0
File C:\Users\Fulgrim\AppData\Local\Programs\Python\Python312\Lib\site-packages\django\contrib\messages\api.py first seen with mtime 1723326131.4927073
File C:\Users\Fulgrim\AppData\Local\Programs\Python\Python312\Lib\site-packages\django\contrib\admin\exceptions.py first seen with mtime 1723326130.4723978
File C:\Users\Fulgrim\AppData\Local\Programs\Python\Python312\Lib\site-packages\django\contrib\admin\helpers.py first seen with mtime 1723326130.4723978
File C:\Users\Fulgrim\AppData\Local\Programs\Python\Python312\Lib\site-packages\django\db\backends\base\operations.py first seen with mtime 1723326131.9282298
File C:\Users\Fulgrim\AppData\Local\Programs\Python\Python312\Lib\site-packages\django\views\decorators\__init__.py first seen with mtime 1723326132.0711086
File C:\Users\Fulgrim\AppData\Local\Programs\Python\Python312\Lib\pkgutil.py first seen with mtime 1717714452.0
File C:\Users\Fulgrim\AppData\Local\Programs\Python\Python312\Lib\encodings\idna.py first seen with mtime 1717714452.0
File C:\Users\Fulgrim\AppData\Local\Programs\Python\Python312\Lib\site-packages\django\core\wsgi.py first seen with mtime 1723326131.880859
File C:\Users\Fulgrim\AppData\Local\Programs\Python\Python312\Lib\site-packages\django\contrib\contenttypes\checks.py first seen with mtime 1723326131.023843
File C:\Users\Fulgrim\AppData\Local\Programs\Python\Python312\Lib\heapq.py first seen with mtime 1717714452.0
File C:\xampp\htdocs\AVITech\Prueba5\SGC\manage.py first seen with mtime 1729949419.464719
File C:\Users\Fulgrim\.vscode\extensions\ms-python.debugpy-2024.12.0-win32-x64\bundled\libs\debugpy\_vendored\pydevd\_pydevd_bundle\pydevconsole_code.py first seen with mtime 1729949493.3264399
File C:\Users\Fulgrim\AppData\Local\Programs\Python\Python312\Lib\pathlib.py first seen with mtime 1717714452.0
File C:\Users\Fulgrim\AppData\Local\Programs\Python\Python312\DLLs\unicodedata.pyd first seen with mtime 1717714502.0
File C:\Users\Fulgrim\AppData\Local\Programs\Python\Python312\Lib\site-packages\django\db\models\functions\__init__.py first seen with mtime 1723326131.9755762
File C:\Users\Fulgrim\.vscode\extensions\ms-python.debugpy-2024.12.0-win32-x64\bundled\libs\debugpy\_vendored\pydevd\_pydev_bundle\pydev_override.py first seen with mtime 1729949492.792115
File C:\Users\Fulgrim\AppData\Local\Programs\Python\Python312\Lib\hmac.py first seen with mtime 1717714452.0
File C:\Users\Fulgrim\AppData\Local\Programs\Python\Python312\DLLs\_zoneinfo.pyd first seen with mtime 1717714502.0
File C:\Users\Fulgrim\AppData\Local\Programs\Python\Python312\Lib\site-packages\django\core\servers\basehttp.py first seen with mtime 1723326131.9282298
File C:\Users\Fulgrim\.vscode\extensions\ms-python.debugpy-2024.12.0-win32-x64\bundled\libs\debugpy\_vendored\pydevd\pydevconsole.py first seen with mtime 1729949492.7009056
File C:\Users\Fulgrim\AppData\Local\Programs\Python\Python312\Lib\site-packages\django\core\cache\backends\__init__.py first seen with mtime 1723326131.880859
File C:\Users\Fulgrim\AppData\Local\Programs\Python\Python312\Lib\gzip.py first seen with mtime 1717714452.0
File C:\Users\Fulgrim\AppData\Local\Programs\Python\Python312\Lib\site-packages\sqlparse\formatter.py first seen with mtime 1723326129.91682
File C:\Users\Fulgrim\.vscode\extensions\ms-python.debugpy-2024.12.0-win32-x64\bundled\libs\debugpy\_vendored\pydevd\_pydevd_bundle\pydevd_cython_wrapper.py first seen with mtime 1729949493.1627457
File C:\Users\Fulgrim\AppData\Local\Programs\Python\Python312\Lib\site-packages\django\template\backends\__init__.py first seen with mtime 1723326132.03898
File C:\Users\Fulgrim\AppData\Local\Programs\Python\Python312\Lib\site-packages\django\db\migrations\state.py first seen with mtime 1723326131.9595635
File C:\Users\Fulgrim\AppData\Local\Programs\Python\Python312\Lib\site-packages\django\views\debug.py first seen with mtime 1723326132.0711086
File C:\Users\Fulgrim\AppData\Local\Programs\Python\Python312\Lib\email\_parseaddr.py first seen with mtime 1717714452.0
File C:\Users\Fulgrim\AppData\Local\Programs\Python\Python312\Lib\site-packages\django\utils\choices.py first seen with mtime 1723326132.0550916
File C:\Users\Fulgrim\AppData\Local\Programs\Python\Python312\DLLs\_asyncio.pyd first seen with mtime 1717714502.0
File C:\Users\Fulgrim\AppData\Local\Programs\Python\Python312\Lib\site-packages\django\core\files\images.py first seen with mtime 1723326131.8964987
File C:\Users\Fulgrim\.vscode\extensions\ms-python.debugpy-2024.12.0-win32-x64\bundled\libs\debugpy\_vendored\pydevd\pydevd_plugins\extensions\types\__init__.py first seen with mtime 1729949494.0127976
File C:\Users\Fulgrim\AppData\Local\Programs\Python\Python312\Lib\stat.py first seen with mtime 1717714452.0
File C:\Users\Fulgrim\.vscode\extensions\ms-python.debugpy-2024.12.0-win32-x64\bundled\libs\debugpy\_vendored\pydevd\_pydevd_bundle\pydevd_command_line_handling.py first seen with mtime 1729949493.2811868
File C:\Users\Fulgrim\.vscode\extensions\ms-python.debugpy-2024.12.0-win32-x64\bundled\libs\debugpy\_vendored\pydevd\_pydevd_frame_eval\vendored\bytecode\bytecode.py first seen with mtime 1729949494.010786
File C:\Users\Fulgrim\AppData\Local\Programs\Python\Python312\Lib\codeop.py first seen with mtime 1717714452.0
File C:\Users\Fulgrim\AppData\Local\Programs\Python\Python312\Lib\site-packages\django\__init__.py first seen with mtime 1723326130.289361
File C:\Users\Fulgrim\AppData\Local\Programs\Python\Python312\Lib\asyncio\proactor_events.py first seen with mtime 1717714452.0
File C:\Users\Fulgrim\AppData\Local\Programs\Python\Python312\Lib\site-packages\django\core\checks\security\sessions.py first seen with mtime 1723326131.8964987
File C:\Users\Fulgrim\.vscode\extensions\ms-python.debugpy-2024.12.0-win32-x64\bundled\libs\debugpy\_vendored\pydevd\_pydevd_frame_eval\__init__.py first seen with mtime 1729949492.8717146
File C:\Users\Fulgrim\.vscode\extensions\ms-python.debugpy-2024.12.0-win32-x64\bundled\libs\debugpy\_vendored\force_pydevd.py first seen with mtime 1729949492.6046944
File C:\Users\Fulgrim\AppData\Local\Programs\Python\Python312\Lib\ipaddress.py first seen with mtime 1717714452.0
File C:\Users\Fulgrim\.vscode\extensions\ms-python.debugpy-2024.12.0-win32-x64\bundled\libs\debugpy\_vendored\pydevd\_pydevd_bundle\pydevd_source_mapping.py first seen with mtime 1729949492.9993305
File C:\Users\Fulgrim\AppData\Local\Programs\Python\Python312\Lib\site-packages\django\views\generic\list.py first seen with mtime 1723326132.0711086
File C:\Users\Fulgrim\AppData\Local\Programs\Python\Python312\DLLs\pyexpat.pyd first seen with mtime 1717714502.0
File C:\Users\Fulgrim\AppData\Local\Programs\Python\Python312\Lib\site-packages\django\core\validators.py first seen with mtime 1723326131.880859
File C:\Users\Fulgrim\AppData\Local\Programs\Python\Python312\Lib\email\mime\text.py first seen with mtime 1717714452.0
File C:\Users\Fulgrim\AppData\Local\Programs\Python\Python312\DLLs\_decimal.pyd first seen with mtime 1717714502.0
File C:\Users\Fulgrim\AppData\Local\Programs\Python\Python312\Lib\site-packages\django\urls\resolvers.py first seen with mtime 1723326132.0550916
File C:\Users\Fulgrim\AppData\Local\Programs\Python\Python312\Lib\email\mime\__init__.py first seen with mtime 1717714452.0
File C:\Users\Fulgrim\AppData\Local\Programs\Python\Python312\Lib\encodings\ascii.py first seen with mtime 1717714452.0
File C:\Users\Fulgrim\AppData\Local\Programs\Python\Python312\Lib\site-packages\django\urls\base.py first seen with mtime 1723326132.04899
File C:\Users\Fulgrim\AppData\Local\Programs\Python\Python312\Lib\functools.py first seen with mtime 1717714452.0
File C:\Users\Fulgrim\.vscode\extensions\ms-python.debugpy-2024.12.0-win32-x64\bundled\libs\debugpy\_vendored\pydevd\_pydevd_frame_eval\vendored\__init__.py first seen with mtime 1729949493.763336
File C:\Users\Fulgrim\AppData\Local\Programs\Python\Python312\DLLs\_socket.pyd first seen with mtime 1717714502.0
File C:\Users\Fulgrim\AppData\Local\Programs\Python\Python312\Lib\site-packages\django\contrib\contenttypes\management\__init__.py first seen with mtime 1723326131.115759
File C:\Users\Fulgrim\AppData\Local\Programs\Python\Python312\Lib\concurrent\futures\_base.py first seen with mtime 1717714452.0
File C:\Users\Fulgrim\AppData\Local\Programs\Python\Python312\Lib\email\_header_value_parser.py first seen with mtime 1717714452.0
File C:\Users\Fulgrim\AppData\Local\Programs\Python\Python312\Lib\_weakrefset.py first seen with mtime 1717714452.0
File C:\Users\Fulgrim\AppData\Local\Programs\Python\Python312\Lib\asyncio\base_subprocess.py first seen with mtime 1717714452.0
File C:\Users\Fulgrim\AppData\Local\Programs\Python\Python312\DLLs\_wmi.pyd first seen with mtime 1717714502.0
File C:\Users\Fulgrim\AppData\Local\Programs\Python\Python312\Lib\site-packages\django\apps\config.py first seen with mtime 1723326130.289361
File C:\Users\Fulgrim\.vscode\extensions\ms-python.debugpy-2024.12.0-win32-x64\bundled\libs\debugpy\_vendored\pydevd\_pydev_bundle\_pydev_filesystem_encoding.py first seen with mtime 1729949492.7711198
File C:\Users\Fulgrim\AppData\Local\Programs\Python\Python312\Lib\site-packages\django\views\__init__.py first seen with mtime 1723326132.0711086
File C:\Users\Fulgrim\AppData\Local\Programs\Python\Python312\Lib\site-packages\django\db\models\expressions.py first seen with mtime 1723326131.9595635
File C:\Users\Fulgrim\AppData\Local\Programs\Python\Python312\Lib\types.py first seen with mtime 1717714452.0
File C:\Users\Fulgrim\AppData\Local\Programs\Python\Python312\Lib\site-packages\django\contrib\staticfiles\checks.py first seen with mtime 1723326131.8748426
File C:\Users\Fulgrim\AppData\Local\Programs\Python\Python312\Lib\xml\__init__.py first seen with mtime 1717714452.0
File C:\Users\Fulgrim\AppData\Local\Programs\Python\Python312\Lib\site-packages\django\contrib\messages\__init__.py first seen with mtime 1723326131.4927073
File C:\Users\Fulgrim\AppData\Local\Programs\Python\Python312\Lib\site-packages\django\core\files\locks.py first seen with mtime 1723326131.8964987
File C:\Users\Fulgrim\.vscode\extensions\ms-python.debugpy-2024.12.0-win32-x64\bundled\libs\debugpy\_vendored\pydevd\_pydevd_bundle\_debug_adapter\pydevd_schema.py first seen with mtime 1729949493.8164606
File C:\Users\Fulgrim\.vscode\extensions\ms-python.debugpy-2024.12.0-win32-x64\bundled\libs\debugpy\_vendored\pydevd\pydevd_plugins\pydevd_line_validation.py first seen with mtime 1729949493.4621263
File C:\Users\Fulgrim\AppData\Local\Programs\Python\Python312\Lib\site-packages\django\db\models\options.py first seen with mtime 1723326131.9695692
File C:\Users\Fulgrim\AppData\Local\Programs\Python\Python312\Lib\site-packages\django\db\models\sql\query.py first seen with mtime 1723326131.9755762
File C:\Users\Fulgrim\.vscode\extensions\ms-python.debugpy-2024.12.0-win32-x64\bundled\libs\debugpy\_vendored\pydevd\_pydevd_sys_monitoring\_pydevd_sys_monitoring_cython.cp312-win_amd64.pyd first seen with mtime 1729949492.8369136
File C:\Users\Fulgrim\AppData\Local\Programs\Python\Python312\Lib\site-packages\django\forms\utils.py first seen with mtime 1723326131.9755762
File C:\Users\Fulgrim\AppData\Local\Programs\Python\Python312\Lib\asyncio\events.py first seen with mtime 1717714452.0
File C:\Users\Fulgrim\AppData\Local\Programs\Python\Python312\Lib\asyncio\subprocess.py first seen with mtime 1717714452.0
File C:\Users\Fulgrim\AppData\Local\Programs\Python\Python312\Lib\site-packages\sqlparse\tokens.py first seen with mtime 1723326129.91682
File C:\Users\Fulgrim\.vscode\extensions\ms-python.debugpy-2024.12.0-win32-x64\bundled\libs\debugpy\_vendored\pydevd\_pydev_runfiles\__init__.py first seen with mtime 1729949492.7040522
File C:\Users\Fulgrim\AppData\Local\Programs\Python\Python312\Lib\http\__init__.py first seen with mtime 1717714452.0
File C:\Users\Fulgrim\.vscode\extensions\ms-python.debugpy-2024.12.0-win32-x64\bundled\libs\debugpy\_vendored\pydevd\_pydev_bundle\_pydev_completer.py first seen with mtime 1729949492.7782845
File C:\Users\Fulgrim\AppData\Local\Programs\Python\Python312\Lib\email\_policybase.py first seen with mtime 1717714452.0
File C:\Users\Fulgrim\AppData\Local\Programs\Python\Python312\Lib\site-packages\django\conf\global_settings.py first seen with mtime 1723326130.289361
File C:\Users\Fulgrim\.vscode\extensions\ms-python.debugpy-2024.12.0-win32-x64\bundled\libs\debugpy\_vendored\__init__.py first seen with mtime 1729949492.5966175
File C:\Users\Fulgrim\AppData\Local\Programs\Python\Python312\Lib\site-packages\django\apps\__init__.py first seen with mtime 1723326130.289361
File C:\Users\Fulgrim\AppData\Local\Programs\Python\Python312\Lib\site-packages\django\forms\widgets.py first seen with mtime 1723326131.9755762
File C:\Users\Fulgrim\AppData\Local\Programs\Python\Python312\Lib\site-packages\django\template\loaders\cached.py first seen with mtime 1723326132.03898
File C:\Users\Fulgrim\AppData\Local\Programs\Python\Python312\Lib\email\__init__.py first seen with mtime 1717714452.0
File C:\Users\Fulgrim\AppData\Local\Programs\Python\Python312\Lib\asyncio\queues.py first seen with mtime 1717714452.0
File C:\Users\Fulgrim\AppData\Local\Programs\Python\Python312\Lib\site-packages\django\utils\hashable.py first seen with mtime 1723326132.065099
File C:\Users\Fulgrim\AppData\Local\Programs\Python\Python312\Lib\site-packages\django\db\migrations\__init__.py first seen with mtime 1723326131.9438665
File C:\Users\Fulgrim\AppData\Local\Programs\Python\Python312\Lib\email\policy.py first seen with mtime 1717714452.0
File C:\Users\Fulgrim\AppData\Local\Programs\Python\Python312\Lib\secrets.py first seen with mtime 1717714452.0
File C:\Users\Fulgrim\.vscode\extensions\ms-python.debugpy-2024.12.0-win32-x64\bundled\libs\debugpy\_vendored\pydevd\pydevd_tracing.py first seen with mtime 1729949492.6930447
File C:\Users\Fulgrim\AppData\Local\Programs\Python\Python312\Lib\site-packages\django\db\models\indexes.py first seen with mtime 1723326131.9595635
File C:\Users\Fulgrim\.vscode\extensions\ms-python.debugpy-2024.12.0-win32-x64\bundled\libs\debugpy\_vendored\pydevd\pydevd_plugins\jinja2_debug.py first seen with mtime 1729949493.4652512
File C:\Users\Fulgrim\AppData\Local\Programs\Python\Python312\Lib\stringprep.py first seen with mtime 1717714452.0
File C:\Users\Fulgrim\AppData\Local\Programs\Python\Python312\Lib\site-packages\django\forms\formsets.py first seen with mtime 1723326131.9755762
File C:\Users\Fulgrim\.vscode\extensions\ms-python.debugpy-2024.12.0-win32-x64\bundled\libs\debugpy\_vendored\pydevd\_pydevd_bundle\pydevd_safe_repr.py first seen with mtime 1729949493.0120406
File C:\Users\Fulgrim\.vscode\extensions\ms-python.debugpy-2024.12.0-win32-x64\bundled\libs\debugpy\_vendored\pydevd\pydevd_plugins\extensions\types\pydevd_plugin_numpy_types.py first seen with mtime 1729949494.017903
File C:\Users\Fulgrim\AppData\Local\Programs\Python\Python312\Lib\site-packages\django\utils\timesince.py first seen with mtime 1723326132.0711086
File C:\Users\Fulgrim\AppData\Local\Programs\Python\Python312\Lib\asyncio\timeouts.py first seen with mtime 1717714452.0
File C:\Users\Fulgrim\AppData\Local\Programs\Python\Python312\Lib\site-packages\django\contrib\staticfiles\__init__.py first seen with mtime 1723326131.8748426
File C:\Users\Fulgrim\.vscode\extensions\ms-python.debugpy-2024.12.0-win32-x64\bundled\libs\debugpy\_vendored\pydevd\_pydevd_frame_eval\vendored\bytecode\__init__.py first seen with mtime 1729949493.9908874
File C:\Users\Fulgrim\AppData\Local\Programs\Python\Python312\Lib\asyncio\base_events.py first seen with mtime 1717714452.0
File C:\Users\Fulgrim\.vscode\extensions\ms-python.debugpy-2024.12.0-win32-x64\bundled\libs\debugpy\_vendored\pydevd\_pydevd_bundle\pydevd_dont_trace_files.py first seen with mtime 1729949493.1460335
File C:\Users\Fulgrim\AppData\Local\Programs\Python\Python312\Lib\site-packages\django\template\loader_tags.py first seen with mtime 1723326132.023344
File C:\Users\Fulgrim\AppData\Local\Programs\Python\Python312\Lib\zoneinfo\_tzpath.py first seen with mtime 1717714452.0
File C:\Users\Fulgrim\AppData\Local\Programs\Python\Python312\Lib\site-packages\django\template\defaultfilters.py first seen with mtime 1723326132.023344
File C:\Users\Fulgrim\AppData\Local\Programs\Python\Python312\Lib\pydoc.py first seen with mtime 1717714452.0
File C:\Users\Fulgrim\.vscode\extensions\ms-python.debugpy-2024.12.0-win32-x64\bundled\libs\debugpy\_vendored\pydevd\pydev_ipython\__init__.py first seen with mtime 1729949493.3341117
File C:\Users\Fulgrim\AppData\Local\Programs\Python\Python312\Lib\site-packages\django\db\models\sql\__init__.py first seen with mtime 1723326131.9755762
File C:\Users\Fulgrim\AppData\Local\Programs\Python\Python312\Lib\inspect.py first seen with mtime 1717714452.0
File C:\Users\Fulgrim\AppData\Local\Programs\Python\Python312\Lib\abc.py first seen with mtime 1717714452.0
File C:\Users\Fulgrim\AppData\Local\Programs\Python\Python312\Lib\site-packages\django\db\migrations\exceptions.py first seen with mtime 1723326131.9438665
File C:\Users\Fulgrim\AppData\Local\Programs\Python\Python312\Lib\base64.py first seen with mtime 1717714452.0
File C:\Users\Fulgrim\.vscode\extensions\ms-python.debugpy-2024.12.0-win32-x64\bundled\libs\debugpy\_vendored\pydevd\_pydevd_bundle\pydevd_trace_dispatch.py first seen with mtime 1729949492.9659214
File C:\Users\Fulgrim\.vscode\extensions\ms-python.debugpy-2024.12.0-win32-x64\bundled\libs\debugpy\_vendored\pydevd\pydevd_plugins\extensions\types\pydevd_plugins_django_form_str.py first seen with mtime 1729949494.020405
File C:\Users\Fulgrim\AppData\Local\Programs\Python\Python312\Lib\asyncio\__init__.py first seen with mtime 1717714452.0
File C:\Users\Fulgrim\AppData\Local\Programs\Python\Python312\Lib\asyncio\format_helpers.py first seen with mtime 1717714452.0
File C:\Users\Fulgrim\AppData\Local\Programs\Python\Python312\Lib\site-packages\django\contrib\staticfiles\apps.py first seen with mtime 1723326131.8748426
File C:\Users\Fulgrim\AppData\Local\Programs\Python\Python312\Lib\bisect.py first seen with mtime 1717714452.0
File C:\Users\Fulgrim\AppData\Local\Programs\Python\Python312\Lib\site-packages\django\template\loaders\filesystem.py first seen with mtime 1723326132.03898
File C:\Users\Fulgrim\AppData\Local\Programs\Python\Python312\Lib\site-packages\django\conf\__init__.py first seen with mtime 1723326130.289361
File C:\Users\Fulgrim\AppData\Local\Programs\Python\Python312\Lib\threading.py first seen with mtime 1717714452.0
File C:\Users\Fulgrim\AppData\Local\Programs\Python\Python312\Lib\site-packages\sqlparse\filters\right_margin.py first seen with mtime 1723326129.91682
File C:\Users\Fulgrim\AppData\Local\Programs\Python\Python312\Lib\email\errors.py first seen with mtime 1717714452.0
File C:\Users\Fulgrim\AppData\Local\Programs\Python\Python312\Lib\site-packages\django\contrib\admin\views\__init__.py first seen with mtime 1723326130.7712703
File C:\Users\Fulgrim\AppData\Local\Programs\Python\Python312\Lib\site-packages\django\core\__init__.py first seen with mtime 1723326131.880859
File C:\Users\Fulgrim\AppData\Local\Programs\Python\Python312\Lib\site-packages\django\utils\dateparse.py first seen with mtime 1723326132.0550916
File C:\Users\Fulgrim\AppData\Local\Programs\Python\Python312\Lib\queue.py first seen with mtime 1717714452.0
File C:\Users\Fulgrim\.vscode\extensions\ms-python.debugpy-2024.12.0-win32-x64\bundled\libs\debugpy\_vendored\pydevd\_pydevd_bundle\pydevd_bytecode_utils.py first seen with mtime 1729949493.3103173
File C:\Users\Fulgrim\AppData\Local\Programs\Python\Python312\Lib\site-packages\django\db\models\sql\subqueries.py first seen with mtime 1723326131.9755762
File C:\Users\Fulgrim\AppData\Local\Programs\Python\Python312\Lib\site-packages\django\db\models\fields\__init__.py first seen with mtime 1723326131.9695692
File C:\Users\Fulgrim\AppData\Local\Programs\Python\Python312\Lib\site-packages\django\utils\lorem_ipsum.py first seen with mtime 1723326132.065099
File C:\Users\Fulgrim\AppData\Local\Programs\Python\Python312\Lib\site-packages\django\template\backends\django.py first seen with mtime 1723326132.03898
File C:\Users\Fulgrim\AppData\Local\Programs\Python\Python312\Lib\site-packages\django\core\checks\files.py first seen with mtime 1723326131.880859
File C:\Users\Fulgrim\.vscode\extensions\ms-python.debugpy-2024.12.0-win32-x64\bundled\libs\debugpy\_vendored\pydevd\_pydev_bundle\pydev_is_thread_alive.py first seen with mtime 1729949492.8082685
File C:\Users\Fulgrim\AppData\Local\Programs\Python\Python312\Lib\asyncio\coroutines.py first seen with mtime 1717714452.0
File C:\Users\Fulgrim\AppData\Local\Programs\Python\Python312\Lib\site-packages\django\utils\__init__.py first seen with mtime 1723326132.0550916
File C:\Users\Fulgrim\AppData\Local\Programs\Python\Python312\Lib\email\quoprimime.py first seen with mtime 1717714452.0
File C:\Users\Fulgrim\AppData\Local\Programs\Python\Python312\Lib\json\decoder.py first seen with mtime 1717714452.0
File C:\Users\Fulgrim\AppData\Local\Programs\Python\Python312\Lib\site-packages\django\core\serializers\python.py first seen with mtime 1723326131.9282298
File C:\Users\Fulgrim\AppData\Local\Programs\Python\Python312\Lib\site-packages\django\conf\locale\__init__.py first seen with mtime 1723326130.289361
File C:\Users\Fulgrim\AppData\Local\Programs\Python\Python312\Lib\logging\handlers.py first seen with mtime 1717714452.0
File C:\Users\Fulgrim\AppData\Local\Programs\Python\Python312\Lib\site-packages\django\contrib\messages\constants.py first seen with mtime 1723326131.4927073
File C:\Users\Fulgrim\AppData\Local\Programs\Python\Python312\Lib\site-packages\django\core\serializers\base.py first seen with mtime 1723326131.9222176
File C:\Users\Fulgrim\AppData\Local\Programs\Python\Python312\Lib\site-packages\django\db\models\utils.py first seen with mtime 1723326131.9695692
File C:\Users\Fulgrim\AppData\Local\Programs\Python\Python312\Lib\site-packages\django\contrib\admin\views\autocomplete.py first seen with mtime 1723326130.7712703
File C:\Users\Fulgrim\AppData\Local\Programs\Python\Python312\Lib\site-packages\django\db\models\deletion.py first seen with mtime 1723326131.9595635
File C:\Users\Fulgrim\AppData\Local\Programs\Python\Python312\Lib\site-packages\django\utils\regex_helper.py first seen with mtime 1723326132.065099
File C:\Users\Fulgrim\AppData\Local\Programs\Python\Python312\Lib\logging\config.py first seen with mtime 1717714452.0
File C:\Users\Fulgrim\AppData\Local\Programs\Python\Python312\Lib\site-packages\django\db\models\functions\math.py first seen with mtime 1723326131.9755762
File C:\Users\Fulgrim\AppData\Local\Programs\Python\Python312\Lib\re\_casefix.py first seen with mtime 1717714452.0
File C:\Users\Fulgrim\AppData\Local\Programs\Python\Python312\Lib\site-packages\django\templatetags\i18n.py first seen with mtime 1723326132.03898
File C:\Users\Fulgrim\AppData\Local\Programs\Python\Python312\Lib\site-packages\django\contrib\auth\apps.py first seen with mtime 1723326130.8974733
File C:\Users\Fulgrim\AppData\Local\Programs\Python\Python312\Lib\quopri.py first seen with mtime 1717714452.0
File C:\Users\Fulgrim\AppData\Local\Programs\Python\Python312\Lib\site-packages\django\db\models\base.py first seen with mtime 1723326131.9595635
File C:\Users\Fulgrim\.vscode\extensions\ms-python.debugpy-2024.12.0-win32-x64\bundled\libs\debugpy\_vendored\pydevd\_pydevd_frame_eval\vendored\bytecode\concrete.py first seen with mtime 1729949494.0048187
File C:\Users\Fulgrim\AppData\Local\Programs\Python\Python312\Lib\operator.py first seen with mtime 1717714452.0
File C:\Users\Fulgrim\AppData\Local\Programs\Python\Python312\Lib\site-packages\django\db\transaction.py first seen with mtime 1723326131.9282298
File C:\Users\Fulgrim\AppData\Local\Programs\Python\Python312\Lib\asyncio\taskgroups.py first seen with mtime 1717714452.0
File C:\Users\Fulgrim\AppData\Local\Programs\Python\Python312\Lib\site-packages\rest_framework\authtoken\apps.py first seen with mtime 1723326139.5708861
File C:\xampp\htdocs\AVITech\Prueba5\SGC\AppBack\__init__.py first seen with mtime 1722984829.2325146
File C:\Users\Fulgrim\AppData\Local\Programs\Python\Python312\Lib\site-packages\django\db\migrations\operations\models.py first seen with mtime 1723326131.9595635
File C:\Users\Fulgrim\AppData\Local\Programs\Python\Python312\Lib\site-packages\django\db\models\sql\where.py first seen with mtime 1723326131.9755762
File C:\Users\Fulgrim\AppData\Local\Programs\Python\Python312\Lib\site-packages\rest_framework\__init__.py first seen with mtime 1723326139.538869
File C:\Users\Fulgrim\AppData\Local\Programs\Python\Python312\Lib\site-packages\django\template\exceptions.py first seen with mtime 1723326132.023344
File C:\Users\Fulgrim\AppData\Local\Programs\Python\Python312\Lib\site-packages\django\templatetags\l10n.py first seen with mtime 1723326132.03898
File C:\Users\Fulgrim\AppData\Local\Programs\Python\Python312\Lib\site-packages\django\utils\text.py first seen with mtime 1723326132.0711086
File C:\Users\Fulgrim\AppData\Local\Programs\Python\Python312\Lib\xmlrpc\__init__.py first seen with mtime 1717714452.0
File C:\Users\Fulgrim\AppData\Local\Programs\Python\Python312\Lib\site-packages\django\views\decorators\cache.py first seen with mtime 1723326132.0711086
File C:\Users\Fulgrim\AppData\Local\Programs\Python\Python312\Lib\zoneinfo\_common.py first seen with mtime 1717714452.0
File C:\Users\Fulgrim\AppData\Local\Programs\Python\Python312\Lib\site-packages\django\dispatch\dispatcher.py first seen with mtime 1723326131.9755762
File C:\Users\Fulgrim\AppData\Local\Programs\Python\Python312\Lib\concurrent\futures\__init__.py first seen with mtime 1717714452.0
File C:\Users\Fulgrim\AppData\Local\Programs\Python\Python312\Lib\site-packages\django\utils\version.py first seen with mtime 1723326132.0711086
File C:\Users\Fulgrim\AppData\Local\Programs\Python\Python312\Lib\site-packages\django\core\files\storage\memory.py first seen with mtime 1723326131.8964987
File C:\Users\Fulgrim\AppData\Local\Programs\Python\Python312\Lib\site-packages\django\contrib\staticfiles\utils.py first seen with mtime 1723326131.880859
File C:\Users\Fulgrim\.vscode\extensions\ms-python.debugpy-2024.12.0-win32-x64\bundled\libs\debugpy\_vendored\pydevd\_pydevd_bundle\pydevd_save_locals.py first seen with mtime 1729949493.00831
File C:\Users\Fulgrim\.vscode\extensions\ms-python.debugpy-2024.12.0-win32-x64\bundled\libs\debugpy\_vendored\pydevd\_pydevd_bundle\pydevd_additional_thread_info.py first seen with mtime 1729949493.324439
File C:\Users\Fulgrim\AppData\Local\Programs\Python\Python312\Lib\email\message.py first seen with mtime 1717714452.0
File C:\Users\Fulgrim\AppData\Local\Programs\Python\Python312\Lib\contextvars.py first seen with mtime 1717714452.0
File C:\Users\Fulgrim\AppData\Local\Programs\Python\Python312\Lib\site-packages\django\core\checks\urls.py first seen with mtime 1723326131.8964987
File C:\Users\Fulgrim\AppData\Local\Programs\Python\Python312\Lib\site-packages\django\contrib\sites\checks.py first seen with mtime 1723326131.7706008
File C:\Users\Fulgrim\.vscode\extensions\ms-python.debugpy-2024.12.0-win32-x64\bundled\libs\debugpy\_vendored\pydevd\_pydevd_bundle\pydevd_defaults.py first seen with mtime 1729949493.157993
File C:\Users\Fulgrim\AppData\Local\Programs\Python\Python312\Lib\site-packages\django\urls\exceptions.py first seen with mtime 1723326132.0550916
File C:\Users\Fulgrim\AppData\Local\Programs\Python\Python312\Lib\site-packages\django\core\signing.py first seen with mtime 1723326131.880859
File C:\Users\Fulgrim\AppData\Local\Programs\Python\Python312\Lib\bz2.py first seen with mtime 1717714452.0
File C:\Users\Fulgrim\.vscode\extensions\ms-python.debugpy-2024.12.0-win32-x64\bundled\libs\debugpy\_vendored\pydevd\_pydevd_bundle\pydevd_dont_trace.py first seen with mtime 1729949493.1519995
File C:\Users\Fulgrim\AppData\Local\Programs\Python\Python312\Lib\site-packages\django\db\models\enums.py first seen with mtime 1723326131.9595635
File C:\Users\Fulgrim\AppData\Local\Programs\Python\Python312\Lib\site-packages\django\utils\termcolors.py first seen with mtime 1723326132.065099
File C:\Users\Fulgrim\AppData\Local\Programs\Python\Python312\Lib\html\entities.py first seen with mtime 1717714452.0
File C:\Users\Fulgrim\AppData\Local\Programs\Python\Python312\Lib\site-packages\django\utils\decorators.py first seen with mtime 1723326132.0550916
File C:\Users\Fulgrim\AppData\Local\Programs\Python\Python312\Lib\site-packages\django\contrib\admin\actions.py first seen with mtime 1723326130.4723978
File C:\Users\Fulgrim\AppData\Local\Programs\Python\Python312\Lib\site-packages\django\db\models\__init__.py first seen with mtime 1723326131.9595635
File C:\Users\Fulgrim\.vscode\extensions\ms-python.debugpy-2024.12.0-win32-x64\bundled\libs\debugpy\_vendored\pydevd\_pydevd_bundle\pydevd_timeout.py first seen with mtime 1729949492.9747283
File C:\Users\Fulgrim\AppData\Local\Programs\Python\Python312\Lib\concurrent\__init__.py first seen with mtime 1717714452.0
File C:\Users\Fulgrim\AppData\Local\Programs\Python\Python312\Lib\site-packages\sqlparse\utils.py first seen with mtime 1723326129.91682
File C:\Users\Fulgrim\AppData\Local\Programs\Python\Python312\Lib\site-packages\django\dispatch\__init__.py first seen with mtime 1723326131.9755762
File C:\Users\Fulgrim\AppData\Local\Programs\Python\Python312\Lib\site-packages\django\db\migrations\operations\base.py first seen with mtime 1723326131.9595635
File C:\Users\Fulgrim\AppData\Local\Programs\Python\Python312\Lib\email\iterators.py first seen with mtime 1717714452.0
File C:\Users\Fulgrim\AppData\Local\Programs\Python\Python312\Lib\asyncio\staggered.py first seen with mtime 1717714452.0
File C:\Users\Fulgrim\AppData\Local\Programs\Python\Python312\Lib\site-packages\django\template\base.py first seen with mtime 1723326132.023344
File C:\Users\Fulgrim\AppData\Local\Programs\Python\Python312\Lib\html\__init__.py first seen with mtime 1717714452.0
File C:\Users\Fulgrim\.vscode\extensions\ms-python.debugpy-2024.12.0-win32-x64\bundled\libs\debugpy\_vendored\pydevd\_pydevd_bundle\pydevd_concurrency_analyser\__init__.py first seen with mtime 1729949493.831356
File C:\Users\Fulgrim\AppData\Local\Programs\Python\Python312\Lib\site-packages\django\views\i18n.py first seen with mtime 1723326132.0711086
File C:\Users\Fulgrim\AppData\Local\Programs\Python\Python312\Lib\asyncio\mixins.py first seen with mtime 1717714452.0
File C:\Users\Fulgrim\AppData\Local\Programs\Python\Python312\Lib\site-packages\django\core\handlers\base.py first seen with mtime 1723326131.8964987
File C:\Users\Fulgrim\AppData\Local\Programs\Python\Python312\DLLs\_bz2.pyd first seen with mtime 1717714502.0
File C:\Users\Fulgrim\AppData\Local\Programs\Python\Python312\Lib\site-packages\django\core\checks\database.py first seen with mtime 1723326131.880859
File C:\Users\Fulgrim\.vscode\extensions\ms-python.debugpy-2024.12.0-win32-x64\bundled\libs\debugpy\_vendored\pydevd\_pydevd_bundle\pydevd_import_class.py first seen with mtime 1729949493.1048317
File C:\Users\Fulgrim\AppData\Local\Programs\Python\Python312\Lib\site-packages\sqlparse\filters\others.py first seen with mtime 1723326129.91682
File C:\Users\Fulgrim\AppData\Local\Programs\Python\Python312\Lib\urllib\parse.py first seen with mtime 1717714452.0
File C:\Users\Fulgrim\AppData\Local\Programs\Python\Python312\Lib\wsgiref\handlers.py first seen with mtime 1717714452.0
File C:\Users\Fulgrim\.vscode\extensions\ms-python.debugpy-2024.12.0-win32-x64\bundled\libs\debugpy\_vendored\pydevd\_pydevd_bundle\pydevd_concurrency_analyser\pydevd_thread_wrappers.py first seen with mtime 1729949493.8340857
File C:\Users\Fulgrim\AppData\Local\Programs\Python\Python312\Lib\site-packages\django\shortcuts.py first seen with mtime 1723326130.289361
File C:\Users\Fulgrim\.vscode\extensions\ms-python.debugpy-2024.12.0-win32-x64\bundled\libs\debugpy\_vendored\pydevd\_pydevd_bundle\pydevd_net_command_factory_xml.py first seen with mtime 1729949493.063001
File C:\Users\Fulgrim\AppData\Local\Programs\Python\Python312\Lib\site-packages\django\db\models\functions\mixins.py first seen with mtime 1723326131.9755762
File C:\Users\Fulgrim\AppData\Local\Programs\Python\Python312\Lib\site-packages\django\db\utils.py first seen with mtime 1723326131.9282298
File C:\Users\Fulgrim\AppData\Local\Programs\Python\Python312\Lib\genericpath.py first seen with mtime 1717714452.0
File C:\Users\Fulgrim\AppData\Local\Programs\Python\Python312\Lib\_compat_pickle.py first seen with mtime 1717714452.0
File C:\Users\Fulgrim\AppData\Local\Programs\Python\Python312\Lib\ctypes\__init__.py first seen with mtime 1717714452.0
File C:\Users\Fulgrim\AppData\Local\Programs\Python\Python312\Lib\io.py first seen with mtime 1717714452.0
File C:\Users\Fulgrim\.vscode\extensions\ms-python.debugpy-2024.12.0-win32-x64\bundled\libs\debugpy\_vendored\pydevd\_pydevd_bundle\pydevd_collect_bytecode_info.py first seen with mtime 1729949493.2942033
File C:\Users\Fulgrim\AppData\Local\Programs\Python\Python312\Lib\asyncio\transports.py first seen with mtime 1717714452.0
File C:\Users\Fulgrim\AppData\Local\Programs\Python\Python312\Lib\site-packages\django\http\cookie.py first seen with mtime 1723326132.023344
File C:\Users\Fulgrim\AppData\Local\Programs\Python\Python312\Lib\glob.py first seen with mtime 1717714452.0
File C:\Users\Fulgrim\AppData\Local\Programs\Python\Python312\Lib\site-packages\django\db\models\fields\files.py first seen with mtime 1723326131.9695692
File C:\Users\Fulgrim\AppData\Local\Programs\Python\Python312\Lib\site-packages\django\contrib\admin\utils.py first seen with mtime 1723326130.4784036
File C:\Users\Fulgrim\AppData\Local\Programs\Python\Python312\Lib\site-packages\django\utils\numberformat.py first seen with mtime 1723326132.065099
File C:\Users\Fulgrim\AppData\Local\Programs\Python\Python312\Lib\asyncio\exceptions.py first seen with mtime 1717714452.0
File C:\Users\Fulgrim\AppData\Local\Programs\Python\Python312\Lib\asyncio\runners.py first seen with mtime 1717714452.0
File C:\Users\Fulgrim\.vscode\extensions\ms-python.debugpy-2024.12.0-win32-x64\bundled\libs\debugpy\_vendored\pydevd\_pydevd_bundle\pydevd_utils.py first seen with mtime 1729949492.9517343
File C:\Users\Fulgrim\AppData\Local\Programs\Python\Python312\Lib\site-packages\django\contrib\admin\decorators.py first seen with mtime 1723326130.4723978
File C:\Users\Fulgrim\AppData\Local\Programs\Python\Python312\Lib\site-packages\django\core\files\storage\__init__.py first seen with mtime 1723326131.8964987
File C:\Users\Fulgrim\.vscode\extensions\ms-python.debugpy-2024.12.0-win32-x64\bundled\libs\debugpy\_vendored\pydevd\_pydevd_sys_monitoring\pydevd_sys_monitoring.py first seen with mtime 1729949492.868869
File C:\Users\Fulgrim\AppData\Local\Programs\Python\Python312\Lib\http\client.py first seen with mtime 1717714452.0
File C:\Users\Fulgrim\AppData\Local\Programs\Python\Python312\Lib\random.py first seen with mtime 1717714452.0
File C:\Users\Fulgrim\AppData\Local\Programs\Python\Python312\Lib\token.py first seen with mtime 1717714452.0
File C:\Users\Fulgrim\AppData\Local\Programs\Python\Python312\Lib\site-packages\django\apps\registry.py first seen with mtime 1723326130.289361
File C:\Users\Fulgrim\AppData\Local\Programs\Python\Python312\Lib\site-packages\django\db\models\fields\related_descriptors.py first seen with mtime 1723326131.9755762
File C:\Users\Fulgrim\AppData\Local\Programs\Python\Python312\Lib\site-packages\django\db\models\sql\constants.py first seen with mtime 1723326131.9755762
File C:\Users\Fulgrim\AppData\Local\Programs\Python\Python312\Lib\site-packages\django\contrib\messages\storage\__init__.py first seen with mtime 1723326131.4927073
File C:\Users\Fulgrim\AppData\Local\Programs\Python\Python312\Lib\collections\__init__.py first seen with mtime 1717714452.0
File C:\Users\Fulgrim\AppData\Local\Programs\Python\Python312\Lib\site-packages\django\contrib\staticfiles\finders.py first seen with mtime 1723326131.8748426
File C:\Users\Fulgrim\AppData\Local\Programs\Python\Python312\Lib\site-packages\django\db\models\fields\proxy.py first seen with mtime 1723326131.9695692
File C:\Users\Fulgrim\AppData\Local\Programs\Python\Python312\Lib\json\scanner.py first seen with mtime 1717714452.0
File C:\Users\Fulgrim\AppData\Local\Programs\Python\Python312\Lib\code.py first seen with mtime 1717714452.0
File C:\Users\Fulgrim\AppData\Local\Programs\Python\Python312\Lib\ast.py first seen with mtime 1717714452.0
File C:\Users\Fulgrim\AppData\Local\Programs\Python\Python312\Lib\importlib\util.py first seen with mtime 1717714452.0
File C:\Users\Fulgrim\AppData\Local\Programs\Python\Python312\Lib\encodings\__init__.py first seen with mtime 1717714452.0
File C:\Users\Fulgrim\AppData\Local\Programs\Python\Python312\Lib\site-packages\django\core\mail\__init__.py first seen with mtime 1723326131.8964987
File C:\Users\Fulgrim\AppData\Local\Programs\Python\Python312\Lib\site-packages\sqlparse\lexer.py first seen with mtime 1723326129.91682
File C:\Users\Fulgrim\AppData\Local\Programs\Python\Python312\Lib\site-packages\django\template\smartif.py first seen with mtime 1723326132.03898
File C:\Users\Fulgrim\AppData\Local\Programs\Python\Python312\Lib\site-packages\django\views\generic\base.py first seen with mtime 1723326132.0711086
File C:\Users\Fulgrim\AppData\Local\Programs\Python\Python312\Lib\wsgiref\util.py first seen with mtime 1717714452.0
File C:\Users\Fulgrim\.vscode\extensions\ms-python.debugpy-2024.12.0-win32-x64\bundled\libs\debugpy\_vendored\pydevd\pydevd_plugins\extensions\__init__.py first seen with mtime 1729949493.8399878
File C:\Users\Fulgrim\.vscode\extensions\ms-python.debugpy-2024.12.0-win32-x64\bundled\libs\debugpy\_vendored\pydevd\_pydevd_bundle\pydevd_net_command_factory_json.py first seen with mtime 1729949493.069278
File C:\Users\Fulgrim\AppData\Local\Programs\Python\Python312\DLLs\_lzma.pyd first seen with mtime 1717714502.0
File C:\Users\Fulgrim\AppData\Local\Programs\Python\Python312\Lib\site-packages\django\core\checks\translation.py first seen with mtime 1723326131.8964987
File C:\Users\Fulgrim\AppData\Local\Programs\Python\Python312\Lib\importlib\__init__.py first seen with mtime 1717714452.0
File C:\Users\Fulgrim\AppData\Local\Programs\Python\Python312\Lib\site-packages\django\db\__init__.py first seen with mtime 1723326131.9282298
File C:\Users\Fulgrim\AppData\Local\Programs\Python\Python312\Lib\site-packages\django\core\files\storage\mixins.py first seen with mtime 1723326131.8964987
File C:\Users\Fulgrim\AppData\Local\Programs\Python\Python312\Lib\selectors.py first seen with mtime 1717714452.0
File C:\Users\Fulgrim\.vscode\extensions\ms-python.debugpy-2024.12.0-win32-x64\bundled\libs\debugpy\_vendored\pydevd\pydevd_plugins\django_debug.py first seen with mtime 1729949493.4681656
File C:\Users\Fulgrim\AppData\Local\Programs\Python\Python312\Lib\re\_compiler.py first seen with mtime 1717714452.0
File C:\Users\Fulgrim\AppData\Local\Programs\Python\Python312\Lib\hashlib.py first seen with mtime 1717714452.0
File C:\Users\Fulgrim\AppData\Local\Programs\Python\Python312\Lib\xml\parsers\expat.py first seen with mtime 1717714452.0
File C:\Users\Fulgrim\AppData\Local\Programs\Python\Python312\Lib\site-packages\django\core\files\temp.py first seen with mtime 1723326131.8964987
File C:\Users\Fulgrim\AppData\Local\Programs\Python\Python312\Lib\site-packages\django\contrib\admin\sites.py first seen with mtime 1723326130.4784036
File C:\Users\Fulgrim\AppData\Local\Programs\Python\Python312\Lib\site-packages\django\utils\formats.py first seen with mtime 1723326132.0550916
File C:\Users\Fulgrim\AppData\Local\Programs\Python\Python312\Lib\decimal.py first seen with mtime 1717714452.0
File C:\Users\Fulgrim\AppData\Local\Programs\Python\Python312\Lib\site-packages\django\core\serializers\__init__.py first seen with mtime 1723326131.9222176
File C:\Users\Fulgrim\AppData\Local\Programs\Python\Python312\Lib\asyncio\base_tasks.py first seen with mtime 1717714452.0
File C:\Users\Fulgrim\AppData\Local\Programs\Python\Python312\Lib\re\_parser.py first seen with mtime 1717714452.0
File C:\Users\Fulgrim\.vscode\extensions\ms-python.debugpy-2024.12.0-win32-x64\bundled\libs\debugpy\_vendored\pydevd\_pydevd_frame_eval\vendored\bytecode\cfg.py first seen with mtime 1729949494.008777
File C:\Users\Fulgrim\.vscode\extensions\ms-python.debugpy-2024.12.0-win32-x64\bundled\libs\debugpy\_vendored\pydevd\_pydevd_bundle\pydevd_thread_lifecycle.py first seen with mtime 1729949492.98185
File C:\Users\Fulgrim\AppData\Local\Programs\Python\Python312\Lib\typing.py first seen with mtime 1717714452.0
File C:\Users\Fulgrim\AppData\Local\Programs\Python\Python312\Lib\copy.py first seen with mtime 1717714452.0
File C:\Users\Fulgrim\AppData\Local\Programs\Python\Python312\Lib\site-packages\asgiref\__init__.py first seen with mtime 1723326130.1641204
File C:\Users\Fulgrim\AppData\Local\Programs\Python\Python312\Lib\subprocess.py first seen with mtime 1717714452.0
File C:\Users\Fulgrim\AppData\Local\Programs\Python\Python312\Lib\site-packages\django\contrib\contenttypes\__init__.py first seen with mtime 1723326131.023843
File C:\Users\Fulgrim\AppData\Local\Programs\Python\Python312\Lib\site-packages\django\core\handlers\exception.py first seen with mtime 1723326131.8964987
File C:\Users\Fulgrim\AppData\Local\Programs\Python\Python312\Lib\ctypes\wintypes.py first seen with mtime 1717714452.0
File C:\Users\Fulgrim\AppData\Local\Programs\Python\Python312\Lib\site-packages\django\contrib\sessions\__init__.py first seen with mtime 1723326131.6746955
File C:\Users\Fulgrim\.vscode\extensions\ms-python.debugpy-2024.12.0-win32-x64\bundled\libs\debugpy\_vendored\pydevd\_pydevd_bundle\pydevd_plugin_utils.py first seen with mtime 1729949493.0599725
File C:\Users\Fulgrim\AppData\Local\Programs\Python\Python312\Lib\site-packages\django\db\models\functions\text.py first seen with mtime 1723326131.9755762
File C:\Users\Fulgrim\AppData\Local\Programs\Python\Python312\Lib\email\header.py first seen with mtime 1717714452.0
File C:\Users\Fulgrim\AppData\Local\Programs\Python\Python312\Lib\site-packages\django\db\models\manager.py first seen with mtime 1723326131.9595635
File C:\Users\Fulgrim\.vscode\extensions\ms-python.debugpy-2024.12.0-win32-x64\bundled\libs\debugpy\_vendored\pydevd\_pydevd_bundle\pydevd_comm.py first seen with mtime 1729949493.288004
File C:\Users\Fulgrim\.vscode\extensions\ms-python.debugpy-2024.12.0-win32-x64\bundled\libs\debugpy\_vendored\pydevd\_pydevd_bundle\pydevd_suspended_frames.py first seen with mtime 1729949492.986011
File C:\Users\Fulgrim\AppData\Local\Programs\Python\Python312\Lib\site-packages\django\core\cache\utils.py first seen with mtime 1723326131.880859
File C:\Users\Fulgrim\AppData\Local\Programs\Python\Python312\Lib\concurrent\futures\thread.py first seen with mtime 1717714452.0
File C:\Users\Fulgrim\.vscode\extensions\ms-python.debugpy-2024.12.0-win32-x64\bundled\libs\debugpy\_vendored\pydevd\_pydevd_bundle\pydevd_xml.py first seen with mtime 1729949492.9380796
File C:\Users\Fulgrim\AppData\Local\Programs\Python\Python312\Lib\site-packages\django\templatetags\cache.py first seen with mtime 1723326132.03898
File C:\Users\Fulgrim\AppData\Local\Programs\Python\Python312\Lib\site-packages\django\db\models\aggregates.py first seen with mtime 1723326131.9595635
File C:\Users\Fulgrim\AppData\Local\Programs\Python\Python312\Lib\asyncio\sslproto.py first seen with mtime 1717714452.0
File C:\Users\Fulgrim\.vscode\extensions\ms-python.debugpy-2024.12.0-win32-x64\bundled\libs\debugpy\_vendored\pydevd\_pydev_bundle\pydev_monkey.py first seen with mtime 1729949492.7969563
File C:\Users\Fulgrim\AppData\Local\Programs\Python\Python312\Lib\site-packages\django\contrib\sessions\apps.py first seen with mtime 1723326131.6746955
File C:\Users\Fulgrim\AppData\Local\Programs\Python\Python312\Lib\site-packages\django\core\checks\security\base.py first seen with mtime 1723326131.8964987
File C:\Users\Fulgrim\AppData\Local\Programs\Python\Python312\Lib\http\server.py first seen with mtime 1717714452.0
File C:\Users\Fulgrim\AppData\Local\Programs\Python\Python312\Lib\wsgiref\headers.py first seen with mtime 1717714452.0
File C:\Users\Fulgrim\AppData\Local\Programs\Python\Python312\Lib\site-packages\django\views\decorators\common.py first seen with mtime 1723326132.0711086
File C:\Users\Fulgrim\AppData\Local\Programs\Python\Python312\Lib\site-packages\django\contrib\auth\checks.py first seen with mtime 1723326130.8974733
File C:\Users\Fulgrim\AppData\Local\Programs\Python\Python312\Lib\site-packages\django\core\files\uploadedfile.py first seen with mtime 1723326131.8964987
File C:\Users\Fulgrim\.vscode\extensions\ms-python.debugpy-2024.12.0-win32-x64\bundled\libs\debugpy\_vendored\pydevd\_pydev_bundle\__init__.py first seen with mtime 1729949492.7340631
File C:\Users\Fulgrim\AppData\Local\Programs\Python\Python312\Lib\site-packages\django\utils\duration.py first seen with mtime 1723326132.0550916
File C:\Users\Fulgrim\AppData\Local\Programs\Python\Python312\Lib\site-packages\rest_framework\apps.py first seen with mtime 1723326139.5552418
File C:\Users\Fulgrim\AppData\Local\Programs\Python\Python312\Lib\site-packages\django\middleware\csrf.py first seen with mtime 1723326132.023344
File C:\Users\Fulgrim\.vscode\extensions\ms-python.debugpy-2024.12.0-win32-x64\bundled\libs\debugpy\_vendored\pydevd\_pydevd_bundle\pydevd_cython.cp312-win_amd64.pyd first seen with mtime 1729949493.19928
File C:\Users\Fulgrim\.vscode\extensions\ms-python.debugpy-2024.12.0-win32-x64\bundled\libs\debugpy\_vendored\pydevd\_pydevd_frame_eval\vendored\bytecode\flags.py first seen with mtime 1729949494.0012074
File C:\Users\Fulgrim\AppData\Local\Programs\Python\Python312\Lib\site-packages\django\contrib\sites\management.py first seen with mtime 1723326131.7706008
File C:\Users\Fulgrim\.vscode\extensions\ms-python.debugpy-2024.12.0-win32-x64\bundled\libs\debugpy\_vendored\pydevd\_pydevd_bundle\pydevd_exec2.py first seen with mtime 1729949493.14357
File C:\Users\Fulgrim\AppData\Local\Programs\Python\Python312\Lib\site-packages\django\utils\timezone.py first seen with mtime 1723326132.0711086
File C:\Users\Fulgrim\AppData\Local\Programs\Python\Python312\Lib\gettext.py first seen with mtime 1717714452.0
File C:\Users\Fulgrim\AppData\Local\Programs\Python\Python312\Lib\shutil.py first seen with mtime 1717714452.0
File C:\Users\Fulgrim\AppData\Local\Programs\Python\Python312\Lib\traceback.py first seen with mtime 1717714452.0
File C:\Users\Fulgrim\AppData\Local\Programs\Python\Python312\Lib\copyreg.py first seen with mtime 1717714452.0
File C:\Users\Fulgrim\AppData\Local\Programs\Python\Python312\Lib\site-packages\django\db\models\functions\comparison.py first seen with mtime 1723326131.9755762
File C:\Users\Fulgrim\AppData\Local\Programs\Python\Python312\Lib\site-packages\sqlparse\keywords.py first seen with mtime 1723326129.91682
File C:\Users\Fulgrim\AppData\Local\Programs\Python\Python312\Lib\site-packages\django\utils\http.py first seen with mtime 1723326132.065099
File C:\Users\Fulgrim\.vscode\extensions\ms-python.debugpy-2024.12.0-win32-x64\bundled\libs\debugpy\_vendored\pydevd\_pydevd_bundle\pydevd_process_net_command_json.py first seen with mtime 1729949493.0346174
File C:\Users\Fulgrim\AppData\Local\Programs\Python\Python312\Lib\site-packages\django\db\models\fields\reverse_related.py first seen with mtime 1723326131.9755762
File C:\Users\Fulgrim\AppData\Local\Programs\Python\Python312\Lib\socketserver.py first seen with mtime 1717714452.0
File C:\Users\Fulgrim\AppData\Local\Programs\Python\Python312\Lib\site-packages\asgiref\local.py first seen with mtime 1723326130.1641204
File C:\Users\Fulgrim\AppData\Local\Programs\Python\Python312\Lib\encodings\utf_8.py first seen with mtime 1717714452.0
File C:\Users\Fulgrim\.vscode\extensions\ms-python.debugpy-2024.12.0-win32-x64\bundled\libs\debugpy\__init__.py first seen with mtime 1729949492.5856714
File C:\Users\Fulgrim\AppData\Local\Programs\Python\Python312\Lib\site-packages\django\core\checks\templates.py first seen with mtime 1723326131.8964987
File C:\Users\Fulgrim\AppData\Local\Programs\Python\Python312\Lib\numbers.py first seen with mtime 1717714452.0
File C:\Users\Fulgrim\AppData\Local\Programs\Python\Python312\Lib\site-packages\django\utils\module_loading.py first seen with mtime 1723326132.065099
File C:\Users\Fulgrim\.vscode\extensions\ms-python.debugpy-2024.12.0-win32-x64\bundled\libs\debugpy\_vendored\pydevd\_pydevd_bundle\pydevd_process_net_command.py first seen with mtime 1729949493.0482569
File C:\Users\Fulgrim\AppData\Local\Programs\Python\Python312\Lib\encodings\aliases.py first seen with mtime 1717714452.0
File C:\Users\Fulgrim\AppData\Local\Programs\Python\Python312\Lib\site-packages\django\core\files\base.py first seen with mtime 1723326131.8964987
File C:\Users\Fulgrim\.vscode\extensions\ms-python.debugpy-2024.12.0-win32-x64\bundled\libs\debugpy\_vendored\pydevd\_pydevd_bundle\_debug_adapter\pydevd_base_schema.py first seen with mtime 1729949493.8186185
File C:\Users\Fulgrim\AppData\Local\Programs\Python\Python312\Lib\ntpath.py first seen with mtime 1717714452.0
File C:\Users\Fulgrim\AppData\Local\Programs\Python\Python312\Lib\site-packages\django\core\checks\security\csrf.py first seen with mtime 1723326131.8964987
File C:\Users\Fulgrim\AppData\Local\Programs\Python\Python312\Lib\site-packages\django\db\models\functions\window.py first seen with mtime 1723326131.9755762
File C:\Users\Fulgrim\.vscode\extensions\ms-python.debugpy-2024.12.0-win32-x64\bundled\libs\debugpy\_vendored\pydevd\_pydevd_bundle\pydevd_traceproperty.py first seen with mtime 1729949492.9703639
File C:\Users\Fulgrim\.vscode\extensions\ms-python.debugpy-2024.12.0-win32-x64\bundled\libs\debugpy\_vendored\pydevd\_pydevd_frame_eval\pydevd_frame_eval_main.py first seen with mtime 1729949492.8865564
File C:\Users\Fulgrim\AppData\Local\Programs\Python\Python312\Lib\site-packages\django\core\checks\caches.py first seen with mtime 1723326131.880859
File C:\Users\Fulgrim\AppData\Local\Programs\Python\Python312\Lib\site-packages\sqlparse\exceptions.py first seen with mtime 1723326129.91682
File C:\Users\Fulgrim\AppData\Local\Programs\Python\Python312\Lib\site-packages\django\db\backends\utils.py first seen with mtime 1723326131.9282298
File C:\Users\Fulgrim\AppData\Local\Programs\Python\Python312\Lib\site-packages\django\contrib\messages\apps.py first seen with mtime 1723326131.4927073
File C:\Users\Fulgrim\AppData\Local\Programs\Python\Python312\Lib\importlib\_abc.py first seen with mtime 1717714452.0
File C:\Users\Fulgrim\AppData\Local\Programs\Python\Python312\Lib\site-packages\django\core\handlers\wsgi.py first seen with mtime 1723326131.8964987
File C:\Users\Fulgrim\AppData\Local\Programs\Python\Python312\Lib\site-packages\django\views\generic\dates.py first seen with mtime 1723326132.0711086
File C:\Users\Fulgrim\AppData\Local\Programs\Python\Python312\Lib\email\mime\message.py first seen with mtime 1717714452.0
File C:\Users\Fulgrim\.vscode\extensions\ms-python.debugpy-2024.12.0-win32-x64\bundled\libs\debugpy\_vendored\pydevd\_pydevd_bundle\pydevd_filtering.py first seen with mtime 1729949493.1305788
File C:\Users\Fulgrim\AppData\Local\Programs\Python\Python312\Lib\site-packages\django\db\backends\__init__.py first seen with mtime 1723326131.9282298
File C:\Users\Fulgrim\AppData\Local\Programs\Python\Python312\Lib\site-packages\django\db\models\query.py first seen with mtime 1723326131.9695692
File C:\Users\Fulgrim\AppData\Local\Programs\Python\Python312\Lib\fnmatch.py first seen with mtime 1717714452.0
File C:\Users\Fulgrim\AppData\Local\Programs\Python\Python312\Lib\site-packages\django\core\handlers\__init__.py first seen with mtime 1723326131.8964987
File C:\Users\Fulgrim\AppData\Local\Programs\Python\Python312\Lib\email\_encoded_words.py first seen with mtime 1717714452.0
File C:\Users\Fulgrim\AppData\Local\Programs\Python\Python312\Lib\email\generator.py first seen with mtime 1717714452.0
File C:\Users\Fulgrim\AppData\Local\Programs\Python\Python312\Lib\site-packages\django\core\checks\registry.py first seen with mtime 1723326131.880859
File C:\Users\Fulgrim\.vscode\extensions\ms-python.debugpy-2024.12.0-win32-x64\bundled\libs\debugpy\_vendored\pydevd\_pydevd_bundle\pydevd_additional_thread_info_regular.py first seen with mtime 1729949493.319837
File C:\Users\Fulgrim\AppData\Local\Programs\Python\Python312\Lib\site-packages\django\urls\converters.py first seen with mtime 1723326132.04899
File C:\Users\Fulgrim\AppData\Local\Programs\Python\Python312\Lib\site-packages\django\http\multipartparser.py first seen with mtime 1723326132.023344
File C:\Users\Fulgrim\AppData\Local\Programs\Python\Python312\Lib\site-packages\django\core\checks\async_checks.py first seen with mtime 1723326131.880859
File C:\Users\Fulgrim\AppData\Local\Programs\Python\Python312\Lib\site-packages\django\core\management\__init__.py first seen with mtime 1723326131.912207
File C:\Users\Fulgrim\AppData\Local\Programs\Python\Python312\Lib\re\__init__.py first seen with mtime 1717714452.0
File C:\Users\Fulgrim\AppData\Local\Programs\Python\Python312\Lib\html\parser.py first seen with mtime 1717714452.0
File C:\Users\Fulgrim\AppData\Local\Programs\Python\Python312\Lib\site-packages\django\db\models\fields\related_lookups.py first seen with mtime 1723326131.9755762
File C:\Users\Fulgrim\AppData\Local\Programs\Python\Python312\Lib\calendar.py first seen with mtime 1717714452.0
File C:\Users\Fulgrim\AppData\Local\Programs\Python\Python312\Lib\site-packages\sqlparse\engine\statement_splitter.py first seen with mtime 1723326129.91682
File C:\Users\Fulgrim\AppData\Local\Programs\Python\Python312\Lib\site-packages\django\db\models\query_utils.py first seen with mtime 1723326131.9695692
File C:\Users\Fulgrim\AppData\Local\Programs\Python\Python312\Lib\site-packages\django\utils\translation\__init__.py first seen with mtime 1723326132.0711086
File C:\Users\Fulgrim\.vscode\extensions\ms-python.debugpy-2024.12.0-win32-x64\bundled\libs\debugpy\_vendored\pydevd\_pydev_bundle\_pydev_tipper_common.py first seen with mtime 1729949492.7372158
File C:\Users\Fulgrim\AppData\Local\Programs\Python\Python312\Lib\site-packages\django\template\response.py first seen with mtime 1723326132.03898
File C:\Users\Fulgrim\AppData\Local\Programs\Python\Python312\Lib\contextlib.py first seen with mtime 1717714452.0
File C:\Users\Fulgrim\AppData\Local\Programs\Python\Python312\Lib\site-packages\django\core\checks\compatibility\django_4_0.py first seen with mtime 1723326131.8964987
File C:\Users\Fulgrim\.vscode\extensions\ms-python.debugpy-2024.12.0-win32-x64\bundled\libs\debugpy\_vendored\pydevd\_pydev_bundle\pydev_log.py first seen with mtime 1729949492.7989728
File C:\Users\Fulgrim\AppData\Local\Programs\Python\Python312\Lib\site-packages\django\db\models\signals.py first seen with mtime 1723326131.9695692
File C:\Users\Fulgrim\AppData\Local\Programs\Python\Python312\Lib\site-packages\django\forms\models.py first seen with mtime 1723326131.9755762
File C:\Users\Fulgrim\AppData\Local\Programs\Python\Python312\Lib\email\mime\base.py first seen with mtime 1717714452.0
File C:\xampp\htdocs\AVITech\Prueba5\SGC\SGC\__init__.py first seen with mtime 1722984829.239309
File C:\Users\Fulgrim\AppData\Local\Programs\Python\Python312\Lib\site-packages\django\urls\conf.py first seen with mtime 1723326132.04899
File C:\Users\Fulgrim\AppData\Local\Programs\Python\Python312\DLLs\_hashlib.pyd first seen with mtime 1717714502.0
File C:\Users\Fulgrim\AppData\Local\Programs\Python\Python312\Lib\site-packages\django\contrib\messages\storage\base.py first seen with mtime 1723326131.4927073
File C:\Users\Fulgrim\AppData\Local\Programs\Python\Python312\Lib\email\headerregistry.py first seen with mtime 1717714452.0
File C:\Users\Fulgrim\AppData\Local\Programs\Python\Python312\Lib\email\mime\nonmultipart.py first seen with mtime 1717714452.0
File C:\Users\Fulgrim\AppData\Local\Programs\Python\Python312\Lib\site-packages\django\core\cache\backends\base.py first seen with mtime 1723326131.880859
File C:\Users\Fulgrim\AppData\Local\Programs\Python\Python312\Lib\site-packages\django\templatetags\tz.py first seen with mtime 1723326132.03898
File C:\Users\Fulgrim\AppData\Local\Programs\Python\Python312\Lib\site-packages\django\core\management\base.py first seen with mtime 1723326131.912207
File C:\Users\Fulgrim\AppData\Local\Programs\Python\Python312\Lib\site-packages\django\contrib\admin\filters.py first seen with mtime 1723326130.4723978
File C:\Users\Fulgrim\AppData\Local\Programs\Python\Python312\Lib\site-packages\django\core\management\commands\__init__.py first seen with mtime 1723326131.912207
File C:\Users\Fulgrim\AppData\Local\Programs\Python\Python312\Lib\site-packages\django\utils\autoreload.py first seen with mtime 1723326132.0550916
File C:\Users\Fulgrim\AppData\Local\Programs\Python\Python312\Lib\site-packages\django\utils\html.py first seen with mtime 1723326132.065099
File C:\Users\Fulgrim\AppData\Local\Programs\Python\Python312\Lib\site-packages\django\core\files\uploadhandler.py first seen with mtime 1723326131.8964987
File C:\Users\Fulgrim\AppData\Local\Programs\Python\Python312\Lib\email\feedparser.py first seen with mtime 1717714452.0
File C:\Users\Fulgrim\AppData\Local\Programs\Python\Python312\Lib\site-packages\django\db\migrations\operations\__init__.py first seen with mtime 1723326131.9595635
File C:\Users\Fulgrim\.vscode\extensions\ms-python.debugpy-2024.12.0-win32-x64\bundled\libs\debugpy\_vendored\pydevd\pydevd_file_utils.py first seen with mtime 1729949492.6945224
File C:\Users\Fulgrim\AppData\Local\Programs\Python\Python312\Lib\site-packages\django\db\models\fields\mixins.py first seen with mtime 1723326131.9695692
File C:\Users\Fulgrim\AppData\Local\Programs\Python\Python312\Lib\site-packages\django\utils\safestring.py first seen with mtime 1723326132.065099
File C:\Users\Fulgrim\AppData\Local\Programs\Python\Python312\Lib\mimetypes.py first seen with mtime 1717714452.0
File C:\Users\Fulgrim\AppData\Local\Programs\Python\Python312\Lib\getpass.py first seen with mtime 1717714452.0
File C:\Users\Fulgrim\.vscode\extensions\ms-python.debugpy-2024.12.0-win32-x64\bundled\libs\debugpy\_vendored\pydevd\_pydev_bundle\_pydev_saved_modules.py first seen with mtime 1729949492.7526262
File C:\Users\Fulgrim\AppData\Local\Programs\Python\Python312\Lib\site-packages\django\utils\deconstruct.py first seen with mtime 1723326132.0550916
File C:\Users\Fulgrim\AppData\Local\Programs\Python\Python312\Lib\site-packages\django\db\models\sql\datastructures.py first seen with mtime 1723326131.9755762
File C:\Users\Fulgrim\AppData\Local\Programs\Python\Python312\Lib\site-packages\django\utils\crypto.py first seen with mtime 1723326132.0550916
File C:\Users\Fulgrim\AppData\Local\Programs\Python\Python312\Lib\site-packages\django\db\models\functions\datetime.py first seen with mtime 1723326131.9755762
File C:\Users\Fulgrim\AppData\Local\Programs\Python\Python312\Lib\site-packages\django\contrib\auth\signals.py first seen with mtime 1723326130.9131744
File C:\Users\Fulgrim\AppData\Local\Programs\Python\Python312\Lib\site-packages\django\utils\functional.py first seen with mtime 1723326132.065099
File C:\Users\Fulgrim\AppData\Local\Programs\Python\Python312\Lib\site-packages\django\core\signals.py first seen with mtime 1723326131.880859
File C:\Users\Fulgrim\AppData\Local\Programs\Python\Python312\Lib\tempfile.py first seen with mtime 1717714452.0
File C:\Users\Fulgrim\.vscode\extensions\ms-python.debugpy-2024.12.0-win32-x64\bundled\libs\debugpy\_vendored\pydevd\pydevd_plugins\__init__.py first seen with mtime 1729949493.4590905
File C:\Users\Fulgrim\AppData\Local\Programs\Python\Python312\Lib\site-packages\sqlparse\filters\output.py first seen with mtime 1723326129.91682
File C:\Users\Fulgrim\AppData\Local\Programs\Python\Python312\Lib\site-packages\django\template\defaulttags.py first seen with mtime 1723326132.023344
File C:\Users\Fulgrim\AppData\Local\Programs\Python\Python312\Lib\asyncio\base_futures.py first seen with mtime 1717714452.0
File C:\Users\Fulgrim\AppData\Local\Programs\Python\Python312\Lib\site-packages\django\core\checks\model_checks.py first seen with mtime 1723326131.880859
File C:\Users\Fulgrim\AppData\Local\Programs\Python\Python312\Lib\site-packages\django\core\paginator.py first seen with mtime 1723326131.880859
File C:\Users\Fulgrim\AppData\Local\Programs\Python\Python312\Lib\site-packages\django\core\checks\__init__.py first seen with mtime 1723326131.880859
File C:\Users\Fulgrim\AppData\Local\Programs\Python\Python312\Lib\site-packages\django\utils\dateformat.py first seen with mtime 1723326132.0550916
File C:\Users\Fulgrim\AppData\Local\Programs\Python\Python312\DLLs\select.pyd first seen with mtime 1717714502.0
File C:\Users\Fulgrim\AppData\Local\Programs\Python\Python312\Lib\difflib.py first seen with mtime 1717714452.0
File C:\Users\Fulgrim\AppData\Local\Programs\Python\Python312\Lib\weakref.py first seen with mtime 1717714452.0
File C:\Users\Fulgrim\AppData\Local\Programs\Python\Python312\Lib\site-packages\django\contrib\sites\apps.py first seen with mtime 1723326131.7706008
File C:\Users\Fulgrim\AppData\Local\Programs\Python\Python312\Lib\site-packages\django\views\decorators\debug.py first seen with mtime 1723326132.0711086
File C:\Users\Fulgrim\AppData\Local\Programs\Python\Python312\Lib\ctypes\_endian.py first seen with mtime 1717714452.0
File C:\Users\Fulgrim\AppData\Local\Programs\Python\Python312\Lib\asyncio\windows_utils.py first seen with mtime 1717714452.0
File C:\Users\Fulgrim\.vscode\extensions\ms-python.debugpy-2024.12.0-win32-x64\bundled\libs\debugpy\_vendored\pydevd\pydev_ipython\inputhook.py first seen with mtime 1729949493.4560575
File C:\Users\Fulgrim\AppData\Local\Programs\Python\Python312\Lib\site-packages\django\utils\deprecation.py first seen with mtime 1723326132.0550916
File C:\Users\Fulgrim\.vscode\extensions\ms-python.debugpy-2024.12.0-win32-x64\bundled\libs\debugpy\_vendored\pydevd\_pydevd_bundle\pydevd_constants.py first seen with mtime 1729949493.2737718
File C:\Users\Fulgrim\AppData\Local\Programs\Python\Python312\Lib\site-packages\django\core\files\storage\base.py first seen with mtime 1723326131.8964987
File C:\Users\Fulgrim\AppData\Local\Programs\Python\Python312\Lib\site.py first seen with mtime 1717714452.0
File C:\Users\Fulgrim\AppData\Local\Programs\Python\Python312\Lib\site-packages\django\utils\connection.py first seen with mtime 1723326132.0550916
File C:\Users\Fulgrim\AppData\Local\Programs\Python\Python312\Lib\pprint.py first seen with mtime 1717714452.0
File C:\Users\Fulgrim\AppData\Local\Programs\Python\Python312\Lib\site-packages\django\contrib\auth\__init__.py first seen with mtime 1723326130.8974733
File C:\Users\Fulgrim\AppData\Local\Programs\Python\Python312\Lib\encodings\cp1252.py first seen with mtime 1717714452.0
File C:\Users\Fulgrim\AppData\Local\Programs\Python\Python312\Lib\json\__init__.py first seen with mtime 1717714452.0
File C:\Users\Fulgrim\AppData\Local\Programs\Python\Python312\Lib\site-packages\django\core\mail\message.py first seen with mtime 1723326131.8964987
File C:\Users\Fulgrim\AppData\Local\Programs\Python\Python312\Lib\email\mime\multipart.py first seen with mtime 1717714452.0
File C:\Users\Fulgrim\AppData\Local\Programs\Python\Python312\Lib\tokenize.py first seen with mtime 1717714452.0
File C:\Users\Fulgrim\AppData\Local\Programs\Python\Python312\Lib\re\_constants.py first seen with mtime 1717714452.0
File C:\Users\Fulgrim\.vscode\extensions\ms-python.debugpy-2024.12.0-win32-x64\bundled\libs\debugpy\_vendored\pydevd\pydev_ipython\matplotlibtools.py first seen with mtime 1729949493.4155338
File C:\Users\Fulgrim\AppData\Local\Programs\Python\Python312\Lib\site-packages\django\core\cache\backends\filebased.py first seen with mtime 1723326131.880859
File C:\Users\Fulgrim\AppData\Local\Programs\Python\Python312\Lib\_markupbase.py first seen with mtime 1717714452.0
File C:\Users\Fulgrim\.vscode\extensions\ms-python.debugpy-2024.12.0-win32-x64\bundled\libs\debugpy\_vendored\pydevd\_pydevd_bundle\pydevd_breakpoints.py first seen with mtime 1729949493.3121073
File C:\Users\Fulgrim\AppData\Local\Programs\Python\Python312\Lib\site-packages\django\utils\log.py first seen with mtime 1723326132.065099
File C:\Users\Fulgrim\AppData\Local\Programs\Python\Python312\Lib\http\cookies.py first seen with mtime 1717714452.0
File C:\Users\Fulgrim\AppData\Local\Programs\Python\Python312\Lib\site-packages\django\forms\renderers.py first seen with mtime 1723326131.9755762
File C:\Users\Fulgrim\AppData\Local\Programs\Python\Python312\Lib\email\encoders.py first seen with mtime 1717714452.0
File C:\Users\Fulgrim\AppData\Local\Programs\Python\Python312\Lib\asyncio\tasks.py first seen with mtime 1717714452.0
File C:\Users\Fulgrim\.vscode\extensions\ms-python.debugpy-2024.12.0-win32-x64\bundled\libs\debugpy\_vendored\pydevd\_pydevd_bundle\__init__.py first seen with mtime 1729949492.9313884
File C:\Users\Fulgrim\AppData\Local\Programs\Python\Python312\Lib\site-packages\django\core\cache\__init__.py first seen with mtime 1723326131.880859
File C:\Users\Fulgrim\AppData\Local\Programs\Python\Python312\DLLs\_overlapped.pyd first seen with mtime 1717714502.0
File C:\Users\Fulgrim\AppData\Local\Programs\Python\Python312\Lib\site-packages\django\templatetags\static.py first seen with mtime 1723326132.03898
File C:\Users\Fulgrim\AppData\Local\Programs\Python\Python312\Lib\site-packages\sqlparse\engine\filter_stack.py first seen with mtime 1723326129.91682
File C:\Users\Fulgrim\AppData\Local\Programs\Python\Python312\Lib\site-packages\sqlparse\cli.py first seen with mtime 1723326129.910815
File C:\Users\Fulgrim\AppData\Local\Programs\Python\Python312\Lib\site-packages\sqlparse\filters\aligned_indent.py first seen with mtime 1723326129.91682
File C:\Users\Fulgrim\AppData\Local\Programs\Python\Python312\Lib\site-packages\django\core\checks\messages.py first seen with mtime 1723326131.880859
File C:\Users\Fulgrim\AppData\Local\Programs\Python\Python312\Lib\keyword.py first seen with mtime 1717714452.0
File C:\Users\Fulgrim\AppData\Local\Programs\Python\Python312\Lib\email\base64mime.py first seen with mtime 1717714452.0
File C:\Users\Fulgrim\AppData\Local\Programs\Python\Python312\Lib\importlib\machinery.py first seen with mtime 1717714452.0
File C:\Users\Fulgrim\.vscode\extensions\ms-python.debugpy-2024.12.0-win32-x64\bundled\libs\debugpy\_vendored\pydevd\pydevd_plugins\extensions\types\pydevd_helpers.py first seen with mtime 1729949494.0236473
File C:\Users\Fulgrim\AppData\Local\Programs\Python\Python312\Lib\textwrap.py first seen with mtime 1717714452.0
File C:\Users\Fulgrim\AppData\Local\Programs\Python\Python312\Lib\xmlrpc\client.py first seen with mtime 1717714452.0
File C:\Users\Fulgrim\AppData\Local\Programs\Python\Python312\Lib\site-packages\django\forms\boundfield.py first seen with mtime 1723326131.9755762
File C:\Users\Fulgrim\AppData\Local\Programs\Python\Python312\Lib\site-packages\django\views\generic\__init__.py first seen with mtime 1723326132.0711086
File C:\Users\Fulgrim\AppData\Local\Programs\Python\Python312\Lib\_sitebuiltins.py first seen with mtime 1717714452.0
File C:\Users\Fulgrim\AppData\Local\Programs\Python\Python312\Lib\site-packages\django\views\decorators\csrf.py first seen with mtime 1723326132.0711086
File C:\Users\Fulgrim\AppData\Local\Programs\Python\Python312\Lib\site-packages\django\db\migrations\utils.py first seen with mtime 1723326131.9595635
File C:\Users\Fulgrim\AppData\Local\Programs\Python\Python312\Lib\site-packages\django\templatetags\__init__.py first seen with mtime 1723326132.03898
File C:\Users\Fulgrim\AppData\Local\Programs\Python\Python312\Lib\site-packages\django\template\__init__.py first seen with mtime 1723326132.023344
File C:\Users\Fulgrim\AppData\Local\Programs\Python\Python312\Lib\_compression.py first seen with mtime 1717714452.0
File C:\Users\Fulgrim\AppData\Local\Programs\Python\Python312\Lib\site-packages\django\utils\translation\trans_real.py first seen with mtime 1723326132.0711086
File C:\Users\Fulgrim\AppData\Local\Programs\Python\Python312\Lib\site-packages\django\forms\forms.py first seen with mtime 1723326131.9755762
File C:\Users\Fulgrim\AppData\Local\Programs\Python\Python312\Lib\site-packages\django\core\files\move.py first seen with mtime 1723326131.8964987
File C:\Users\Fulgrim\AppData\Local\Programs\Python\Python312\Lib\asyncio\streams.py first seen with mtime 1717714452.0
File C:\Users\Fulgrim\AppData\Local\Programs\Python\Python312\Lib\email\utils.py first seen with mtime 1717714452.0
File C:\Users\Fulgrim\AppData\Local\Programs\Python\Python312\Lib\sysconfig.py first seen with mtime 1717714452.0
File C:\Users\Fulgrim\.vscode\extensions\ms-python.debugpy-2024.12.0-win32-x64\bundled\libs\debugpy\_vendored\pydevd\_pydevd_bundle\_debug_adapter\__init__.py first seen with mtime 1729949493.799824
File C:\Users\Fulgrim\AppData\Local\Programs\Python\Python312\Lib\zoneinfo\__init__.py first seen with mtime 1717714452.0
File C:\Users\Fulgrim\AppData\Local\Programs\Python\Python312\Lib\dis.py first seen with mtime 1717714452.0
File C:\Users\Fulgrim\AppData\Local\Programs\Python\Python312\Lib\site-packages\django\core\files\utils.py first seen with mtime 1723326131.8964987
File C:\Users\Fulgrim\AppData\Local\Programs\Python\Python312\Lib\site-packages\django\core\serializers\json.py first seen with mtime 1723326131.9222176
File C:\Users\Fulgrim\AppData\Local\Programs\Python\Python312\Lib\site-packages\django\db\migrations\migration.py first seen with mtime 1723326131.9438665
File C:\Users\Fulgrim\AppData\Local\Programs\Python\Python312\Lib\__future__.py first seen with mtime 1717714452.0
File C:\Users\Fulgrim\AppData\Local\Programs\Python\Python312\Lib\site-packages\django\forms\__init__.py first seen with mtime 1723326131.9755762
File C:\Users\Fulgrim\AppData\Local\Programs\Python\Python312\Lib\socket.py first seen with mtime 1717714452.0
File C:\Users\Fulgrim\AppData\Local\Programs\Python\Python312\Lib\reprlib.py first seen with mtime 1717714452.0
File C:\Users\Fulgrim\AppData\Local\Programs\Python\Python312\DLLs\_ssl.pyd first seen with mtime 1717714502.0
File C:\Users\Fulgrim\AppData\Local\Programs\Python\Python312\Lib\wsgiref\simple_server.py first seen with mtime 1717714452.0
File C:\Users\Fulgrim\AppData\Local\Programs\Python\Python312\Lib\encodings\latin_1.py first seen with mtime 1717714452.0
File C:\Users\Fulgrim\AppData\Local\Programs\Python\Python312\Lib\site-packages\django\db\models\lookups.py first seen with mtime 1723326131.9595635
File C:\Users\Fulgrim\AppData\Local\Programs\Python\Python312\Lib\asyncio\windows_events.py first seen with mtime 1717714452.0
File C:\Users\Fulgrim\AppData\Local\Programs\Python\Python312\Lib\enum.py first seen with mtime 1717714452.0
File C:\Users\Fulgrim\.vscode\extensions\ms-python.debugpy-2024.12.0-win32-x64\bundled\libs\debugpy\_vendored\pydevd\_pydevd_bundle\pydevd_custom_frames.py first seen with mtime 1729949493.2707877
File C:\Users\Fulgrim\AppData\Local\Programs\Python\Python312\Lib\site-packages\django\contrib\admin\checks.py first seen with mtime 1723326130.4723978
File C:\Users\Fulgrim\AppData\Local\Programs\Python\Python312\Lib\site-packages\django\contrib\sites\__init__.py first seen with mtime 1723326131.7706008
File C:\Users\Fulgrim\AppData\Local\Programs\Python\Python312\Lib\site-packages\django\utils\encoding.py first seen with mtime 1723326132.0550916
File C:\Users\Fulgrim\AppData\Local\Programs\Python\Python312\Lib\pickle.py first seen with mtime 1717714452.0
File C:\Users\Fulgrim\AppData\Local\Programs\Python\Python312\Lib\site-packages\sqlparse\filters\tokens.py first seen with mtime 1723326129.91682
File C:\Users\Fulgrim\AppData\Local\Programs\Python\Python312\Lib\site-packages\asgiref\sync.py first seen with mtime 1723326130.1641204
File C:\Users\Fulgrim\.vscode\extensions\ms-python.debugpy-2024.12.0-win32-x64\bundled\libs\debugpy\_vendored\pydevd\_pydev_bundle\pydev_imports.py first seen with mtime 1729949492.8181784
File C:\Users\Fulgrim\AppData\Local\Programs\Python\Python312\Lib\site-packages\django\core\management\color.py first seen with mtime 1723326131.912207
File C:\Users\Fulgrim\AppData\Local\Programs\Python\Python312\Lib\site-packages\django\views\generic\edit.py first seen with mtime 1723326132.0711086
File C:\Users\Fulgrim\.vscode\extensions\ms-python.debugpy-2024.12.0-win32-x64\bundled\libs\debugpy\_vendored\pydevd\_pydevd_bundle\pydevd_io.py first seen with mtime 1729949493.102326
File C:\Users\Fulgrim\.vscode\extensions\ms-python.debugpy-2024.12.0-win32-x64\bundled\libs\debugpy\_vendored\pydevd\_pydevd_bundle\pydevd_console.py first seen with mtime 1729949493.2752764
File C:\Users\Fulgrim\AppData\Local\Programs\Python\Python312\Lib\site-packages\django\db\models\fields\generated.py first seen with mtime 1723326131.9695692
File C:\Users\Fulgrim\AppData\Local\Programs\Python\Python312\Lib\site-packages\django\urls\utils.py first seen with mtime 1723326132.0550916
File C:\Users\Fulgrim\AppData\Local\Programs\Python\Python312\DLLs\_ctypes.pyd first seen with mtime 1717714502.0
File C:\Users\Fulgrim\AppData\Local\Programs\Python\Python312\DLLs\_uuid.pyd first seen with mtime 1717714502.0
File C:\Users\Fulgrim\.vscode\extensions\ms-python.debugpy-2024.12.0-win32-x64\bundled\libs\debugpy\_vendored\pydevd\_pydevd_frame_eval\vendored\bytecode\instr.py first seen with mtime 1729949493.9984183
File C:\Users\Fulgrim\AppData\Local\Programs\Python\Python312\Lib\codecs.py first seen with mtime 1717714452.0
File C:\Users\Fulgrim\AppData\Local\Programs\Python\Python312\Lib\signal.py first seen with mtime 1717714452.0
File C:\Users\Fulgrim\AppData\Local\Programs\Python\Python312\Lib\site-packages\asgiref\current_thread_executor.py first seen with mtime 1723326130.1641204
File C:\Users\Fulgrim\.vscode\extensions\ms-python.debugpy-2024.12.0-win32-x64\bundled\libs\debugpy\_vendored\pydevd\_pydev_bundle\_pydev_execfile.py first seen with mtime 1729949492.7746072
File C:\Users\Fulgrim\AppData\Local\Programs\Python\Python312\Lib\site-packages\django\contrib\admin\apps.py first seen with mtime 1723326130.4723978
File C:\Users\Fulgrim\AppData\Local\Programs\Python\Python312\Lib\site-packages\django\contrib\admin\options.py first seen with mtime 1723326130.4723978
File C:\Users\Fulgrim\AppData\Local\Programs\Python\Python312\Lib\site-packages\django\http\request.py first seen with mtime 1723326132.023344
File C:\Users\Fulgrim\.vscode\extensions\ms-python.debugpy-2024.12.0-win32-x64\bundled\libs\debugpy\_vendored\pydevd\_pydevd_bundle\pydevd_frame_utils.py first seen with mtime 1729949493.1154206
File C:\Users\Fulgrim\AppData\Local\Programs\Python\Python312\Lib\site-packages\django\core\files\__init__.py first seen with mtime 1723326131.8964987
File C:\Users\Fulgrim\.vscode\extensions\ms-python.debugpy-2024.12.0-win32-x64\bundled\libs\debugpy\_vendored\pydevd\_pydev_bundle\_pydev_imports_tipper.py first seen with mtime 1729949492.7639906
File C:\Users\Fulgrim\AppData\Local\Programs\Python\Python312\Lib\warnings.py first seen with mtime 1717714452.0
File C:\Users\Fulgrim\.vscode\extensions\ms-python.debugpy-2024.12.0-win32-x64\bundled\libs\debugpy\_vendored\pydevd\_pydevd_bundle\pydevd_vm_type.py first seen with mtime 1729949492.9443855
File C:\Users\Fulgrim\.vscode\extensions\ms-python.debugpy-2024.12.0-win32-x64\bundled\libs\debugpy\_vendored\pydevd\_pydevd_bundle\pydevd_extension_utils.py first seen with mtime 1729949493.1350112
File C:\Users\Fulgrim\AppData\Local\Programs\Python\Python312\Lib\string.py first seen with mtime 1717714452.0
File C:\Users\Fulgrim\.vscode\extensions\ms-python.debugpy-2024.12.0-win32-x64\bundled\libs\debugpy\_vendored\pydevd\_pydev_bundle\pydev_console_utils.py first seen with mtime 1729949492.8223073
File C:\Users\Fulgrim\AppData\Local\Programs\Python\Python312\Lib\site-packages\django\forms\fields.py first seen with mtime 1723326131.9755762
File C:\Users\Fulgrim\AppData\Local\Programs\Python\Python312\Lib\site-packages\django\template\library.py first seen with mtime 1723326132.023344
File C:\Users\Fulgrim\AppData\Local\Programs\Python\Python312\Lib\site-packages\django\urls\__init__.py first seen with mtime 1723326132.04899
File C:\xampp\htdocs\AVITech\Prueba5\SGC\templates\.last_build_id first seen with mtime 1729949419.8221009
File C:\xampp\htdocs\AVITech\Prueba5\SGC\templates\assets first seen with mtime 1729949419.831601
File C:\xampp\htdocs\AVITech\Prueba5\SGC\templates\canvaskit first seen with mtime 1729949419.9367752
File C:\xampp\htdocs\AVITech\Prueba5\SGC\templates\favicon.png first seen with mtime 1729949419.937775
File C:\xampp\htdocs\AVITech\Prueba5\SGC\templates\flutter.js first seen with mtime 1729949419.9382749
File C:\xampp\htdocs\AVITech\Prueba5\SGC\templates\flutter_bootstrap.js first seen with mtime 1729949419.9387765
File C:\xampp\htdocs\AVITech\Prueba5\SGC\templates\flutter_service_worker.js first seen with mtime 1729949419.9387765
File C:\xampp\htdocs\AVITech\Prueba5\SGC\templates\icons first seen with mtime 1729949419.9407775
File C:\xampp\htdocs\AVITech\Prueba5\SGC\templates\index.html first seen with mtime 1729949419.9407775
File C:\xampp\htdocs\AVITech\Prueba5\SGC\templates\mail_activacion.html first seen with mtime 1732379272.7971792
File C:\xampp\htdocs\AVITech\Prueba5\SGC\templates\main.dart.js first seen with mtime 1729949419.957895
File C:\xampp\htdocs\AVITech\Prueba5\SGC\templates\manifest.json first seen with mtime 1729949419.9584026
File C:\xampp\htdocs\AVITech\Prueba5\SGC\templates\registration first seen with mtime 1729949419.9588957
File C:\xampp\htdocs\AVITech\Prueba5\SGC\templates\version.json first seen with mtime 1729949419.959395
File C:\xampp\htdocs\AVITech\Prueba5\SGC\templates\viejo first seen with mtime 1729949419.9623952
File C:\xampp\htdocs\AVITech\Prueba5\SGC\templates\assets\AssetManifest.bin first seen with mtime 1729949419.8226013
File C:\xampp\htdocs\AVITech\Prueba5\SGC\templates\assets\AssetManifest.bin.json first seen with mtime 1729949419.8231018
File C:\xampp\htdocs\AVITech\Prueba5\SGC\templates\assets\AssetManifest.json first seen with mtime 1729949419.8236065
File C:\xampp\htdocs\AVITech\Prueba5\SGC\templates\assets\FontManifest.json first seen with mtime 1729949419.8241012
File C:\xampp\htdocs\AVITech\Prueba5\SGC\templates\assets\fonts first seen with mtime 1729949419.830102
File C:\xampp\htdocs\AVITech\Prueba5\SGC\templates\assets\NOTICES first seen with mtime 1729949419.8296015
File C:\xampp\htdocs\AVITech\Prueba5\SGC\templates\assets\packages first seen with mtime 1729949419.830602
File C:\xampp\htdocs\AVITech\Prueba5\SGC\templates\assets\shaders first seen with mtime 1729949419.831601
File C:\xampp\htdocs\AVITech\Prueba5\SGC\templates\canvaskit\canvaskit.js first seen with mtime 1729949419.8321009
File C:\xampp\htdocs\AVITech\Prueba5\SGC\templates\canvaskit\canvaskit.js.symbols first seen with mtime 1729949419.835614
File C:\xampp\htdocs\AVITech\Prueba5\SGC\templates\canvaskit\canvaskit.wasm first seen with mtime 1729949419.8657606
File C:\xampp\htdocs\AVITech\Prueba5\SGC\templates\canvaskit\chromium first seen with mtime 1729949419.8994582
File C:\xampp\htdocs\AVITech\Prueba5\SGC\templates\canvaskit\skwasm.js first seen with mtime 1729949419.902171
File C:\xampp\htdocs\AVITech\Prueba5\SGC\templates\canvaskit\skwasm.js.symbols first seen with mtime 1729949419.9082005
File C:\xampp\htdocs\AVITech\Prueba5\SGC\templates\canvaskit\skwasm.wasm first seen with mtime 1729949419.9362824
File C:\xampp\htdocs\AVITech\Prueba5\SGC\templates\canvaskit\skwasm.worker.js first seen with mtime 1729949419.9372752
File C:\xampp\htdocs\AVITech\Prueba5\SGC\templates\icons\Icon-192.png first seen with mtime 1729949419.9397757
File C:\xampp\htdocs\AVITech\Prueba5\SGC\templates\icons\Icon-512.png first seen with mtime 1729949419.9397757
File C:\xampp\htdocs\AVITech\Prueba5\SGC\templates\icons\Icon-maskable-192.png first seen with mtime 1729949419.9402738
File C:\xampp\htdocs\AVITech\Prueba5\SGC\templates\icons\Icon-maskable-512.png first seen with mtime 1729949419.9407775
File C:\xampp\htdocs\AVITech\Prueba5\SGC\templates\registration\password_reset_email.html first seen with mtime 1729949419.959395
File C:\xampp\htdocs\AVITech\Prueba5\SGC\templates\viejo\index.html first seen with mtime 1729949419.959895
File C:\xampp\htdocs\AVITech\Prueba5\SGC\templates\viejo\pagina2.html first seen with mtime 1729949419.960395
File C:\xampp\htdocs\AVITech\Prueba5\SGC\templates\viejo\pagina3.html first seen with mtime 1729949419.960395
File C:\xampp\htdocs\AVITech\Prueba5\SGC\templates\viejo\pagina4.html first seen with mtime 1729949419.9613943
File C:\xampp\htdocs\AVITech\Prueba5\SGC\templates\viejo\pagina5.html first seen with mtime 1729949419.9618938
File C:\xampp\htdocs\AVITech\Prueba5\SGC\templates\viejo\pagina6.html first seen with mtime 1729949419.9623952
File C:\xampp\htdocs\AVITech\Prueba5\SGC\templates\assets\fonts\MaterialIcons-Regular.otf first seen with mtime 1729949419.830602
File C:\xampp\htdocs\AVITech\Prueba5\SGC\templates\assets\packages\cupertino_icons first seen with mtime 1729949419.8311193
File C:\xampp\htdocs\AVITech\Prueba5\SGC\templates\assets\shaders\ink_sparkle.frag first seen with mtime 1729949419.831601
File C:\xampp\htdocs\AVITech\Prueba5\SGC\templates\assets\packages\cupertino_icons\assets first seen with mtime 1729949419.8311193
File C:\xampp\htdocs\AVITech\Prueba5\SGC\templates\assets\packages\cupertino_icons\assets\CupertinoIcons.ttf first seen with mtime 1729949419.831601
File C:\xampp\htdocs\AVITech\Prueba5\SGC\templates\canvaskit\chromium\canvaskit.js first seen with mtime 1729949419.8667588
File C:\xampp\htdocs\AVITech\Prueba5\SGC\templates\canvaskit\chromium\canvaskit.js.symbols first seen with mtime 1729949419.872394
File C:\xampp\htdocs\AVITech\Prueba5\SGC\templates\canvaskit\chromium\canvaskit.wasm first seen with mtime 1729949419.9011657
Watching for file changes with StatReloader
Waiting for apps ready_event.
Main Django thread has terminated before apps are ready.
Apps ready_event triggered. Sending autoreload_started signal.
Watching dir C:\xampp\htdocs\AVITech\Prueba5\SGC\templates with glob **/*.
File C:\Users\Fulgrim\.vscode\extensions\ms-python.debugpy-2024.12.0-win32-x64\bundled\libs\debugpy\_vendored\pydevd\_pydevd_bundle\pydevd_vm_type.py first seen with mtime 1729949492.9443855
File C:\Users\Fulgrim\AppData\Local\Programs\Python\Python312\Lib\tempfile.py first seen with mtime 1717714452.0
File C:\Users\Fulgrim\.vscode\extensions\ms-python.debugpy-2024.12.0-win32-x64\bundled\libs\debugpy\_version.py first seen with mtime 1729949492.5887544
File C:\Users\Fulgrim\.vscode\extensions\ms-python.debugpy-2024.12.0-win32-x64\bundled\libs\debugpy\_vendored\pydevd\_pydevd_bundle\pydevd_vars.py first seen with mtime 1729949492.9499786
File C:\Users\Fulgrim\.vscode\extensions\ms-python.debugpy-2024.12.0-win32-x64\bundled\libs\debugpy\_vendored\pydevd\_pydevd_bundle\pydevd_process_net_command.py first seen with mtime 1729949493.0482569
File C:\Users\Fulgrim\.vscode\extensions\ms-python.debugpy-2024.12.0-win32-x64\bundled\libs\debugpy\_vendored\pydevd\_pydevd_bundle\pydevd_defaults.py first seen with mtime 1729949493.157993
File C:\Users\Fulgrim\AppData\Local\Programs\Python\Python312\Lib\site-packages\django\core\checks\translation.py first seen with mtime 1723326131.8964987
File C:\Users\Fulgrim\AppData\Local\Programs\Python\Python312\Lib\site-packages\django\db\models\fields\reverse_related.py first seen with mtime 1723326131.9755762
File C:\Users\Fulgrim\AppData\Local\Programs\Python\Python312\Lib\site-packages\django\core\checks\security\sessions.py first seen with mtime 1723326131.8964987
File C:\Users\Fulgrim\AppData\Local\Programs\Python\Python312\Lib\asyncio\transports.py first seen with mtime 1717714452.0
File C:\Users\Fulgrim\AppData\Local\Programs\Python\Python312\Lib\asyncio\staggered.py first seen with mtime 1717714452.0
File C:\Users\Fulgrim\AppData\Local\Programs\Python\Python312\Lib\site-packages\django\db\backends\base\__init__.py first seen with mtime 1723326131.9282298
File C:\Users\Fulgrim\AppData\Local\Programs\Python\Python312\Lib\email\header.py first seen with mtime 1717714452.0
File C:\Users\Fulgrim\AppData\Local\Programs\Python\Python312\Lib\site-packages\django\views\__init__.py first seen with mtime 1723326132.0711086
File C:\Users\Fulgrim\AppData\Local\Programs\Python\Python312\Lib\site-packages\django\contrib\auth\decorators.py first seen with mtime 1723326130.9131744
File C:\Users\Fulgrim\.vscode\extensions\ms-python.debugpy-2024.12.0-win32-x64\bundled\libs\debugpy\_vendored\pydevd\_pydevd_frame_eval\vendored\bytecode\instr.py first seen with mtime 1729949493.9984183
File C:\Users\Fulgrim\AppData\Local\Programs\Python\Python312\Lib\site-packages\django\views\generic\edit.py first seen with mtime 1723326132.0711086
File C:\Users\Fulgrim\AppData\Local\Programs\Python\Python312\Lib\asyncio\protocols.py first seen with mtime 1717714452.0
File C:\Users\Fulgrim\AppData\Local\Programs\Python\Python312\Lib\hmac.py first seen with mtime 1717714452.0
File C:\Users\Fulgrim\AppData\Local\Programs\Python\Python312\Lib\site-packages\django\core\files\uploadhandler.py first seen with mtime 1723326131.8964987
File C:\Users\Fulgrim\AppData\Local\Programs\Python\Python312\Lib\linecache.py first seen with mtime 1717714452.0
File C:\Users\Fulgrim\AppData\Local\Programs\Python\Python312\Lib\email\_policybase.py first seen with mtime 1717714452.0
File C:\Users\Fulgrim\AppData\Local\Programs\Python\Python312\Lib\locale.py first seen with mtime 1717714452.0
File C:\Users\Fulgrim\AppData\Local\Programs\Python\Python312\Lib\inspect.py first seen with mtime 1717714452.0
File C:\Users\Fulgrim\AppData\Local\Programs\Python\Python312\Lib\email\mime\text.py first seen with mtime 1717714452.0
File C:\Users\Fulgrim\AppData\Local\Programs\Python\Python312\Lib\site-packages\django\forms\__init__.py first seen with mtime 1723326131.9755762
File C:\Users\Fulgrim\AppData\Local\Programs\Python\Python312\Lib\site-packages\django\views\generic\list.py first seen with mtime 1723326132.0711086
File C:\Users\Fulgrim\AppData\Local\Programs\Python\Python312\Lib\site-packages\django\views\decorators\cache.py first seen with mtime 1723326132.0711086
File C:\Users\Fulgrim\AppData\Local\Programs\Python\Python312\Lib\site-packages\django\middleware\cache.py first seen with mtime 1723326132.023344
File C:\Users\Fulgrim\AppData\Local\Programs\Python\Python312\Lib\ssl.py first seen with mtime 1717714452.0
File C:\Users\Fulgrim\AppData\Local\Programs\Python\Python312\Lib\site-packages\django\core\checks\database.py first seen with mtime 1723326131.880859
File C:\Users\Fulgrim\AppData\Local\Programs\Python\Python312\Lib\fnmatch.py first seen with mtime 1717714452.0
File C:\Users\Fulgrim\AppData\Local\Programs\Python\Python312\Lib\uuid.py first seen with mtime 1717714452.0
File C:\Users\Fulgrim\.vscode\extensions\ms-python.debugpy-2024.12.0-win32-x64\bundled\libs\debugpy\_vendored\pydevd\_pydevd_bundle\pydevd_api.py first seen with mtime 1729949493.3168142
File C:\Users\Fulgrim\.vscode\extensions\ms-python.debugpy-2024.12.0-win32-x64\bundled\libs\debugpy\_vendored\pydevd\_pydevd_bundle\pydevd_source_mapping.py first seen with mtime 1729949492.9993305
File C:\Users\Fulgrim\.vscode\extensions\ms-python.debugpy-2024.12.0-win32-x64\bundled\libs\debugpy\_vendored\pydevd\_pydevd_bundle\pydevd_process_net_command_json.py first seen with mtime 1729949493.0346174
File C:\Users\Fulgrim\AppData\Local\Programs\Python\Python312\Lib\site-packages\django\contrib\contenttypes\__init__.py first seen with mtime 1723326131.023843
File C:\Users\Fulgrim\AppData\Local\Programs\Python\Python312\Lib\json\decoder.py first seen with mtime 1717714452.0
File C:\Users\Fulgrim\AppData\Local\Programs\Python\Python312\Lib\site-packages\django\utils\module_loading.py first seen with mtime 1723326132.065099
File C:\Users\Fulgrim\AppData\Local\Programs\Python\Python312\Lib\asyncio\log.py first seen with mtime 1717714452.0
File C:\Users\Fulgrim\AppData\Local\Programs\Python\Python312\Lib\site-packages\django\core\checks\security\csrf.py first seen with mtime 1723326131.8964987
File C:\Users\Fulgrim\AppData\Local\Programs\Python\Python312\Lib\site-packages\django\template\engine.py first seen with mtime 1723326132.023344
File C:\Users\Fulgrim\AppData\Local\Programs\Python\Python312\Lib\socketserver.py first seen with mtime 1717714452.0
File C:\Users\Fulgrim\AppData\Local\Programs\Python\Python312\Lib\site-packages\django\urls\conf.py first seen with mtime 1723326132.04899
File C:\Users\Fulgrim\AppData\Local\Programs\Python\Python312\Lib\bz2.py first seen with mtime 1717714452.0
File C:\Users\Fulgrim\.vscode\extensions\ms-python.debugpy-2024.12.0-win32-x64\bundled\libs\debugpy\_vendored\pydevd\_pydevd_sys_monitoring\_pydevd_sys_monitoring_cython.cp312-win_amd64.pyd first seen with mtime 1729949492.8369136
File C:\Users\Fulgrim\AppData\Local\Programs\Python\Python312\Lib\concurrent\futures\thread.py first seen with mtime 1717714452.0
File C:\Users\Fulgrim\.vscode\extensions\ms-python.debugpy-2024.12.0-win32-x64\bundled\libs\debugpy\_vendored\pydevd\_pydevd_bundle\pydevd_thread_lifecycle.py first seen with mtime 1729949492.98185
File C:\Users\Fulgrim\AppData\Local\Programs\Python\Python312\Lib\site-packages\django\db\models\base.py first seen with mtime 1723326131.9595635
File C:\Users\Fulgrim\AppData\Local\Programs\Python\Python312\Lib\wsgiref\simple_server.py first seen with mtime 1717714452.0
File C:\Users\Fulgrim\AppData\Local\Programs\Python\Python312\Lib\asyncio\format_helpers.py first seen with mtime 1717714452.0
File C:\Users\Fulgrim\AppData\Local\Programs\Python\Python312\Lib\html\__init__.py first seen with mtime 1717714452.0
File C:\Users\Fulgrim\AppData\Local\Programs\Python\Python312\Lib\urllib\parse.py first seen with mtime 1717714452.0
File C:\Users\Fulgrim\AppData\Local\Programs\Python\Python312\Lib\site-packages\django\contrib\staticfiles\checks.py first seen with mtime 1723326131.8748426
File C:\Users\Fulgrim\AppData\Local\Programs\Python\Python312\Lib\urllib\__init__.py first seen with mtime 1717714452.0
File C:\Users\Fulgrim\AppData\Local\Programs\Python\Python312\Lib\site-packages\django\utils\regex_helper.py first seen with mtime 1723326132.065099
File C:\Users\Fulgrim\.vscode\extensions\ms-python.debugpy-2024.12.0-win32-x64\bundled\libs\debugpy\_vendored\pydevd\_pydevd_bundle\pydevd_exec2.py first seen with mtime 1729949493.14357
File C:\Users\Fulgrim\AppData\Local\Programs\Python\Python312\Lib\dis.py first seen with mtime 1717714452.0
File C:\Users\Fulgrim\AppData\Local\Programs\Python\Python312\Lib\site-packages\django\utils\timezone.py first seen with mtime 1723326132.0711086
File C:\Users\Fulgrim\AppData\Local\Programs\Python\Python312\Lib\difflib.py first seen with mtime 1717714452.0
File C:\Users\Fulgrim\AppData\Local\Programs\Python\Python312\Lib\site-packages\asgiref\__init__.py first seen with mtime 1723326130.1641204
File C:\Users\Fulgrim\AppData\Local\Programs\Python\Python312\Lib\encodings\aliases.py first seen with mtime 1717714452.0
File C:\Users\Fulgrim\AppData\Local\Programs\Python\Python312\Lib\ctypes\_endian.py first seen with mtime 1717714452.0
File C:\Users\Fulgrim\AppData\Local\Programs\Python\Python312\Lib\mimetypes.py first seen with mtime 1717714452.0
File C:\Users\Fulgrim\AppData\Local\Programs\Python\Python312\Lib\argparse.py first seen with mtime 1717714452.0
File C:\Users\Fulgrim\AppData\Local\Programs\Python\Python312\Lib\site-packages\django\conf\locale\__init__.py first seen with mtime 1723326130.289361
File C:\Users\Fulgrim\AppData\Local\Programs\Python\Python312\Lib\site-packages\django\utils\inspect.py first seen with mtime 1723326132.065099
File C:\Users\Fulgrim\AppData\Local\Programs\Python\Python312\Lib\logging\config.py first seen with mtime 1717714452.0
File C:\Users\Fulgrim\AppData\Local\Programs\Python\Python312\Lib\site-packages\django\db\backends\base\operations.py first seen with mtime 1723326131.9282298
File C:\Users\Fulgrim\AppData\Local\Programs\Python\Python312\Lib\site-packages\django\__init__.py first seen with mtime 1723326130.289361
File C:\Users\Fulgrim\AppData\Local\Programs\Python\Python312\Lib\site-packages\django\db\models\options.py first seen with mtime 1723326131.9695692
File C:\Users\Fulgrim\AppData\Local\Programs\Python\Python312\Lib\site-packages\django\core\files\storage\memory.py first seen with mtime 1723326131.8964987
File C:\Users\Fulgrim\AppData\Local\Programs\Python\Python312\Lib\site-packages\django\db\migrations\__init__.py first seen with mtime 1723326131.9438665
File C:\Users\Fulgrim\AppData\Local\Programs\Python\Python312\Lib\email\mime\message.py first seen with mtime 1717714452.0
File C:\Users\Fulgrim\AppData\Local\Programs\Python\Python312\Lib\email\iterators.py first seen with mtime 1717714452.0
File C:\Users\Fulgrim\AppData\Local\Programs\Python\Python312\Lib\secrets.py first seen with mtime 1717714452.0
File C:\Users\Fulgrim\AppData\Local\Programs\Python\Python312\Lib\asyncio\timeouts.py first seen with mtime 1717714452.0
File C:\Users\Fulgrim\.vscode\extensions\ms-python.debugpy-2024.12.0-win32-x64\bundled\libs\debugpy\_vendored\pydevd\_pydevd_bundle\pydevd_plugin_utils.py first seen with mtime 1729949493.0599725
File C:\Users\Fulgrim\AppData\Local\Programs\Python\Python312\Lib\site-packages\django\db\models\manager.py first seen with mtime 1723326131.9595635
File C:\Users\Fulgrim\AppData\Local\Programs\Python\Python312\Lib\email\utils.py first seen with mtime 1717714452.0
File C:\Users\Fulgrim\AppData\Local\Programs\Python\Python312\Lib\struct.py first seen with mtime 1717714452.0
File C:\Users\Fulgrim\AppData\Local\Programs\Python\Python312\Lib\site-packages\django\core\__init__.py first seen with mtime 1723326131.880859
File C:\Users\Fulgrim\.vscode\extensions\ms-python.debugpy-2024.12.0-win32-x64\bundled\libs\debugpy\_vendored\pydevd\_pydevd_bundle\_debug_adapter\pydevd_schema_log.py first seen with mtime 1729949493.8051834
File C:\Users\Fulgrim\.vscode\extensions\ms-python.debugpy-2024.12.0-win32-x64\bundled\libs\debugpy\_vendored\pydevd\_pydevd_bundle\pydevd_dont_trace.py first seen with mtime 1729949493.1519995
File C:\Users\Fulgrim\.vscode\extensions\ms-python.debugpy-2024.12.0-win32-x64\bundled\libs\debugpy\_vendored\pydevd\_pydevd_bundle\pydevd_import_class.py first seen with mtime 1729949493.1048317
File C:\Users\Fulgrim\AppData\Local\Programs\Python\Python312\Lib\stringprep.py first seen with mtime 1717714452.0
File C:\Users\Fulgrim\AppData\Local\Programs\Python\Python312\Lib\zoneinfo\_tzpath.py first seen with mtime 1717714452.0
File C:\Users\Fulgrim\.vscode\extensions\ms-python.debugpy-2024.12.0-win32-x64\bundled\libs\debugpy\_vendored\pydevd\_pydev_bundle\_pydev_filesystem_encoding.py first seen with mtime 1729949492.7711198
File C:\Users\Fulgrim\.vscode\extensions\ms-python.debugpy-2024.12.0-win32-x64\bundled\libs\debugpy\_vendored\pydevd\_pydevd_frame_eval\vendored\bytecode\flags.py first seen with mtime 1729949494.0012074
File C:\Users\Fulgrim\AppData\Local\Programs\Python\Python312\Lib\site-packages\django\views\decorators\__init__.py first seen with mtime 1723326132.0711086
File C:\Users\Fulgrim\AppData\Local\Programs\Python\Python312\Lib\site-packages\django\utils\safestring.py first seen with mtime 1723326132.065099
File C:\Users\Fulgrim\AppData\Local\Programs\Python\Python312\Lib\site-packages\django\utils\translation\trans_real.py first seen with mtime 1723326132.0711086
File C:\Users\Fulgrim\AppData\Local\Programs\Python\Python312\Lib\site-packages\django\db\models\sql\where.py first seen with mtime 1723326131.9755762
File C:\Users\Fulgrim\AppData\Local\Programs\Python\Python312\DLLs\_overlapped.pyd first seen with mtime 1717714502.0
File C:\Users\Fulgrim\AppData\Local\Programs\Python\Python312\Lib\site-packages\django\core\files\storage\handler.py first seen with mtime 1723326131.8964987
File C:\Users\Fulgrim\AppData\Local\Programs\Python\Python312\Lib\site-packages\django\core\management\__init__.py first seen with mtime 1723326131.912207
File C:\Users\Fulgrim\AppData\Local\Programs\Python\Python312\DLLs\_bz2.pyd first seen with mtime 1717714502.0
File C:\Users\Fulgrim\AppData\Local\Programs\Python\Python312\Lib\site-packages\django\conf\global_settings.py first seen with mtime 1723326130.289361
File C:\Users\Fulgrim\AppData\Local\Programs\Python\Python312\Lib\os.py first seen with mtime 1717714452.0
File C:\Users\Fulgrim\AppData\Local\Programs\Python\Python312\Lib\site-packages\asgiref\current_thread_executor.py first seen with mtime 1723326130.1641204
File C:\Users\Fulgrim\AppData\Local\Programs\Python\Python312\Lib\site-packages\django\apps\config.py first seen with mtime 1723326130.289361
File C:\Users\Fulgrim\.vscode\extensions\ms-python.debugpy-2024.12.0-win32-x64\bundled\libs\debugpy\_vendored\pydevd\_pydevd_bundle\pydevd_constants.py first seen with mtime 1729949493.2737718
File C:\Users\Fulgrim\AppData\Local\Programs\Python\Python312\Lib\site-packages\django\core\serializers\json.py first seen with mtime 1723326131.9222176
File C:\Users\Fulgrim\AppData\Local\Programs\Python\Python312\Lib\site-packages\django\utils\connection.py first seen with mtime 1723326132.0550916
File C:\Users\Fulgrim\AppData\Local\Programs\Python\Python312\Lib\heapq.py first seen with mtime 1717714452.0
File C:\Users\Fulgrim\AppData\Local\Programs\Python\Python312\Lib\site-packages\django\core\files\__init__.py first seen with mtime 1723326131.8964987
File C:\Users\Fulgrim\AppData\Local\Programs\Python\Python312\Lib\site-packages\django\utils\html.py first seen with mtime 1723326132.065099
File C:\Users\Fulgrim\AppData\Local\Programs\Python\Python312\Lib\email\mime\base.py first seen with mtime 1717714452.0
File C:\Users\Fulgrim\.vscode\extensions\ms-python.debugpy-2024.12.0-win32-x64\bundled\libs\debugpy\_vendored\pydevd\_pydev_bundle\fsnotify\__init__.py first seen with mtime 1729949493.7608793
File C:\Users\Fulgrim\.vscode\extensions\ms-python.debugpy-2024.12.0-win32-x64\bundled\libs\debugpy\__init__.py first seen with mtime 1729949492.5856714
File C:\Users\Fulgrim\AppData\Local\Programs\Python\Python312\Lib\site-packages\django\core\files\locks.py first seen with mtime 1723326131.8964987
File C:\Users\Fulgrim\AppData\Local\Programs\Python\Python312\Lib\site-packages\django\utils\duration.py first seen with mtime 1723326132.0550916
File C:\Users\Fulgrim\AppData\Local\Programs\Python\Python312\DLLs\_asyncio.pyd first seen with mtime 1717714502.0
File C:\Users\Fulgrim\AppData\Local\Programs\Python\Python312\Lib\site-packages\django\contrib\admin\utils.py first seen with mtime 1723326130.4784036
File C:\Users\Fulgrim\.vscode\extensions\ms-python.debugpy-2024.12.0-win32-x64\bundled\libs\debugpy\_vendored\pydevd\_pydevd_bundle\pydevd_breakpoints.py first seen with mtime 1729949493.3121073
File C:\Users\Fulgrim\.vscode\extensions\ms-python.debugpy-2024.12.0-win32-x64\bundled\libs\debugpy\_vendored\pydevd\_pydev_bundle\pydev_is_thread_alive.py first seen with mtime 1729949492.8082685
File C:\Users\Fulgrim\AppData\Local\Programs\Python\Python312\Lib\site-packages\django\utils\_os.py first seen with mtime 1723326132.0550916
File C:\Users\Fulgrim\AppData\Local\Programs\Python\Python312\Lib\email\contentmanager.py first seen with mtime 1717714452.0
File C:\Users\Fulgrim\AppData\Local\Programs\Python\Python312\Lib\pprint.py first seen with mtime 1717714452.0
File C:\Users\Fulgrim\.vscode\extensions\ms-python.debugpy-2024.12.0-win32-x64\bundled\libs\debugpy\_vendored\pydevd\pydevd_plugins\extensions\types\pydevd_plugin_pandas_types.py first seen with mtime 1729949494.0154064
File C:\Users\Fulgrim\AppData\Local\Programs\Python\Python312\Lib\site-packages\django\contrib\staticfiles\utils.py first seen with mtime 1723326131.880859
File C:\Users\Fulgrim\AppData\Local\Programs\Python\Python312\Lib\site-packages\django\template\loaders\app_directories.py first seen with mtime 1723326132.03898
File C:\Users\Fulgrim\AppData\Local\Programs\Python\Python312\Lib\site-packages\django\core\files\move.py first seen with mtime 1723326131.8964987
File C:\Users\Fulgrim\AppData\Local\Programs\Python\Python312\Lib\site-packages\django\contrib\sites\checks.py first seen with mtime 1723326131.7706008
File C:\Users\Fulgrim\AppData\Local\Programs\Python\Python312\Lib\xmlrpc\__init__.py first seen with mtime 1717714452.0
File C:\Users\Fulgrim\AppData\Local\Programs\Python\Python312\Lib\site-packages\django\template\autoreload.py first seen with mtime 1723326132.023344
File C:\Users\Fulgrim\AppData\Local\Programs\Python\Python312\Lib\encodings\latin_1.py first seen with mtime 1717714452.0
File C:\Users\Fulgrim\.vscode\extensions\ms-python.debugpy-2024.12.0-win32-x64\bundled\libs\debugpy\_vendored\pydevd\_pydevd_bundle\pydevd_io.py first seen with mtime 1729949493.102326
File C:\Users\Fulgrim\AppData\Local\Programs\Python\Python312\Lib\site-packages\django\db\models\functions\comparison.py first seen with mtime 1723326131.9755762
File C:\Users\Fulgrim\AppData\Local\Programs\Python\Python312\Lib\site-packages\django\db\models\constraints.py first seen with mtime 1723326131.9595635
File C:\Users\Fulgrim\AppData\Local\Programs\Python\Python312\Lib\json\scanner.py first seen with mtime 1717714452.0
File C:\Users\Fulgrim\.vscode\extensions\ms-python.debugpy-2024.12.0-win32-x64\bundled\libs\debugpy\_vendored\pydevd\pydevd_plugins\extensions\__init__.py first seen with mtime 1729949493.8399878
File C:\Users\Fulgrim\AppData\Local\Programs\Python\Python312\Lib\site-packages\django\contrib\admin\views\__init__.py first seen with mtime 1723326130.7712703
File C:\Users\Fulgrim\AppData\Local\Programs\Python\Python312\Lib\site-packages\django\core\checks\messages.py first seen with mtime 1723326131.880859
File C:\Users\Fulgrim\AppData\Local\Programs\Python\Python312\Lib\string.py first seen with mtime 1717714452.0
File C:\Users\Fulgrim\AppData\Local\Programs\Python\Python312\Lib\site-packages\django\contrib\staticfiles\finders.py first seen with mtime 1723326131.8748426
File C:\Users\Fulgrim\AppData\Local\Programs\Python\Python312\Lib\site-packages\django\utils\translation\__init__.py first seen with mtime 1723326132.0711086
File C:\Users\Fulgrim\.vscode\extensions\ms-python.debugpy-2024.12.0-win32-x64\bundled\libs\debugpy\_vendored\pydevd\_pydevd_bundle\pydevd_concurrency_analyser\pydevd_concurrency_logger.py first seen with mtime 1729949493.8379045
File C:\Users\Fulgrim\AppData\Local\Programs\Python\Python312\Lib\site-packages\django\core\checks\async_checks.py first seen with mtime 1723326131.880859
File C:\Users\Fulgrim\AppData\Local\Programs\Python\Python312\Lib\site-packages\django\db\models\deletion.py first seen with mtime 1723326131.9595635
File C:\Users\Fulgrim\AppData\Local\Programs\Python\Python312\Lib\site-packages\django\utils\http.py first seen with mtime 1723326132.065099
File C:\Users\Fulgrim\AppData\Local\Programs\Python\Python312\Lib\site-packages\sqlparse\formatter.py first seen with mtime 1723326129.91682
File C:\Users\Fulgrim\AppData\Local\Programs\Python\Python312\Lib\site-packages\django\contrib\admin\decorators.py first seen with mtime 1723326130.4723978
File C:\Users\Fulgrim\AppData\Local\Programs\Python\Python312\Lib\site-packages\django\utils\ipv6.py first seen with mtime 1723326132.065099
File C:\Users\Fulgrim\AppData\Local\Programs\Python\Python312\Lib\site-packages\django\utils\text.py first seen with mtime 1723326132.0711086
File C:\Users\Fulgrim\AppData\Local\Programs\Python\Python312\Lib\site-packages\django\db\models\fields\mixins.py first seen with mtime 1723326131.9695692
File C:\Users\Fulgrim\.vscode\extensions\ms-python.debugpy-2024.12.0-win32-x64\bundled\libs\debugpy\_vendored\pydevd\_pydevd_bundle\pydevd_runpy.py first seen with mtime 1729949493.0176435
File C:\Users\Fulgrim\AppData\Local\Programs\Python\Python312\Lib\site-packages\sqlparse\exceptions.py first seen with mtime 1723326129.91682
File C:\Users\Fulgrim\AppData\Local\Programs\Python\Python312\Lib\opcode.py first seen with mtime 1717714452.0
File C:\Users\Fulgrim\AppData\Local\Programs\Python\Python312\Lib\email\feedparser.py first seen with mtime 1717714452.0
File C:\Users\Fulgrim\AppData\Local\Programs\Python\Python312\Lib\site-packages\django\core\cache\__init__.py first seen with mtime 1723326131.880859
File C:\Users\Fulgrim\AppData\Local\Programs\Python\Python312\Lib\site-packages\django\utils\dateformat.py first seen with mtime 1723326132.0550916
File C:\Users\Fulgrim\AppData\Local\Programs\Python\Python312\Lib\site-packages\django\core\management\base.py first seen with mtime 1723326131.912207
File C:\Users\Fulgrim\.vscode\extensions\ms-python.debugpy-2024.12.0-win32-x64\bundled\libs\debugpy\_vendored\pydevd\_pydev_bundle\_pydev_calltip_util.py first seen with mtime 1729949492.7823498
File C:\Users\Fulgrim\AppData\Local\Programs\Python\Python312\Lib\asyncio\windows_utils.py first seen with mtime 1717714452.0
File C:\Users\Fulgrim\AppData\Local\Programs\Python\Python312\Lib\json\__init__.py first seen with mtime 1717714452.0
File C:\Users\Fulgrim\AppData\Local\Programs\Python\Python312\Lib\site-packages\django\contrib\contenttypes\apps.py first seen with mtime 1723326131.023843
File C:\Users\Fulgrim\AppData\Local\Programs\Python\Python312\Lib\site-packages\sqlparse\engine\statement_splitter.py first seen with mtime 1723326129.91682
File C:\Users\Fulgrim\AppData\Local\Programs\Python\Python312\Lib\asyncio\events.py first seen with mtime 1717714452.0
File C:\Users\Fulgrim\AppData\Local\Programs\Python\Python312\Lib\asyncio\proactor_events.py first seen with mtime 1717714452.0
File C:\Users\Fulgrim\AppData\Local\Programs\Python\Python312\Lib\datetime.py first seen with mtime 1717714452.0
File C:\Users\Fulgrim\.vscode\extensions\ms-python.debugpy-2024.12.0-win32-x64\bundled\libs\debugpy\_vendored\pydevd\_pydevd_bundle\pydevd_comm_constants.py first seen with mtime 1729949493.2769368
File C:\Users\Fulgrim\AppData\Local\Programs\Python\Python312\Lib\site-packages\django\db\models\query_utils.py first seen with mtime 1723326131.9695692
File C:\Users\Fulgrim\AppData\Local\Programs\Python\Python312\Lib\site-packages\sqlparse\engine\filter_stack.py first seen with mtime 1723326129.91682
File C:\Users\Fulgrim\AppData\Local\Programs\Python\Python312\Lib\site-packages\django\core\servers\__init__.py first seen with mtime 1723326131.9282298
File C:\Users\Fulgrim\AppData\Local\Programs\Python\Python312\Lib\asyncio\runners.py first seen with mtime 1717714452.0
File C:\Users\Fulgrim\AppData\Local\Programs\Python\Python312\Lib\site-packages\django\db\models\__init__.py first seen with mtime 1723326131.9595635
File C:\Users\Fulgrim\AppData\Local\Programs\Python\Python312\Lib\textwrap.py first seen with mtime 1717714452.0
File C:\Users\Fulgrim\AppData\Local\Programs\Python\Python312\Lib\re\_constants.py first seen with mtime 1717714452.0
File C:\Users\Fulgrim\.vscode\extensions\ms-python.debugpy-2024.12.0-win32-x64\bundled\libs\debugpy\_vendored\pydevd\_pydevd_bundle\_debug_adapter\__init__.py first seen with mtime 1729949493.799824
File C:\Users\Fulgrim\AppData\Local\Programs\Python\Python312\Lib\site-packages\django\core\mail\utils.py first seen with mtime 1723326131.8964987
File C:\Users\Fulgrim\AppData\Local\Programs\Python\Python312\Lib\asyncio\locks.py first seen with mtime 1717714452.0
File C:\Users\Fulgrim\AppData\Local\Programs\Python\Python312\Lib\site-packages\sqlparse\engine\grouping.py first seen with mtime 1723326129.91682
File C:\Users\Fulgrim\AppData\Local\Programs\Python\Python312\Lib\numbers.py first seen with mtime 1717714452.0
File C:\Users\Fulgrim\AppData\Local\Programs\Python\Python312\Lib\email\charset.py first seen with mtime 1717714452.0
File C:\Users\Fulgrim\AppData\Local\Programs\Python\Python312\Lib\asyncio\constants.py first seen with mtime 1717714452.0
File C:\Users\Fulgrim\AppData\Local\Programs\Python\Python312\Lib\asyncio\selector_events.py first seen with mtime 1717714452.0
File C:\Users\Fulgrim\AppData\Local\Programs\Python\Python312\Lib\site-packages\django\db\models\fields\related_descriptors.py first seen with mtime 1723326131.9755762
File C:\Users\Fulgrim\AppData\Local\Programs\Python\Python312\Lib\email\policy.py first seen with mtime 1717714452.0
File C:\Users\Fulgrim\AppData\Local\Programs\Python\Python312\Lib\reprlib.py first seen with mtime 1717714452.0
File C:\Users\Fulgrim\.vscode\extensions\ms-python.debugpy-2024.12.0-win32-x64\bundled\libs\debugpy\_vendored\pydevd\pydevd_plugins\jinja2_debug.py first seen with mtime 1729949493.4652512
File C:\Users\Fulgrim\AppData\Local\Programs\Python\Python312\Lib\site-packages\django\forms\formsets.py first seen with mtime 1723326131.9755762
File C:\Users\Fulgrim\AppData\Local\Programs\Python\Python312\Lib\asyncio\tasks.py first seen with mtime 1717714452.0
File C:\Users\Fulgrim\AppData\Local\Programs\Python\Python312\Lib\codeop.py first seen with mtime 1717714452.0
File C:\Users\Fulgrim\AppData\Local\Programs\Python\Python312\Lib\asyncio\windows_events.py first seen with mtime 1717714452.0
File C:\Users\Fulgrim\AppData\Local\Programs\Python\Python312\Lib\site-packages\django\core\cache\backends\base.py first seen with mtime 1723326131.880859
File C:\Users\Fulgrim\.vscode\extensions\ms-python.debugpy-2024.12.0-win32-x64\bundled\libs\debugpy\_vendored\pydevd\_pydev_bundle\pydev_console_utils.py first seen with mtime 1729949492.8223073
File C:\Users\Fulgrim\AppData\Local\Programs\Python\Python312\Lib\site-packages\django\views\generic\base.py first seen with mtime 1723326132.0711086
File C:\Users\Fulgrim\AppData\Local\Programs\Python\Python312\Lib\collections\__init__.py first seen with mtime 1717714452.0
File C:\Users\Fulgrim\AppData\Local\Programs\Python\Python312\Lib\site-packages\django\contrib\messages\storage\base.py first seen with mtime 1723326131.4927073
File C:\Users\Fulgrim\AppData\Local\Programs\Python\Python312\Lib\site-packages\django\template\backends\base.py first seen with mtime 1723326132.03898
File C:\Users\Fulgrim\AppData\Local\Programs\Python\Python312\Lib\logging\handlers.py first seen with mtime 1717714452.0
File C:\Users\Fulgrim\AppData\Local\Programs\Python\Python312\Lib\platform.py first seen with mtime 1717714452.0
File C:\Users\Fulgrim\AppData\Local\Programs\Python\Python312\Lib\site-packages\django\utils\crypto.py first seen with mtime 1723326132.0550916
File C:\Users\Fulgrim\AppData\Local\Programs\Python\Python312\Lib\site-packages\sqlparse\cli.py first seen with mtime 1723326129.910815
File C:\Users\Fulgrim\AppData\Local\Programs\Python\Python312\Lib\site-packages\django\core\checks\registry.py first seen with mtime 1723326131.880859
File C:\Users\Fulgrim\.vscode\extensions\ms-python.debugpy-2024.12.0-win32-x64\bundled\libs\debugpy\_vendored\pydevd\_pydevd_bundle\pydevd_net_command_factory_xml.py first seen with mtime 1729949493.063001
File C:\Users\Fulgrim\AppData\Local\Programs\Python\Python312\Lib\site-packages\django\core\serializers\python.py first seen with mtime 1723326131.9282298
File C:\Users\Fulgrim\AppData\Local\Programs\Python\Python312\Lib\site-packages\django\db\models\sql\constants.py first seen with mtime 1723326131.9755762
File C:\Users\Fulgrim\AppData\Local\Programs\Python\Python312\Lib\site-packages\django\urls\__init__.py first seen with mtime 1723326132.04899
File C:\Users\Fulgrim\AppData\Local\Programs\Python\Python312\Lib\site-packages\django\db\transaction.py first seen with mtime 1723326131.9282298
File C:\Users\Fulgrim\AppData\Local\Programs\Python\Python312\Lib\site-packages\django\forms\fields.py first seen with mtime 1723326131.9755762
File C:\Users\Fulgrim\AppData\Local\Programs\Python\Python312\Lib\site-packages\django\utils\tree.py first seen with mtime 1723326132.0711086
File C:\Users\Fulgrim\AppData\Local\Programs\Python\Python312\Lib\site-packages\django\db\models\query.py first seen with mtime 1723326131.9695692
File C:\Users\Fulgrim\AppData\Local\Programs\Python\Python312\Lib\http\__init__.py first seen with mtime 1717714452.0
File C:\Users\Fulgrim\.vscode\extensions\ms-python.debugpy-2024.12.0-win32-x64\bundled\libs\debugpy\_vendored\__init__.py first seen with mtime 1729949492.5966175
File C:\Users\Fulgrim\AppData\Local\Programs\Python\Python312\Lib\site-packages\django\contrib\admin\checks.py first seen with mtime 1723326130.4723978
File C:\Users\Fulgrim\AppData\Local\Programs\Python\Python312\Lib\site-packages\django\db\models\lookups.py first seen with mtime 1723326131.9595635
File C:\Users\Fulgrim\AppData\Local\Programs\Python\Python312\Lib\asyncio\base_events.py first seen with mtime 1717714452.0
File C:\Users\Fulgrim\AppData\Local\Programs\Python\Python312\Lib\site-packages\django\utils\numberformat.py first seen with mtime 1723326132.065099
File C:\Users\Fulgrim\AppData\Local\Programs\Python\Python312\Lib\site-packages\django\http\__init__.py first seen with mtime 1723326132.023344
File C:\Users\Fulgrim\AppData\Local\Programs\Python\Python312\Lib\site-packages\django\urls\resolvers.py first seen with mtime 1723326132.0550916
File C:\Users\Fulgrim\.vscode\extensions\ms-python.debugpy-2024.12.0-win32-x64\bundled\libs\debugpy\_vendored\pydevd\_pydev_bundle\__init__.py first seen with mtime 1729949492.7340631
File C:\Users\Fulgrim\.vscode\extensions\ms-python.debugpy-2024.12.0-win32-x64\bundled\libs\debugpy\_vendored\pydevd\_pydevd_bundle\pydevd_collect_bytecode_info.py first seen with mtime 1729949493.2942033
File C:\xampp\htdocs\AVITech\Prueba5\SGC\AppBack\apps.py first seen with mtime 1722984829.2325146
File C:\Users\Fulgrim\.vscode\extensions\ms-python.debugpy-2024.12.0-win32-x64\bundled\libs\debugpy\_vendored\pydevd\_pydevd_bundle\pydevd_net_command.py first seen with mtime 1729949493.078292
File C:\Users\Fulgrim\AppData\Local\Programs\Python\Python312\Lib\site-packages\django\contrib\auth\apps.py first seen with mtime 1723326130.8974733
File C:\Users\Fulgrim\AppData\Local\Programs\Python\Python312\Lib\site-packages\django\utils\log.py first seen with mtime 1723326132.065099
File C:\Users\Fulgrim\AppData\Local\Programs\Python\Python312\Lib\site-packages\django\core\handlers\__init__.py first seen with mtime 1723326131.8964987
File C:\Users\Fulgrim\AppData\Local\Programs\Python\Python312\Lib\functools.py first seen with mtime 1717714452.0
File C:\Users\Fulgrim\AppData\Local\Programs\Python\Python312\Lib\site-packages\django\middleware\csrf.py first seen with mtime 1723326132.023344
File C:\Users\Fulgrim\AppData\Local\Programs\Python\Python312\Lib\site-packages\django\core\mail\__init__.py first seen with mtime 1723326131.8964987
File C:\Users\Fulgrim\.vscode\extensions\ms-python.debugpy-2024.12.0-win32-x64\bundled\libs\debugpy\_vendored\pydevd\_pydevd_bundle\pydevd_dont_trace_files.py first seen with mtime 1729949493.1460335
File C:\Users\Fulgrim\AppData\Local\Programs\Python\Python312\Lib\concurrent\futures\_base.py first seen with mtime 1717714452.0
File C:\Users\Fulgrim\.vscode\extensions\ms-python.debugpy-2024.12.0-win32-x64\bundled\libs\debugpy\_vendored\pydevd\_pydev_bundle\_pydev_saved_modules.py first seen with mtime 1729949492.7526262
File C:\Users\Fulgrim\AppData\Local\Programs\Python\Python312\Lib\re\_casefix.py first seen with mtime 1717714452.0
File C:\Users\Fulgrim\AppData\Local\Programs\Python\Python312\Lib\site-packages\django\template\loaders\__init__.py first seen with mtime 1723326132.03898
File C:\Users\Fulgrim\AppData\Local\Programs\Python\Python312\Lib\site-packages\django\templatetags\__init__.py first seen with mtime 1723326132.03898
File C:\Users\Fulgrim\AppData\Local\Programs\Python\Python312\Lib\site-packages\sqlparse\engine\__init__.py first seen with mtime 1723326129.91682
File C:\Users\Fulgrim\AppData\Local\Programs\Python\Python312\Lib\site-packages\django\views\decorators\csrf.py first seen with mtime 1723326132.0711086
File C:\Users\Fulgrim\AppData\Local\Programs\Python\Python312\Lib\hashlib.py first seen with mtime 1717714452.0
File C:\Users\Fulgrim\AppData\Local\Programs\Python\Python312\Lib\site-packages\asgiref\local.py first seen with mtime 1723326130.1641204
File C:\Users\Fulgrim\AppData\Local\Programs\Python\Python312\Lib\asyncio\__init__.py first seen with mtime 1717714452.0
File C:\Users\Fulgrim\AppData\Local\Programs\Python\Python312\Lib\site-packages\django\contrib\admin\sites.py first seen with mtime 1723326130.4784036
File C:\Users\Fulgrim\AppData\Local\Programs\Python\Python312\Lib\site-packages\django\utils\hashable.py first seen with mtime 1723326132.065099
File C:\Users\Fulgrim\AppData\Local\Programs\Python\Python312\Lib\site-packages\django\db\migrations\operations\special.py first seen with mtime 1723326131.9595635
File C:\Users\Fulgrim\AppData\Local\Programs\Python\Python312\Lib\site-packages\django\core\handlers\exception.py first seen with mtime 1723326131.8964987
File C:\Users\Fulgrim\AppData\Local\Programs\Python\Python312\DLLs\_zoneinfo.pyd first seen with mtime 1717714502.0
File C:\Users\Fulgrim\AppData\Local\Programs\Python\Python312\Lib\site-packages\django\template\backends\django.py first seen with mtime 1723326132.03898
File C:\Users\Fulgrim\AppData\Local\Programs\Python\Python312\Lib\site-packages\django\contrib\messages\constants.py first seen with mtime 1723326131.4927073
File C:\Users\Fulgrim\AppData\Local\Programs\Python\Python312\Lib\email\generator.py first seen with mtime 1717714452.0
File C:\Users\Fulgrim\AppData\Local\Programs\Python\Python312\Lib\zoneinfo\__init__.py first seen with mtime 1717714452.0
File C:\Users\Fulgrim\AppData\Local\Programs\Python\Python312\Lib\site-packages\django\core\management\commands\__init__.py first seen with mtime 1723326131.912207
File C:\Users\Fulgrim\AppData\Local\Programs\Python\Python312\Lib\site-packages\django\template\response.py first seen with mtime 1723326132.03898
File C:\Users\Fulgrim\AppData\Local\Programs\Python\Python312\Lib\site-packages\django\contrib\__init__.py first seen with mtime 1723326130.4723978
File C:\Users\Fulgrim\AppData\Local\Programs\Python\Python312\Lib\site-packages\django\contrib\staticfiles\__init__.py first seen with mtime 1723326131.8748426
File C:\Users\Fulgrim\.vscode\extensions\ms-python.debugpy-2024.12.0-win32-x64\bundled\libs\debugpy\_vendored\pydevd\_pydevd_bundle\pydevd_resolver.py first seen with mtime 1729949493.021629
File C:\Users\Fulgrim\AppData\Local\Programs\Python\Python312\Lib\email\_parseaddr.py first seen with mtime 1717714452.0
File C:\Users\Fulgrim\AppData\Local\Programs\Python\Python312\Lib\email\message.py first seen with mtime 1717714452.0
File C:\Users\Fulgrim\.vscode\extensions\ms-python.debugpy-2024.12.0-win32-x64\bundled\libs\debugpy\_vendored\pydevd\_pydevd_bundle\pydevd_reload.py first seen with mtime 1729949493.0248623
File C:\Users\Fulgrim\AppData\Local\Programs\Python\Python312\Lib\site-packages\django\views\i18n.py first seen with mtime 1723326132.0711086
File C:\Users\Fulgrim\AppData\Local\Programs\Python\Python312\Lib\logging\__init__.py first seen with mtime 1717714452.0
File C:\Users\Fulgrim\.vscode\extensions\ms-python.debugpy-2024.12.0-win32-x64\bundled\libs\debugpy\_vendored\pydevd\_pydevd_frame_eval\vendored\bytecode\__init__.py first seen with mtime 1729949493.9908874
File C:\Users\Fulgrim\AppData\Local\Programs\Python\Python312\Lib\site-packages\django\core\files\storage\base.py first seen with mtime 1723326131.8964987
File C:\Users\Fulgrim\AppData\Local\Programs\Python\Python312\Lib\xml\__init__.py first seen with mtime 1717714452.0
File C:\Users\Fulgrim\.vscode\extensions\ms-python.debugpy-2024.12.0-win32-x64\bundled\libs\debugpy\_vendored\_util.py first seen with mtime 1729949492.598315
File C:\Users\Fulgrim\AppData\Local\Programs\Python\Python312\Lib\importlib\__init__.py first seen with mtime 1717714452.0
File C:\Users\Fulgrim\AppData\Local\Programs\Python\Python312\Lib\_markupbase.py first seen with mtime 1717714452.0
File C:\Users\Fulgrim\.vscode\extensions\ms-python.debugpy-2024.12.0-win32-x64\bundled\libs\debugpy\_vendored\pydevd\_pydev_runfiles\__init__.py first seen with mtime 1729949492.7040522
File C:\Users\Fulgrim\AppData\Local\Programs\Python\Python312\Lib\site-packages\django\templatetags\tz.py first seen with mtime 1723326132.03898
File C:\Users\Fulgrim\AppData\Local\Programs\Python\Python312\Lib\site-packages\django\core\checks\files.py first seen with mtime 1723326131.880859
File C:\Users\Fulgrim\AppData\Local\Programs\Python\Python312\Lib\site-packages\django\urls\exceptions.py first seen with mtime 1723326132.0550916
File C:\Users\Fulgrim\AppData\Local\Programs\Python\Python312\Lib\ipaddress.py first seen with mtime 1717714452.0
File C:\Users\Fulgrim\.vscode\extensions\ms-python.debugpy-2024.12.0-win32-x64\bundled\libs\debugpy\_vendored\pydevd\_pydevd_sys_monitoring\pydevd_sys_monitoring.py first seen with mtime 1729949492.868869
File C:\Users\Fulgrim\.vscode\extensions\ms-python.debugpy-2024.12.0-win32-x64\bundled\libs\debugpy\_vendored\pydevd\pydev_ipython\__init__.py first seen with mtime 1729949493.3341117
File C:\Users\Fulgrim\AppData\Local\Programs\Python\Python312\Lib\site-packages\django\db\backends\utils.py first seen with mtime 1723326131.9282298
File C:\Users\Fulgrim\AppData\Local\Programs\Python\Python312\Lib\http\cookies.py first seen with mtime 1717714452.0
File C:\Users\Fulgrim\.vscode\extensions\ms-python.debugpy-2024.12.0-win32-x64\bundled\libs\debugpy\_vendored\pydevd\_pydevd_bundle\pydevd_extension_api.py first seen with mtime 1729949493.138453
File C:\Users\Fulgrim\AppData\Local\Programs\Python\Python312\Lib\site-packages\sqlparse\keywords.py first seen with mtime 1723326129.91682
File C:\Users\Fulgrim\.vscode\extensions\ms-python.debugpy-2024.12.0-win32-x64\bundled\libs\debugpy\_vendored\pydevd\pydev_ipython\inputhook.py first seen with mtime 1729949493.4560575
File C:\Users\Fulgrim\AppData\Local\Programs\Python\Python312\Lib\ntpath.py first seen with mtime 1717714452.0
File C:\Users\Fulgrim\AppData\Local\Programs\Python\Python312\Lib\posixpath.py first seen with mtime 1717714452.0
File C:\Users\Fulgrim\AppData\Local\Programs\Python\Python312\Lib\site-packages\django\views\generic\__init__.py first seen with mtime 1723326132.0711086
File C:\Users\Fulgrim\AppData\Local\Programs\Python\Python312\Lib\queue.py first seen with mtime 1717714452.0
File C:\Users\Fulgrim\AppData\Local\Programs\Python\Python312\Lib\site-packages\django\utils\termcolors.py first seen with mtime 1723326132.065099
File C:\Users\Fulgrim\AppData\Local\Programs\Python\Python312\Lib\site-packages\django\utils\deconstruct.py first seen with mtime 1723326132.0550916
File C:\Users\Fulgrim\AppData\Local\Programs\Python\Python312\Lib\pickle.py first seen with mtime 1717714452.0
File C:\Users\Fulgrim\AppData\Local\Programs\Python\Python312\Lib\decimal.py first seen with mtime 1717714452.0
File C:\Users\Fulgrim\AppData\Local\Programs\Python\Python312\Lib\site-packages\django\template\loaders\cached.py first seen with mtime 1723326132.03898
File C:\Users\Fulgrim\AppData\Local\Programs\Python\Python312\Lib\xmlrpc\server.py first seen with mtime 1717714452.0
File C:\Users\Fulgrim\.vscode\extensions\ms-python.debugpy-2024.12.0-win32-x64\bundled\libs\debugpy\_vendored\pydevd\_pydevd_frame_eval\pydevd_frame_eval_main.py first seen with mtime 1729949492.8865564
File C:\Users\Fulgrim\AppData\Local\Programs\Python\Python312\Lib\site-packages\sqlparse\utils.py first seen with mtime 1723326129.91682
File C:\Users\Fulgrim\AppData\Local\Programs\Python\Python312\Lib\traceback.py first seen with mtime 1717714452.0
File C:\Users\Fulgrim\AppData\Local\Programs\Python\Python312\Lib\site-packages\django\core\checks\caches.py first seen with mtime 1723326131.880859
File C:\Users\Fulgrim\AppData\Local\Programs\Python\Python312\Lib\email\base64mime.py first seen with mtime 1717714452.0
File C:\Users\Fulgrim\AppData\Local\Programs\Python\Python312\Lib\site-packages\django\utils\lorem_ipsum.py first seen with mtime 1723326132.065099
File C:\Users\Fulgrim\AppData\Local\Programs\Python\Python312\Lib\site-packages\django\utils\version.py first seen with mtime 1723326132.0711086
File C:\Users\Fulgrim\.vscode\extensions\ms-python.debugpy-2024.12.0-win32-x64\bundled\libs\debugpy\_vendored\pydevd\_pydevd_bundle\pydevd_additional_thread_info_regular.py first seen with mtime 1729949493.319837
File C:\Users\Fulgrim\AppData\Local\Programs\Python\Python312\Lib\email\encoders.py first seen with mtime 1717714452.0
File C:\Users\Fulgrim\AppData\Local\Programs\Python\Python312\Lib\site-packages\django\utils\dateparse.py first seen with mtime 1723326132.0550916
File C:\Users\Fulgrim\AppData\Local\Programs\Python\Python312\DLLs\_ctypes.pyd first seen with mtime 1717714502.0
File C:\Users\Fulgrim\AppData\Local\Programs\Python\Python312\Lib\site-packages\django\contrib\sites\apps.py first seen with mtime 1723326131.7706008
File C:\Users\Fulgrim\AppData\Local\Programs\Python\Python312\Lib\site-packages\django\core\files\storage\__init__.py first seen with mtime 1723326131.8964987
File C:\Users\Fulgrim\.vscode\extensions\ms-python.debugpy-2024.12.0-win32-x64\bundled\libs\debugpy\_vendored\pydevd\_pydevd_frame_eval\vendored\__init__.py first seen with mtime 1729949493.763336
File C:\Users\Fulgrim\AppData\Local\Programs\Python\Python312\DLLs\_hashlib.pyd first seen with mtime 1717714502.0
File C:\Users\Fulgrim\AppData\Local\Programs\Python\Python312\Lib\asyncio\mixins.py first seen with mtime 1717714452.0
File C:\Users\Fulgrim\AppData\Local\Programs\Python\Python312\Lib\asyncio\threads.py first seen with mtime 1717714452.0
File C:\Users\Fulgrim\AppData\Local\Programs\Python\Python312\Lib\_compression.py first seen with mtime 1717714452.0
File C:\Users\Fulgrim\AppData\Local\Programs\Python\Python312\Lib\site-packages\django\contrib\admin\helpers.py first seen with mtime 1723326130.4723978
File C:\Users\Fulgrim\AppData\Local\Programs\Python\Python312\Lib\site-packages\django\contrib\auth\checks.py first seen with mtime 1723326130.8974733
File C:\Users\Fulgrim\AppData\Local\Programs\Python\Python312\Lib\site-packages\django\utils\choices.py first seen with mtime 1723326132.0550916
File C:\Users\Fulgrim\.vscode\extensions\ms-python.debugpy-2024.12.0-win32-x64\bundled\libs\debugpy\_vendored\pydevd\_pydevd_bundle\pydevd_json_debug_options.py first seen with mtime 1729949493.0969841
File C:\Users\Fulgrim\AppData\Local\Programs\Python\Python312\Lib\wsgiref\headers.py first seen with mtime 1717714452.0
File C:\Users\Fulgrim\AppData\Local\Programs\Python\Python312\Lib\asyncio\base_subprocess.py first seen with mtime 1717714452.0
File C:\Users\Fulgrim\AppData\Local\Programs\Python\Python312\Lib\site-packages\django\template\backends\__init__.py first seen with mtime 1723326132.03898
File C:\Users\Fulgrim\AppData\Local\Programs\Python\Python312\Lib\ast.py first seen with mtime 1717714452.0
File C:\Users\Fulgrim\AppData\Local\Programs\Python\Python312\Lib\wsgiref\handlers.py first seen with mtime 1717714452.0
File C:\Users\Fulgrim\AppData\Local\Programs\Python\Python312\DLLs\_decimal.pyd first seen with mtime 1717714502.0
File C:\Users\Fulgrim\.vscode\extensions\ms-python.debugpy-2024.12.0-win32-x64\bundled\libs\debugpy\_vendored\pydevd\_pydevd_bundle\pydevd_utils.py first seen with mtime 1729949492.9517343
File C:\Users\Fulgrim\AppData\Local\Programs\Python\Python312\Lib\site-packages\asgiref\sync.py first seen with mtime 1723326130.1641204
File C:\Users\Fulgrim\.vscode\extensions\ms-python.debugpy-2024.12.0-win32-x64\bundled\libs\debugpy\_vendored\pydevd\_pydevd_frame_eval\vendored\bytecode\cfg.py first seen with mtime 1729949494.008777
File C:\Users\Fulgrim\AppData\Local\Programs\Python\Python312\Lib\signal.py first seen with mtime 1717714452.0
File C:\Users\Fulgrim\AppData\Local\Programs\Python\Python312\Lib\asyncio\futures.py first seen with mtime 1717714452.0
File C:\Users\Fulgrim\AppData\Local\Programs\Python\Python312\Lib\site-packages\django\urls\utils.py first seen with mtime 1723326132.0550916
File C:\Users\Fulgrim\AppData\Local\Programs\Python\Python312\Lib\email\parser.py first seen with mtime 1717714452.0
File C:\Users\Fulgrim\AppData\Local\Programs\Python\Python312\DLLs\_uuid.pyd first seen with mtime 1717714502.0
File C:\Users\Fulgrim\AppData\Local\Programs\Python\Python312\Lib\pathlib.py first seen with mtime 1717714452.0
File C:\Users\Fulgrim\AppData\Local\Programs\Python\Python312\Lib\asyncio\queues.py first seen with mtime 1717714452.0
File C:\Users\Fulgrim\.vscode\extensions\ms-python.debugpy-2024.12.0-win32-x64\bundled\libs\debugpy\_vendored\pydevd\pydevd_tracing.py first seen with mtime 1729949492.6930447
File C:\Users\Fulgrim\AppData\Local\Programs\Python\Python312\Lib\site-packages\django\contrib\contenttypes\management\__init__.py first seen with mtime 1723326131.115759
File C:\Users\Fulgrim\AppData\Local\Programs\Python\Python312\Lib\site-packages\django\template\exceptions.py first seen with mtime 1723326132.023344
File C:\Users\Fulgrim\AppData\Local\Programs\Python\Python312\Lib\site-packages\django\templatetags\cache.py first seen with mtime 1723326132.03898
File C:\Users\Fulgrim\AppData\Local\Programs\Python\Python312\Lib\site-packages\django\http\request.py first seen with mtime 1723326132.023344
File C:\Users\Fulgrim\AppData\Local\Programs\Python\Python312\Lib\site-packages\django\contrib\sessions\apps.py first seen with mtime 1723326131.6746955
File C:\Users\Fulgrim\AppData\Local\Programs\Python\Python312\Lib\site-packages\django\db\migrations\state.py first seen with mtime 1723326131.9595635
File C:\Users\Fulgrim\AppData\Local\Programs\Python\Python312\Lib\site-packages\django\db\models\fields\related_lookups.py first seen with mtime 1723326131.9755762
File C:\Users\Fulgrim\AppData\Local\Programs\Python\Python312\Lib\site-packages\django\core\checks\compatibility\__init__.py first seen with mtime 1723326131.8964987
File C:\Users\Fulgrim\AppData\Local\Programs\Python\Python312\Lib\site-packages\django\template\library.py first seen with mtime 1723326132.023344
File C:\Users\Fulgrim\AppData\Local\Programs\Python\Python312\Lib\graphlib.py first seen with mtime 1717714452.0
File C:\Users\Fulgrim\AppData\Local\Programs\Python\Python312\Lib\abc.py first seen with mtime 1717714452.0
File C:\Users\Fulgrim\AppData\Local\Programs\Python\Python312\Lib\copy.py first seen with mtime 1717714452.0
File C:\Users\Fulgrim\.vscode\extensions\ms-python.debugpy-2024.12.0-win32-x64\bundled\libs\debugpy\_vendored\pydevd\_pydev_bundle\pydev_override.py first seen with mtime 1729949492.792115
File C:\Users\Fulgrim\AppData\Local\Programs\Python\Python312\Lib\site-packages\django\contrib\admin\options.py first seen with mtime 1723326130.4723978
File C:\Users\Fulgrim\AppData\Local\Programs\Python\Python312\Lib\site-packages\django\core\checks\templates.py first seen with mtime 1723326131.8964987
File C:\Users\Fulgrim\AppData\Local\Programs\Python\Python312\Lib\wsgiref\__init__.py first seen with mtime 1717714452.0
File C:\Users\Fulgrim\AppData\Local\Programs\Python\Python312\Lib\_weakrefset.py first seen with mtime 1717714452.0
File C:\Users\Fulgrim\AppData\Local\Programs\Python\Python312\Lib\site-packages\django\template\loader_tags.py first seen with mtime 1723326132.023344
File C:\Users\Fulgrim\AppData\Local\Programs\Python\Python312\Lib\ctypes\wintypes.py first seen with mtime 1717714452.0
File C:\Users\Fulgrim\.vscode\extensions\ms-python.debugpy-2024.12.0-win32-x64\bundled\libs\debugpy\_vendored\pydevd\_pydev_bundle\_pydev_imports_tipper.py first seen with mtime 1729949492.7639906
File C:\Users\Fulgrim\AppData\Local\Programs\Python\Python312\Lib\site-packages\django\template\loaders\base.py first seen with mtime 1723326132.03898
File C:\Users\Fulgrim\AppData\Local\Programs\Python\Python312\Lib\re\_compiler.py first seen with mtime 1717714452.0
File C:\Users\Fulgrim\AppData\Local\Programs\Python\Python312\Lib\site-packages\django\forms\forms.py first seen with mtime 1723326131.9755762
File C:\Users\Fulgrim\AppData\Local\Programs\Python\Python312\Lib\site-packages\django\template\utils.py first seen with mtime 1723326132.03898
File C:\Users\Fulgrim\AppData\Local\Programs\Python\Python312\Lib\quopri.py first seen with mtime 1717714452.0
File C:\Users\Fulgrim\.vscode\extensions\ms-python.debugpy-2024.12.0-win32-x64\bundled\libs\debugpy\_vendored\pydevd\_pydevd_bundle\pydevd_traceproperty.py first seen with mtime 1729949492.9703639
File C:\Users\Fulgrim\AppData\Local\Programs\Python\Python312\Lib\site-packages\django\contrib\admin\actions.py first seen with mtime 1723326130.4723978
File C:\Users\Fulgrim\.vscode\extensions\ms-python.debugpy-2024.12.0-win32-x64\bundled\libs\debugpy\_vendored\pydevd\_pydevd_bundle\pydevd_cython_wrapper.py first seen with mtime 1729949493.1627457
File C:\Users\Fulgrim\AppData\Local\Programs\Python\Python312\Lib\io.py first seen with mtime 1717714452.0
File C:\Users\Fulgrim\AppData\Local\Programs\Python\Python312\Lib\site-packages\django\core\cache\backends\filebased.py first seen with mtime 1723326131.880859
File C:\Users\Fulgrim\AppData\Local\Programs\Python\Python312\Lib\site-packages\django\forms\utils.py first seen with mtime 1723326131.9755762
File C:\Users\Fulgrim\.vscode\extensions\ms-python.debugpy-2024.12.0-win32-x64\bundled\libs\debugpy\_vendored\pydevd\_pydevd_bundle\pydevd_filtering.py first seen with mtime 1729949493.1305788
File C:\Users\Fulgrim\.vscode\extensions\ms-python.debugpy-2024.12.0-win32-x64\bundled\libs\debugpy\_vendored\pydevd\_pydevd_bundle\pydevd_cython.cp312-win_amd64.pyd first seen with mtime 1729949493.19928
File C:\Users\Fulgrim\AppData\Local\Programs\Python\Python312\Lib\site-packages\django\db\models\fields\generated.py first seen with mtime 1723326131.9695692
File C:\Users\Fulgrim\AppData\Local\Programs\Python\Python312\Lib\site-packages\django\core\checks\security\__init__.py first seen with mtime 1723326131.8964987
File C:\Users\Fulgrim\AppData\Local\Programs\Python\Python312\Lib\selectors.py first seen with mtime 1717714452.0
File C:\Users\Fulgrim\AppData\Local\Programs\Python\Python312\Lib\site-packages\django\core\exceptions.py first seen with mtime 1723326131.880859
File C:\Users\Fulgrim\AppData\Local\Programs\Python\Python312\Lib\site-packages\sqlparse\sql.py first seen with mtime 1723326129.91682
File C:\Users\Fulgrim\AppData\Local\Programs\Python\Python312\Lib\asyncio\base_tasks.py first seen with mtime 1717714452.0
File C:\Users\Fulgrim\AppData\Local\Programs\Python\Python312\Lib\site-packages\django\db\models\fields\json.py first seen with mtime 1723326131.9695692
File C:\Users\Fulgrim\AppData\Local\Programs\Python\Python312\Lib\socket.py first seen with mtime 1717714452.0
File C:\xampp\htdocs\AVITech\Prueba5\SGC\SGC\__init__.py first seen with mtime 1722984829.239309
File C:\Users\Fulgrim\AppData\Local\Programs\Python\Python312\Lib\site-packages\django\forms\renderers.py first seen with mtime 1723326131.9755762
File C:\Users\Fulgrim\AppData\Local\Programs\Python\Python312\Lib\concurrent\__init__.py first seen with mtime 1717714452.0
File C:\Users\Fulgrim\.vscode\extensions\ms-python.debugpy-2024.12.0-win32-x64\bundled\libs\debugpy\_vendored\pydevd\_pydevd_frame_eval\vendored\bytecode\concrete.py first seen with mtime 1729949494.0048187
File C:\Users\Fulgrim\AppData\Local\Programs\Python\Python312\Lib\site-packages\django\core\signing.py first seen with mtime 1723326131.880859
File C:\Users\Fulgrim\AppData\Local\Programs\Python\Python312\Lib\site-packages\django\core\management\color.py first seen with mtime 1723326131.912207
File C:\Users\Fulgrim\AppData\Local\Programs\Python\Python312\Lib\site-packages\django\db\models\fields\proxy.py first seen with mtime 1723326131.9695692
File C:\Users\Fulgrim\.vscode\extensions\ms-python.debugpy-2024.12.0-win32-x64\bundled\libs\debugpy\_vendored\pydevd\_pydevd_bundle\pydevd_net_command_factory_json.py first seen with mtime 1729949493.069278
File C:\Users\Fulgrim\AppData\Local\Programs\Python\Python312\Lib\site-packages\django\core\serializers\__init__.py first seen with mtime 1723326131.9222176
File C:\Users\Fulgrim\.vscode\extensions\ms-python.debugpy-2024.12.0-win32-x64\bundled\libs\debugpy\_vendored\pydevd\_pydevd_bundle\pydevd_custom_frames.py first seen with mtime 1729949493.2707877
File C:\Users\Fulgrim\AppData\Local\Programs\Python\Python312\Lib\asyncio\trsock.py first seen with mtime 1717714452.0
File C:\Users\Fulgrim\AppData\Local\Programs\Python\Python312\Lib\warnings.py first seen with mtime 1717714452.0
File C:\Users\Fulgrim\AppData\Local\Programs\Python\Python312\Lib\site.py first seen with mtime 1717714452.0
File C:\Users\Fulgrim\AppData\Local\Programs\Python\Python312\Lib\shutil.py first seen with mtime 1717714452.0
File C:\Users\Fulgrim\.vscode\extensions\ms-python.debugpy-2024.12.0-win32-x64\bundled\libs\debugpy\_vendored\pydevd\pydevd_plugins\extensions\types\pydevd_plugins_django_form_str.py first seen with mtime 1729949494.020405
File C:\Users\Fulgrim\AppData\Local\Programs\Python\Python312\Lib\site-packages\rest_framework\authtoken\apps.py first seen with mtime 1723326139.5708861
File C:\Users\Fulgrim\AppData\Local\Programs\Python\Python312\Lib\enum.py first seen with mtime 1717714452.0
File C:\Users\Fulgrim\AppData\Local\Programs\Python\Python312\Lib\http\client.py first seen with mtime 1717714452.0
File C:\Users\Fulgrim\AppData\Local\Programs\Python\Python312\Lib\keyword.py first seen with mtime 1717714452.0
File C:\Users\Fulgrim\AppData\Local\Programs\Python\Python312\Lib\site-packages\sqlparse\filters\aligned_indent.py first seen with mtime 1723326129.91682
File C:\Users\Fulgrim\AppData\Local\Programs\Python\Python312\Lib\site-packages\django\db\models\constants.py first seen with mtime 1723326131.9595635
File C:\Users\Fulgrim\AppData\Local\Programs\Python\Python312\Lib\site-packages\rest_framework\__init__.py first seen with mtime 1723326139.538869
File C:\Users\Fulgrim\AppData\Local\Programs\Python\Python312\Lib\stat.py first seen with mtime 1717714452.0
File C:\Users\Fulgrim\AppData\Local\Programs\Python\Python312\Lib\site-packages\django\db\models\sql\datastructures.py first seen with mtime 1723326131.9755762
File C:\Users\Fulgrim\AppData\Local\Programs\Python\Python312\Lib\site-packages\django\conf\__init__.py first seen with mtime 1723326130.289361
File C:\Users\Fulgrim\AppData\Local\Programs\Python\Python312\Lib\site-packages\django\core\validators.py first seen with mtime 1723326131.880859
File C:\Users\Fulgrim\AppData\Local\Programs\Python\Python312\Lib\site-packages\django\core\checks\compatibility\django_4_0.py first seen with mtime 1723326131.8964987
File C:\Users\Fulgrim\AppData\Local\Programs\Python\Python312\Lib\site-packages\django\template\loaders\filesystem.py first seen with mtime 1723326132.03898
File C:\Users\Fulgrim\AppData\Local\Programs\Python\Python312\Lib\site-packages\django\core\servers\basehttp.py first seen with mtime 1723326131.9282298
File C:\Users\Fulgrim\.vscode\extensions\ms-python.debugpy-2024.12.0-win32-x64\bundled\libs\debugpy\_vendored\pydevd\_pydevd_bundle\pydevd_save_locals.py first seen with mtime 1729949493.00831
File C:\Users\Fulgrim\AppData\Local\Programs\Python\Python312\Lib\code.py first seen with mtime 1717714452.0
File C:\Users\Fulgrim\.vscode\extensions\ms-python.debugpy-2024.12.0-win32-x64\bundled\libs\debugpy\_vendored\force_pydevd.py first seen with mtime 1729949492.6046944
File C:\Users\Fulgrim\AppData\Local\Programs\Python\Python312\Lib\site-packages\django\views\generic\dates.py first seen with mtime 1723326132.0711086
File C:\Users\Fulgrim\AppData\Local\Programs\Python\Python312\DLLs\pyexpat.pyd first seen with mtime 1717714502.0
File C:\Users\Fulgrim\AppData\Local\Programs\Python\Python312\Lib\gzip.py first seen with mtime 1717714452.0
File C:\Users\Fulgrim\.vscode\extensions\ms-python.debugpy-2024.12.0-win32-x64\bundled\libs\debugpy\_vendored\pydevd\pydevd_plugins\extensions\types\pydevd_plugin_numpy_types.py first seen with mtime 1729949494.017903
File C:\Users\Fulgrim\AppData\Local\Programs\Python\Python312\Lib\site-packages\django\core\cache\backends\__init__.py first seen with mtime 1723326131.880859
File C:\Users\Fulgrim\AppData\Local\Programs\Python\Python312\Lib\site-packages\django\contrib\admin\filters.py first seen with mtime 1723326130.4723978
File C:\Users\Fulgrim\AppData\Local\Programs\Python\Python312\Lib\site-packages\django\template\loader.py first seen with mtime 1723326132.023344
File C:\Users\Fulgrim\AppData\Local\Programs\Python\Python312\Lib\subprocess.py first seen with mtime 1717714452.0
File C:\Users\Fulgrim\AppData\Local\Programs\Python\Python312\Lib\site-packages\django\db\models\fields\__init__.py first seen with mtime 1723326131.9695692
File C:\Users\Fulgrim\.vscode\extensions\ms-python.debugpy-2024.12.0-win32-x64\bundled\libs\debugpy\_vendored\pydevd\_pydevd_bundle\pydevd_concurrency_analyser\pydevd_thread_wrappers.py first seen with mtime 1729949493.8340857
File C:\Users\Fulgrim\AppData\Local\Programs\Python\Python312\Lib\site-packages\django\urls\base.py first seen with mtime 1723326132.04899
File C:\Users\Fulgrim\AppData\Local\Programs\Python\Python312\Lib\site-packages\django\db\migrations\operations\models.py first seen with mtime 1723326131.9595635
File C:\Users\Fulgrim\.vscode\extensions\ms-python.debugpy-2024.12.0-win32-x64\bundled\libs\debugpy\_vendored\pydevd\pydevd_plugins\extensions\types\__init__.py first seen with mtime 1729949494.0127976
File C:\Users\Fulgrim\AppData\Local\Programs\Python\Python312\DLLs\_lzma.pyd first seen with mtime 1717714502.0
File C:\Users\Fulgrim\AppData\Local\Programs\Python\Python312\Lib\site-packages\django\template\defaultfilters.py first seen with mtime 1723326132.023344
File C:\Users\Fulgrim\AppData\Local\Programs\Python\Python312\Lib\site-packages\django\utils\decorators.py first seen with mtime 1723326132.0550916
File C:\Users\Fulgrim\.vscode\extensions\ms-python.debugpy-2024.12.0-win32-x64\bundled\libs\debugpy\_vendored\pydevd\pydevconsole.py first seen with mtime 1729949492.7009056
File C:\Users\Fulgrim\AppData\Local\Programs\Python\Python312\Lib\email\mime\multipart.py first seen with mtime 1717714452.0
File C:\Users\Fulgrim\AppData\Local\Programs\Python\Python312\Lib\encodings\__init__.py first seen with mtime 1717714452.0
File C:\Users\Fulgrim\AppData\Local\Programs\Python\Python312\Lib\email\mime\__init__.py first seen with mtime 1717714452.0
File C:\Users\Fulgrim\AppData\Local\Programs\Python\Python312\Lib\genericpath.py first seen with mtime 1717714452.0
File C:\Users\Fulgrim\AppData\Local\Programs\Python\Python312\Lib\site-packages\django\template\context.py first seen with mtime 1723326132.023344
File C:\Users\Fulgrim\AppData\Local\Programs\Python\Python312\Lib\site-packages\django\contrib\admin\__init__.py first seen with mtime 1723326130.4723978
File C:\Users\Fulgrim\.vscode\extensions\ms-python.debugpy-2024.12.0-win32-x64\bundled\libs\debugpy\_vendored\pydevd\_pydev_bundle\_pydev_execfile.py first seen with mtime 1729949492.7746072
File C:\Users\Fulgrim\AppData\Local\Programs\Python\Python312\Lib\site-packages\django\urls\converters.py first seen with mtime 1723326132.04899
File C:\Users\Fulgrim\.vscode\extensions\ms-python.debugpy-2024.12.0-win32-x64\bundled\libs\debugpy\_vendored\pydevd\_pydev_bundle\pydev_monkey.py first seen with mtime 1729949492.7969563
File C:\Users\Fulgrim\.vscode\extensions\ms-python.debugpy-2024.12.0-win32-x64\bundled\libs\debugpy\_vendored\pydevd\pydevd_plugins\pydevd_line_validation.py first seen with mtime 1729949493.4621263
File C:\Users\Fulgrim\AppData\Local\Programs\Python\Python312\Lib\site-packages\django\views\decorators\common.py first seen with mtime 1723326132.0711086
File C:\Users\Fulgrim\AppData\Local\Programs\Python\Python312\Lib\ctypes\__init__.py first seen with mtime 1717714452.0
File C:\Users\Fulgrim\.vscode\extensions\ms-python.debugpy-2024.12.0-win32-x64\bundled\libs\debugpy\_vendored\pydevd\_pydev_bundle\_pydev_tipper_common.py first seen with mtime 1729949492.7372158
File C:\Users\Fulgrim\.vscode\extensions\ms-python.debugpy-2024.12.0-win32-x64\bundled\libs\debugpy\_vendored\pydevd\_pydevd_bundle\pydevd_additional_thread_info.py first seen with mtime 1729949493.324439
File C:\Users\Fulgrim\AppData\Local\Programs\Python\Python312\Lib\site-packages\django\core\handlers\wsgi.py first seen with mtime 1723326131.8964987
File C:\Users\Fulgrim\AppData\Local\Programs\Python\Python312\Lib\site-packages\django\contrib\auth\signals.py first seen with mtime 1723326130.9131744
File C:\Users\Fulgrim\AppData\Local\Programs\Python\Python312\Lib\site-packages\django\utils\autoreload.py first seen with mtime 1723326132.0550916
File C:\Users\Fulgrim\AppData\Local\Programs\Python\Python312\Lib\xml\parsers\expat.py first seen with mtime 1717714452.0
File C:\Users\Fulgrim\AppData\Local\Programs\Python\Python312\Lib\weakref.py first seen with mtime 1717714452.0
File C:\Users\Fulgrim\AppData\Local\Programs\Python\Python312\Lib\contextvars.py first seen with mtime 1717714452.0
File C:\Users\Fulgrim\AppData\Local\Programs\Python\Python312\Lib\http\server.py first seen with mtime 1717714452.0
File C:\Users\Fulgrim\.vscode\extensions\ms-python.debugpy-2024.12.0-win32-x64\bundled\libs\debugpy\_vendored\pydevd\pydevd_file_utils.py first seen with mtime 1729949492.6945224
File C:\Users\Fulgrim\AppData\Local\Programs\Python\Python312\Lib\site-packages\django\db\models\functions\math.py first seen with mtime 1723326131.9755762
File C:\Users\Fulgrim\AppData\Local\Programs\Python\Python312\Lib\site-packages\django\contrib\sessions\__init__.py first seen with mtime 1723326131.6746955
File C:\Users\Fulgrim\AppData\Local\Programs\Python\Python312\Lib\site-packages\sqlparse\filters\others.py first seen with mtime 1723326129.91682
File C:\Users\Fulgrim\AppData\Local\Programs\Python\Python312\Lib\site-packages\django\contrib\staticfiles\apps.py first seen with mtime 1723326131.8748426
File C:\Users\Fulgrim\AppData\Local\Programs\Python\Python312\Lib\re\_parser.py first seen with mtime 1717714452.0
File C:\Users\Fulgrim\AppData\Local\Programs\Python\Python312\Lib\site-packages\django\db\migrations\migration.py first seen with mtime 1723326131.9438665
File C:\Users\Fulgrim\.vscode\extensions\ms-python.debugpy-2024.12.0-win32-x64\bundled\libs\debugpy\_vendored\pydevd\_pydevd_bundle\pydevd_console.py first seen with mtime 1729949493.2752764
File C:\Users\Fulgrim\AppData\Local\Programs\Python\Python312\Lib\importlib\util.py first seen with mtime 1717714452.0
File C:\Users\Fulgrim\AppData\Local\Programs\Python\Python312\Lib\site-packages\django\utils\__init__.py first seen with mtime 1723326132.0550916
File C:\Users\Fulgrim\AppData\Local\Programs\Python\Python312\Lib\site-packages\django\templatetags\l10n.py first seen with mtime 1723326132.03898
File C:\Users\Fulgrim\AppData\Local\Programs\Python\Python312\Lib\site-packages\django\template\smartif.py first seen with mtime 1723326132.03898
File C:\Users\Fulgrim\AppData\Local\Programs\Python\Python312\Lib\site-packages\django\apps\__init__.py first seen with mtime 1723326130.289361
File C:\Users\Fulgrim\AppData\Local\Programs\Python\Python312\Lib\asyncio\subprocess.py first seen with mtime 1717714452.0
File C:\Users\Fulgrim\AppData\Local\Programs\Python\Python312\Lib\email\mime\nonmultipart.py first seen with mtime 1717714452.0
File C:\Users\Fulgrim\AppData\Local\Programs\Python\Python312\Lib\site-packages\django\template\base.py first seen with mtime 1723326132.023344
File C:\Users\Fulgrim\AppData\Local\Programs\Python\Python312\Lib\site-packages\django\template\__init__.py first seen with mtime 1723326132.023344
File C:\Users\Fulgrim\AppData\Local\Programs\Python\Python312\Lib\email\errors.py first seen with mtime 1717714452.0
File C:\Users\Fulgrim\.vscode\extensions\ms-python.debugpy-2024.12.0-win32-x64\bundled\libs\debugpy\_vendored\pydevd\_pydevd_bundle\pydevd_suspended_frames.py first seen with mtime 1729949492.986011
File C:\Users\Fulgrim\AppData\Local\Programs\Python\Python312\Lib\site-packages\sqlparse\filters\right_margin.py first seen with mtime 1723326129.91682
File C:\Users\Fulgrim\AppData\Local\Programs\Python\Python312\Lib\site-packages\sqlparse\lexer.py first seen with mtime 1723326129.91682
File C:\Users\Fulgrim\AppData\Local\Programs\Python\Python312\Lib\_sitebuiltins.py first seen with mtime 1717714452.0
File C:\Users\Fulgrim\AppData\Local\Programs\Python\Python312\Lib\json\encoder.py first seen with mtime 1717714452.0
File C:\Users\Fulgrim\AppData\Local\Programs\Python\Python312\Lib\zoneinfo\_common.py first seen with mtime 1717714452.0
File C:\Users\Fulgrim\AppData\Local\Programs\Python\Python312\Lib\operator.py first seen with mtime 1717714452.0
File C:\Users\Fulgrim\AppData\Local\Programs\Python\Python312\Lib\site-packages\django\utils\datastructures.py first seen with mtime 1723326132.0550916
File C:\Users\Fulgrim\AppData\Local\Programs\Python\Python312\Lib\re\__init__.py first seen with mtime 1717714452.0
File C:\Users\Fulgrim\AppData\Local\Programs\Python\Python312\DLLs\_queue.pyd first seen with mtime 1717714502.0
File C:\Users\Fulgrim\.vscode\extensions\ms-python.debugpy-2024.12.0-win32-x64\bundled\libs\debugpy\_vendored\pydevd\pydevd_plugins\django_debug.py first seen with mtime 1729949493.4681656
File C:\Users\Fulgrim\AppData\Local\Programs\Python\Python312\Lib\codecs.py first seen with mtime 1717714452.0
File C:\Users\Fulgrim\AppData\Local\Programs\Python\Python312\Lib\getpass.py first seen with mtime 1717714452.0
File C:\Users\Fulgrim\AppData\Local\Programs\Python\Python312\Lib\site-packages\sqlparse\__init__.py first seen with mtime 1723326129.910815
File C:\Users\Fulgrim\AppData\Local\Programs\Python\Python312\Lib\site-packages\django\db\models\enums.py first seen with mtime 1723326131.9595635
File C:\Users\Fulgrim\AppData\Local\Programs\Python\Python312\Lib\encodings\ascii.py first seen with mtime 1717714452.0
File C:\Users\Fulgrim\AppData\Local\Programs\Python\Python312\Lib\html\parser.py first seen with mtime 1717714452.0
File C:\Users\Fulgrim\AppData\Local\Programs\Python\Python312\Lib\site-packages\django\core\files\uploadedfile.py first seen with mtime 1723326131.8964987
File C:\Users\Fulgrim\AppData\Local\Programs\Python\Python312\Lib\site-packages\django\db\models\signals.py first seen with mtime 1723326131.9695692
File C:\Users\Fulgrim\AppData\Local\Programs\Python\Python312\Lib\email\headerregistry.py first seen with mtime 1717714452.0
File C:\Users\Fulgrim\AppData\Local\Programs\Python\Python312\Lib\_compat_pickle.py first seen with mtime 1717714452.0
File C:\Users\Fulgrim\AppData\Local\Programs\Python\Python312\Lib\sysconfig.py first seen with mtime 1717714452.0
File C:\Users\Fulgrim\.vscode\extensions\ms-python.debugpy-2024.12.0-win32-x64\bundled\libs\debugpy\_vendored\pydevd\_pydev_bundle\pydev_imports.py first seen with mtime 1729949492.8181784
File C:\Users\Fulgrim\AppData\Local\Programs\Python\Python312\Lib\xmlrpc\client.py first seen with mtime 1717714452.0
File C:\Users\Fulgrim\AppData\Local\Programs\Python\Python312\Lib\encodings\utf_8.py first seen with mtime 1717714452.0
File C:\Users\Fulgrim\.vscode\extensions\ms-python.debugpy-2024.12.0-win32-x64\bundled\libs\debugpy\_vendored\pydevd\_pydevd_bundle\pydevd_bytecode_utils.py first seen with mtime 1729949493.3103173
File C:\Users\Fulgrim\AppData\Local\Programs\Python\Python312\Lib\site-packages\django\core\signals.py first seen with mtime 1723326131.880859
File C:\Users\Fulgrim\.vscode\extensions\ms-python.debugpy-2024.12.0-win32-x64\bundled\libs\debugpy\_vendored\pydevd\_pydevd_bundle\pydevd_trace_dispatch.py first seen with mtime 1729949492.9659214
File C:\Users\Fulgrim\AppData\Local\Programs\Python\Python312\Lib\site-packages\django\contrib\admin\exceptions.py first seen with mtime 1723326130.4723978
File C:\Users\Fulgrim\AppData\Local\Programs\Python\Python312\Lib\site-packages\django\contrib\admin\apps.py first seen with mtime 1723326130.4723978
File C:\Users\Fulgrim\AppData\Local\Programs\Python\Python312\Lib\asyncio\exceptions.py first seen with mtime 1717714452.0
File C:\Users\Fulgrim\.vscode\extensions\ms-python.debugpy-2024.12.0-win32-x64\bundled\libs\debugpy\_vendored\pydevd\_pydevd_frame_eval\vendored\bytecode\bytecode.py first seen with mtime 1729949494.010786
File C:\Users\Fulgrim\AppData\Local\Programs\Python\Python312\Lib\site-packages\django\db\__init__.py first seen with mtime 1723326131.9282298
File C:\Users\Fulgrim\AppData\Local\Programs\Python\Python312\Lib\pydoc.py first seen with mtime 1717714452.0
File C:\Users\Fulgrim\AppData\Local\Programs\Python\Python312\Lib\asyncio\sslproto.py first seen with mtime 1717714452.0
File C:\Users\Fulgrim\AppData\Local\Programs\Python\Python312\Lib\site-packages\django\db\models\sql\__init__.py first seen with mtime 1723326131.9755762
File C:\Users\Fulgrim\AppData\Local\Programs\Python\Python312\Lib\email\__init__.py first seen with mtime 1717714452.0
File C:\Users\Fulgrim\AppData\Local\Programs\Python\Python312\Lib\asyncio\streams.py first seen with mtime 1717714452.0
File C:\Users\Fulgrim\AppData\Local\Programs\Python\Python312\Lib\token.py first seen with mtime 1717714452.0
File C:\Users\Fulgrim\AppData\Local\Programs\Python\Python312\Lib\tokenize.py first seen with mtime 1717714452.0
File C:\Users\Fulgrim\AppData\Local\Programs\Python\Python312\Lib\site-packages\django\contrib\admin\templatetags\__init__.py first seen with mtime 1723326130.7712703
File C:\Users\Fulgrim\AppData\Local\Programs\Python\Python312\Lib\site-packages\django\db\models\indexes.py first seen with mtime 1723326131.9595635
File C:\Users\Fulgrim\AppData\Local\Programs\Python\Python312\Lib\site-packages\sqlparse\filters\tokens.py first seen with mtime 1723326129.91682
File C:\Users\Fulgrim\AppData\Local\Programs\Python\Python312\Lib\glob.py first seen with mtime 1717714452.0
File C:\Users\Fulgrim\AppData\Local\Programs\Python\Python312\Lib\site-packages\django\db\models\sql\subqueries.py first seen with mtime 1723326131.9755762
File C:\Users\Fulgrim\AppData\Local\Programs\Python\Python312\Lib\site-packages\django\views\debug.py first seen with mtime 1723326132.0711086
File C:\Users\Fulgrim\AppData\Local\Programs\Python\Python312\Lib\copyreg.py first seen with mtime 1717714452.0
File C:\Users\Fulgrim\.vscode\extensions\ms-python.debugpy-2024.12.0-win32-x64\bundled\libs\debugpy\_vendored\pydevd\_pydevd_bundle\__init__.py first seen with mtime 1729949492.9313884
File C:\Users\Fulgrim\AppData\Local\Programs\Python\Python312\Lib\site-packages\django\contrib\messages\__init__.py first seen with mtime 1723326131.4927073
File C:\Users\Fulgrim\AppData\Local\Programs\Python\Python312\Lib\site-packages\django\db\models\fields\related.py first seen with mtime 1723326131.9695692
File C:\Users\Fulgrim\AppData\Local\Programs\Python\Python312\Lib\site-packages\django\templatetags\i18n.py first seen with mtime 1723326132.03898
File C:\Users\Fulgrim\AppData\Local\Programs\Python\Python312\Lib\_collections_abc.py first seen with mtime 1717714452.0
File C:\Users\Fulgrim\AppData\Local\Programs\Python\Python312\Lib\site-packages\django\apps\registry.py first seen with mtime 1723326130.289361
File C:\Users\Fulgrim\.vscode\extensions\ms-python.debugpy-2024.12.0-win32-x64\bundled\libs\debugpy\_vendored\pydevd\_pydev_bundle\pydev_umd.py first seen with mtime 1729949492.7899423
File C:\Users\Fulgrim\AppData\Local\Programs\Python\Python312\Lib\site-packages\rest_framework\apps.py first seen with mtime 1723326139.5552418
File C:\Users\Fulgrim\.vscode\extensions\ms-python.debugpy-2024.12.0-win32-x64\bundled\libs\debugpy\_vendored\pydevd\_pydevd_frame_eval\__init__.py first seen with mtime 1729949492.8717146
File C:\Users\Fulgrim\AppData\Local\Programs\Python\Python312\Lib\site-packages\django\core\cache\utils.py first seen with mtime 1723326131.880859
File C:\Users\Fulgrim\AppData\Local\Programs\Python\Python312\Lib\site-packages\django\core\checks\security\base.py first seen with mtime 1723326131.8964987
File C:\Users\Fulgrim\AppData\Local\Programs\Python\Python312\Lib\site-packages\django\contrib\auth\management\__init__.py first seen with mtime 1723326131.018331
File C:\Users\Fulgrim\AppData\Local\Programs\Python\Python312\Lib\site-packages\django\core\files\storage\mixins.py first seen with mtime 1723326131.8964987
File C:\Users\Fulgrim\.vscode\extensions\ms-python.debugpy-2024.12.0-win32-x64\bundled\libs\debugpy\_vendored\pydevd\pydevd_plugins\__init__.py first seen with mtime 1729949493.4590905
File C:\Users\Fulgrim\AppData\Local\Programs\Python\Python312\Lib\threading.py first seen with mtime 1717714452.0
File C:\Users\Fulgrim\.vscode\extensions\ms-python.debugpy-2024.12.0-win32-x64\bundled\libs\debugpy\_vendored\pydevd\_pydevd_bundle\_debug_adapter\pydevd_schema.py first seen with mtime 1729949493.8164606
File C:\Users\Fulgrim\AppData\Local\Programs\Python\Python312\Lib\site-packages\django\core\mail\message.py first seen with mtime 1723326131.8964987
File C:\Users\Fulgrim\AppData\Local\Programs\Python\Python312\Lib\site-packages\django\db\models\sql\query.py first seen with mtime 1723326131.9755762
File C:\Users\Fulgrim\AppData\Local\Programs\Python\Python312\Lib\site-packages\django\db\migrations\exceptions.py first seen with mtime 1723326131.9438665
File C:\Users\Fulgrim\.vscode\extensions\ms-python.debugpy-2024.12.0-win32-x64\bundled\libs\debugpy\_vendored\pydevd\_pydevd_bundle\pydevd_frame_utils.py first seen with mtime 1729949493.1154206
File C:\Users\Fulgrim\AppData\Local\Programs\Python\Python312\Lib\site-packages\django\middleware\__init__.py first seen with mtime 1723326132.023344
File C:\Users\Fulgrim\AppData\Local\Programs\Python\Python312\Lib\encodings\cp1252.py first seen with mtime 1717714452.0
File C:\Users\Fulgrim\AppData\Local\Programs\Python\Python312\Lib\site-packages\django\core\checks\urls.py first seen with mtime 1723326131.8964987
File C:\Users\Fulgrim\.vscode\extensions\ms-python.debugpy-2024.12.0-win32-x64\bundled\libs\debugpy\_vendored\pydevd\_pydevd_bundle\pydevd_daemon_thread.py first seen with mtime 1729949493.1605675
File C:\Users\Fulgrim\AppData\Local\Programs\Python\Python312\Lib\encodings\idna.py first seen with mtime 1717714452.0
File C:\Users\Fulgrim\AppData\Local\Programs\Python\Python312\Lib\site-packages\django\contrib\messages\apps.py first seen with mtime 1723326131.4927073
File C:\Users\Fulgrim\AppData\Local\Programs\Python\Python312\Lib\site-packages\django\core\files\temp.py first seen with mtime 1723326131.8964987
File C:\Users\Fulgrim\.vscode\extensions\ms-python.debugpy-2024.12.0-win32-x64\bundled\libs\debugpy\_vendored\pydevd\_pydevd_bundle\pydevd_command_line_handling.py first seen with mtime 1729949493.2811868
File C:\Users\Fulgrim\AppData\Local\Programs\Python\Python312\Lib\collections\abc.py first seen with mtime 1717714452.0
File C:\Users\Fulgrim\AppData\Local\Programs\Python\Python312\Lib\pkgutil.py first seen with mtime 1717714452.0
File C:\xampp\htdocs\AVITech\Prueba5\SGC\AppBack\__init__.py first seen with mtime 1722984829.2325146
File C:\Users\Fulgrim\AppData\Local\Programs\Python\Python312\Lib\site-packages\django\core\paginator.py first seen with mtime 1723326131.880859
File C:\Users\Fulgrim\AppData\Local\Programs\Python\Python312\Lib\site-packages\django\contrib\sites\__init__.py first seen with mtime 1723326131.7706008
File C:\Users\Fulgrim\AppData\Local\Programs\Python\Python312\Lib\site-packages\django\core\files\storage\filesystem.py first seen with mtime 1723326131.8964987
File C:\Users\Fulgrim\AppData\Local\Programs\Python\Python312\Lib\site-packages\django\utils\deprecation.py first seen with mtime 1723326132.0550916
File C:\Users\Fulgrim\AppData\Local\Programs\Python\Python312\Lib\site-packages\django\contrib\sites\management.py first seen with mtime 1723326131.7706008
File C:\Users\Fulgrim\.vscode\extensions\ms-python.debugpy-2024.12.0-win32-x64\bundled\libs\debugpy\_vendored\pydevd\_pydev_bundle\_pydev_completer.py first seen with mtime 1729949492.7782845
File C:\Users\Fulgrim\AppData\Local\Programs\Python\Python312\Lib\importlib\_abc.py first seen with mtime 1717714452.0
File C:\Users\Fulgrim\.vscode\extensions\ms-python.debugpy-2024.12.0-win32-x64\bundled\libs\debugpy\_vendored\pydevd\_pydevd_bundle\pydevconsole_code.py first seen with mtime 1729949493.3264399
File C:\Users\Fulgrim\AppData\Local\Programs\Python\Python312\Lib\asyncio\coroutines.py first seen with mtime 1717714452.0
File C:\Users\Fulgrim\AppData\Local\Programs\Python\Python312\Lib\contextlib.py first seen with mtime 1717714452.0
File C:\Users\Fulgrim\AppData\Local\Programs\Python\Python312\Lib\wsgiref\util.py first seen with mtime 1717714452.0
File C:\Users\Fulgrim\AppData\Local\Programs\Python\Python312\Lib\asyncio\taskgroups.py first seen with mtime 1717714452.0
File C:\Users\Fulgrim\AppData\Local\Programs\Python\Python312\Lib\site-packages\django\db\models\functions\datetime.py first seen with mtime 1723326131.9755762
File C:\Users\Fulgrim\AppData\Local\Programs\Python\Python312\Lib\asyncio\base_futures.py first seen with mtime 1717714452.0
File C:\Users\Fulgrim\AppData\Local\Programs\Python\Python312\Lib\site-packages\django\db\migrations\operations\base.py first seen with mtime 1723326131.9595635
File C:\xampp\htdocs\AVITech\Prueba5\SGC\SGC\settings.py first seen with mtime 1731181868.1281946
File C:\Users\Fulgrim\AppData\Local\Programs\Python\Python312\Lib\site-packages\rest_framework\authtoken\__init__.py first seen with mtime 1723326139.5698862
File C:\Users\Fulgrim\AppData\Local\Programs\Python\Python312\Lib\typing.py first seen with mtime 1717714452.0
File C:\Users\Fulgrim\AppData\Local\Programs\Python\Python312\Lib\email\quoprimime.py first seen with mtime 1717714452.0
File C:\Users\Fulgrim\AppData\Local\Programs\Python\Python312\Lib\site-packages\django\db\models\functions\text.py first seen with mtime 1723326131.9755762
File C:\Users\Fulgrim\.vscode\extensions\ms-python.debugpy-2024.12.0-win32-x64\bundled\libs\debugpy\_vendored\pydevd\_pydevd_bundle\_debug_adapter\pydevd_base_schema.py first seen with mtime 1729949493.8186185
File C:\Users\Fulgrim\AppData\Local\Programs\Python\Python312\Lib\base64.py first seen with mtime 1717714452.0
File C:\Users\Fulgrim\AppData\Local\Programs\Python\Python312\Lib\site-packages\django\http\cookie.py first seen with mtime 1723326132.023344
File C:\Users\Fulgrim\AppData\Local\Programs\Python\Python312\Lib\html\entities.py first seen with mtime 1717714452.0
File C:\Users\Fulgrim\.vscode\extensions\ms-python.debugpy-2024.12.0-win32-x64\bundled\libs\debugpy\_vendored\pydevd\_pydevd_bundle\pydevd_xml.py first seen with mtime 1729949492.9380796
File C:\Users\Fulgrim\AppData\Local\Programs\Python\Python312\Lib\site-packages\django\forms\models.py first seen with mtime 1723326131.9755762
File C:\Users\Fulgrim\AppData\Local\Programs\Python\Python312\Lib\site-packages\django\utils\dates.py first seen with mtime 1723326132.0550916
File C:\Users\Fulgrim\AppData\Local\Programs\Python\Python312\Lib\site-packages\django\db\models\functions\mixins.py first seen with mtime 1723326131.9755762
File C:\Users\Fulgrim\AppData\Local\Programs\Python\Python312\Lib\site-packages\django\contrib\messages\api.py first seen with mtime 1723326131.4927073
File C:\Users\Fulgrim\AppData\Local\Programs\Python\Python312\DLLs\_socket.pyd first seen with mtime 1717714502.0
File C:\Users\Fulgrim\AppData\Local\Programs\Python\Python312\Lib\site-packages\django\shortcuts.py first seen with mtime 1723326130.289361
File C:\Users\Fulgrim\AppData\Local\Programs\Python\Python312\Lib\site-packages\django\db\models\expressions.py first seen with mtime 1723326131.9595635
File C:\Users\Fulgrim\AppData\Local\Programs\Python\Python312\Lib\site-packages\sqlparse\tokens.py first seen with mtime 1723326129.91682
File C:\Users\Fulgrim\AppData\Local\Programs\Python\Python312\DLLs\_wmi.pyd first seen with mtime 1717714502.0
File C:\Users\Fulgrim\.vscode\extensions\ms-python.debugpy-2024.12.0-win32-x64\bundled\libs\debugpy\public_api.py first seen with mtime 1729949492.5941167
File C:\Users\Fulgrim\AppData\Local\Programs\Python\Python312\Lib\site-packages\django\dispatch\dispatcher.py first seen with mtime 1723326131.9755762
File C:\Users\Fulgrim\AppData\Local\Programs\Python\Python312\Lib\site-packages\django\utils\timesince.py first seen with mtime 1723326132.0711086
File C:\Users\Fulgrim\AppData\Local\Programs\Python\Python312\Lib\site-packages\django\core\checks\__init__.py first seen with mtime 1723326131.880859
File C:\Users\Fulgrim\AppData\Local\Programs\Python\Python312\Lib\gettext.py first seen with mtime 1717714452.0
File C:\Users\Fulgrim\AppData\Local\Programs\Python\Python312\Lib\site-packages\django\contrib\messages\storage\__init__.py first seen with mtime 1723326131.4927073
File C:\Users\Fulgrim\AppData\Local\Programs\Python\Python312\Lib\site-packages\django\core\files\images.py first seen with mtime 1723326131.8964987
File C:\Users\Fulgrim\AppData\Local\Programs\Python\Python312\Lib\site-packages\django\utils\functional.py first seen with mtime 1723326132.065099
File C:\Users\Fulgrim\AppData\Local\Programs\Python\Python312\Lib\site-packages\django\core\files\base.py first seen with mtime 1723326131.8964987
File C:\Users\Fulgrim\AppData\Local\Programs\Python\Python312\DLLs\unicodedata.pyd first seen with mtime 1717714502.0
File C:\Users\Fulgrim\AppData\Local\Programs\Python\Python312\Lib\importlib\machinery.py first seen with mtime 1717714452.0
File C:\Users\Fulgrim\AppData\Local\Programs\Python\Python312\Lib\site-packages\django\dispatch\__init__.py first seen with mtime 1723326131.9755762
File C:\Users\Fulgrim\AppData\Local\Programs\Python\Python312\Lib\dataclasses.py first seen with mtime 1717714452.0
File C:\Users\Fulgrim\AppData\Local\Programs\Python\Python312\Lib\bisect.py first seen with mtime 1717714452.0
File C:\Users\Fulgrim\.vscode\extensions\ms-python.debugpy-2024.12.0-win32-x64\bundled\libs\debugpy\_vendored\pydevd\_pydevd_bundle\pydevd_safe_repr.py first seen with mtime 1729949493.0120406
File C:\Users\Fulgrim\AppData\Local\Programs\Python\Python312\Lib\site-packages\django\core\wsgi.py first seen with mtime 1723326131.880859
File C:\Users\Fulgrim\AppData\Local\Programs\Python\Python312\DLLs\select.pyd first seen with mtime 1717714502.0
File C:\Users\Fulgrim\AppData\Local\Programs\Python\Python312\Lib\site-packages\django\core\serializers\base.py first seen with mtime 1723326131.9222176
File C:\Users\Fulgrim\AppData\Local\Programs\Python\Python312\Lib\site-packages\django\http\response.py first seen with mtime 1723326132.023344
File C:\Users\Fulgrim\AppData\Local\Programs\Python\Python312\Lib\site-packages\django\db\migrations\operations\fields.py first seen with mtime 1723326131.9595635
File C:\Users\Fulgrim\AppData\Local\Programs\Python\Python312\Lib\types.py first seen with mtime 1717714452.0
File C:\Users\Fulgrim\.vscode\extensions\ms-python.debugpy-2024.12.0-win32-x64\bundled\libs\debugpy\_vendored\pydevd\_pydevd_bundle\pydevd_extension_utils.py first seen with mtime 1729949493.1350112
File C:\Users\Fulgrim\AppData\Local\Programs\Python\Python312\Lib\site-packages\django\db\models\functions\window.py first seen with mtime 1723326131.9755762
File C:\Users\Fulgrim\AppData\Local\Programs\Python\Python312\Lib\site-packages\sqlparse\filters\__init__.py first seen with mtime 1723326129.91682
File C:\Users\Fulgrim\AppData\Local\Programs\Python\Python312\Lib\concurrent\futures\__init__.py first seen with mtime 1717714452.0
File C:\Users\Fulgrim\.vscode\extensions\ms-python.debugpy-2024.12.0-win32-x64\bundled\libs\debugpy\_vendored\pydevd\pydevd_plugins\extensions\types\pydevd_helpers.py first seen with mtime 1729949494.0236473
File C:\Users\Fulgrim\AppData\Local\Programs\Python\Python312\Lib\site-packages\django\db\models\aggregates.py first seen with mtime 1723326131.9595635
File C:\Users\Fulgrim\AppData\Local\Programs\Python\Python312\Lib\site-packages\django\http\multipartparser.py first seen with mtime 1723326132.023344
File C:\Users\Fulgrim\.vscode\extensions\ms-python.debugpy-2024.12.0-win32-x64\bundled\libs\debugpy\_vendored\pydevd\_pydevd_bundle\pydevd_comm.py first seen with mtime 1729949493.288004
File C:\Users\Fulgrim\AppData\Local\Programs\Python\Python312\Lib\lzma.py first seen with mtime 1717714452.0
File C:\Users\Fulgrim\AppData\Local\Programs\Python\Python312\Lib\site-packages\django\contrib\messages\utils.py first seen with mtime 1723326131.4927073
File C:\Users\Fulgrim\AppData\Local\Programs\Python\Python312\Lib\site-packages\django\core\management\commands\runserver.py first seen with mtime 1723326131.9222176
File C:\Users\Fulgrim\AppData\Local\Programs\Python\Python312\Lib\site-packages\django\db\utils.py first seen with mtime 1723326131.9282298
File C:\Users\Fulgrim\AppData\Local\Programs\Python\Python312\Lib\site-packages\sqlparse\filters\reindent.py first seen with mtime 1723326129.91682
File C:\Users\Fulgrim\AppData\Local\Programs\Python\Python312\Lib\site-packages\django\db\models\utils.py first seen with mtime 1723326131.9695692
File C:\Users\Fulgrim\AppData\Local\Programs\Python\Python312\Lib\site-packages\django\contrib\admin\views\autocomplete.py first seen with mtime 1723326130.7712703
File C:\Users\Fulgrim\AppData\Local\Programs\Python\Python312\Lib\site-packages\django\db\backends\__init__.py first seen with mtime 1723326131.9282298
File C:\Users\Fulgrim\AppData\Local\Programs\Python\Python312\Lib\site-packages\django\core\checks\model_checks.py first seen with mtime 1723326131.880859
File C:\Users\Fulgrim\AppData\Local\Programs\Python\Python312\Lib\site-packages\django\db\models\fields\files.py first seen with mtime 1723326131.9695692
File C:\Users\Fulgrim\AppData\Local\Programs\Python\Python312\Lib\site-packages\django\forms\widgets.py first seen with mtime 1723326131.9755762
File C:\Users\Fulgrim\AppData\Local\Programs\Python\Python312\Lib\site-packages\django\utils\cache.py first seen with mtime 1723326132.0550916
File C:\Users\Fulgrim\AppData\Local\Programs\Python\Python312\Lib\site-packages\django\contrib\admin\templatetags\admin_urls.py first seen with mtime 1723326130.7712703
File C:\Users\Fulgrim\AppData\Local\Programs\Python\Python312\Lib\site-packages\django\views\generic\detail.py first seen with mtime 1723326132.0711086
File C:\Users\Fulgrim\AppData\Local\Programs\Python\Python312\Lib\site-packages\sqlparse\filters\output.py first seen with mtime 1723326129.91682
File C:\Users\Fulgrim\AppData\Local\Programs\Python\Python312\Lib\site-packages\django\contrib\contenttypes\checks.py first seen with mtime 1723326131.023843
File C:\Users\Fulgrim\AppData\Local\Programs\Python\Python312\Lib\site-packages\django\contrib\auth\__init__.py first seen with mtime 1723326130.8974733
File C:\Users\Fulgrim\AppData\Local\Programs\Python\Python312\Lib\site-packages\django\db\migrations\utils.py first seen with mtime 1723326131.9595635
File C:\Users\Fulgrim\AppData\Local\Programs\Python\Python312\Lib\site-packages\django\core\handlers\base.py first seen with mtime 1723326131.8964987
File C:\xampp\htdocs\AVITech\Prueba5\SGC\manage.py first seen with mtime 1729949419.464719
File C:\Users\Fulgrim\AppData\Local\Programs\Python\Python312\Lib\calendar.py first seen with mtime 1717714452.0
File C:\Users\Fulgrim\AppData\Local\Programs\Python\Python312\Lib\random.py first seen with mtime 1717714452.0
File C:\Users\Fulgrim\AppData\Local\Programs\Python\Python312\Lib\site-packages\django\templatetags\static.py first seen with mtime 1723326132.03898
File C:\Users\Fulgrim\.vscode\extensions\ms-python.debugpy-2024.12.0-win32-x64\bundled\libs\debugpy\_vendored\pydevd\_pydevd_bundle\pydevd_timeout.py first seen with mtime 1729949492.9747283
File C:\Users\Fulgrim\AppData\Local\Programs\Python\Python312\Lib\site-packages\django\utils\formats.py first seen with mtime 1723326132.0550916
File C:\Users\Fulgrim\AppData\Local\Programs\Python\Python312\Lib\__future__.py first seen with mtime 1717714452.0
File C:\Users\Fulgrim\AppData\Local\Programs\Python\Python312\Lib\site-packages\django\forms\boundfield.py first seen with mtime 1723326131.9755762
File C:\Users\Fulgrim\.vscode\extensions\ms-python.debugpy-2024.12.0-win32-x64\bundled\libs\debugpy\_vendored\pydevd\pydev_ipython\matplotlibtools.py first seen with mtime 1729949493.4155338
File C:\Users\Fulgrim\.vscode\extensions\ms-python.debugpy-2024.12.0-win32-x64\bundled\libs\debugpy\_vendored\pydevd\_pydev_bundle\pydev_log.py first seen with mtime 1729949492.7989728
File C:\Users\Fulgrim\AppData\Local\Programs\Python\Python312\DLLs\_ssl.pyd first seen with mtime 1717714502.0
File C:\Users\Fulgrim\AppData\Local\Programs\Python\Python312\Lib\xml\parsers\__init__.py first seen with mtime 1717714452.0
File C:\Users\Fulgrim\AppData\Local\Programs\Python\Python312\Lib\site-packages\django\utils\encoding.py first seen with mtime 1723326132.0550916
File C:\Users\Fulgrim\AppData\Local\Programs\Python\Python312\Lib\site-packages\django\template\defaulttags.py first seen with mtime 1723326132.023344
File C:\Users\Fulgrim\AppData\Local\Programs\Python\Python312\Lib\email\_encoded_words.py first seen with mtime 1717714452.0
File C:\Users\Fulgrim\AppData\Local\Programs\Python\Python312\Lib\site-packages\django\views\decorators\debug.py first seen with mtime 1723326132.0711086
File C:\Users\Fulgrim\AppData\Local\Programs\Python\Python312\Lib\site-packages\django\db\models\functions\__init__.py first seen with mtime 1723326131.9755762
File C:\Users\Fulgrim\AppData\Local\Programs\Python\Python312\Lib\site-packages\django\core\files\utils.py first seen with mtime 1723326131.8964987
File C:\Users\Fulgrim\.vscode\extensions\ms-python.debugpy-2024.12.0-win32-x64\bundled\libs\debugpy\_vendored\pydevd\_pydevd_bundle\pydevd_concurrency_analyser\__init__.py first seen with mtime 1729949493.831356
File C:\Users\Fulgrim\AppData\Local\Programs\Python\Python312\Lib\site-packages\django\contrib\admin\widgets.py first seen with mtime 1723326130.4784036
File C:\Users\Fulgrim\AppData\Local\Programs\Python\Python312\Lib\site-packages\django\db\migrations\operations\__init__.py first seen with mtime 1723326131.9595635
File C:\Users\Fulgrim\AppData\Local\Programs\Python\Python312\Lib\email\_header_value_parser.py first seen with mtime 1717714452.0
File C:\xampp\htdocs\AVITech\Prueba5\SGC\templates\.last_build_id first seen with mtime 1729949419.8221009
File C:\xampp\htdocs\AVITech\Prueba5\SGC\templates\assets first seen with mtime 1729949419.831601
File C:\xampp\htdocs\AVITech\Prueba5\SGC\templates\canvaskit first seen with mtime 1729949419.9367752
File C:\xampp\htdocs\AVITech\Prueba5\SGC\templates\favicon.png first seen with mtime 1729949419.937775
File C:\xampp\htdocs\AVITech\Prueba5\SGC\templates\flutter.js first seen with mtime 1729949419.9382749
File C:\xampp\htdocs\AVITech\Prueba5\SGC\templates\flutter_bootstrap.js first seen with mtime 1729949419.9387765
File C:\xampp\htdocs\AVITech\Prueba5\SGC\templates\flutter_service_worker.js first seen with mtime 1729949419.9387765
File C:\xampp\htdocs\AVITech\Prueba5\SGC\templates\icons first seen with mtime 1729949419.9407775
File C:\xampp\htdocs\AVITech\Prueba5\SGC\templates\index.html first seen with mtime 1729949419.9407775
File C:\xampp\htdocs\AVITech\Prueba5\SGC\templates\mail_activacion.html first seen with mtime 1732379272.7971792
File C:\xampp\htdocs\AVITech\Prueba5\SGC\templates\main.dart.js first seen with mtime 1729949419.957895
File C:\xampp\htdocs\AVITech\Prueba5\SGC\templates\manifest.json first seen with mtime 1729949419.9584026
File C:\xampp\htdocs\AVITech\Prueba5\SGC\templates\registration first seen with mtime 1729949419.9588957
File C:\xampp\htdocs\AVITech\Prueba5\SGC\templates\version.json first seen with mtime 1729949419.959395
File C:\xampp\htdocs\AVITech\Prueba5\SGC\templates\viejo first seen with mtime 1729949419.9623952
File C:\xampp\htdocs\AVITech\Prueba5\SGC\templates\assets\AssetManifest.bin first seen with mtime 1729949419.8226013
File C:\xampp\htdocs\AVITech\Prueba5\SGC\templates\assets\AssetManifest.bin.json first seen with mtime 1729949419.8231018
File C:\xampp\htdocs\AVITech\Prueba5\SGC\templates\assets\AssetManifest.json first seen with mtime 1729949419.8236065
File C:\xampp\htdocs\AVITech\Prueba5\SGC\templates\assets\FontManifest.json first seen with mtime 1729949419.8241012
File C:\xampp\htdocs\AVITech\Prueba5\SGC\templates\assets\fonts first seen with mtime 1729949419.830102
File C:\xampp\htdocs\AVITech\Prueba5\SGC\templates\assets\NOTICES first seen with mtime 1729949419.8296015
File C:\xampp\htdocs\AVITech\Prueba5\SGC\templates\assets\packages first seen with mtime 1729949419.830602
File C:\xampp\htdocs\AVITech\Prueba5\SGC\templates\assets\shaders first seen with mtime 1729949419.831601
File C:\xampp\htdocs\AVITech\Prueba5\SGC\templates\canvaskit\canvaskit.js first seen with mtime 1729949419.8321009
File C:\xampp\htdocs\AVITech\Prueba5\SGC\templates\canvaskit\canvaskit.js.symbols first seen with mtime 1729949419.835614
File C:\xampp\htdocs\AVITech\Prueba5\SGC\templates\canvaskit\canvaskit.wasm first seen with mtime 1729949419.8657606
File C:\xampp\htdocs\AVITech\Prueba5\SGC\templates\canvaskit\chromium first seen with mtime 1729949419.8994582
File C:\xampp\htdocs\AVITech\Prueba5\SGC\templates\canvaskit\skwasm.js first seen with mtime 1729949419.902171
File C:\xampp\htdocs\AVITech\Prueba5\SGC\templates\canvaskit\skwasm.js.symbols first seen with mtime 1729949419.9082005
File C:\xampp\htdocs\AVITech\Prueba5\SGC\templates\canvaskit\skwasm.wasm first seen with mtime 1729949419.9362824
File C:\xampp\htdocs\AVITech\Prueba5\SGC\templates\canvaskit\skwasm.worker.js first seen with mtime 1729949419.9372752
File C:\xampp\htdocs\AVITech\Prueba5\SGC\templates\icons\Icon-192.png first seen with mtime 1729949419.9397757
File C:\xampp\htdocs\AVITech\Prueba5\SGC\templates\icons\Icon-512.png first seen with mtime 1729949419.9397757
File C:\xampp\htdocs\AVITech\Prueba5\SGC\templates\icons\Icon-maskable-192.png first seen with mtime 1729949419.9402738
File C:\xampp\htdocs\AVITech\Prueba5\SGC\templates\icons\Icon-maskable-512.png first seen with mtime 1729949419.9407775
File C:\xampp\htdocs\AVITech\Prueba5\SGC\templates\registration\password_reset_email.html first seen with mtime 1729949419.959395
File C:\xampp\htdocs\AVITech\Prueba5\SGC\templates\viejo\index.html first seen with mtime 1729949419.959895
File C:\xampp\htdocs\AVITech\Prueba5\SGC\templates\viejo\pagina2.html first seen with mtime 1729949419.960395
File C:\xampp\htdocs\AVITech\Prueba5\SGC\templates\viejo\pagina3.html first seen with mtime 1729949419.960395
File C:\xampp\htdocs\AVITech\Prueba5\SGC\templates\viejo\pagina4.html first seen with mtime 1729949419.9613943
File C:\xampp\htdocs\AVITech\Prueba5\SGC\templates\viejo\pagina5.html first seen with mtime 1729949419.9618938
File C:\xampp\htdocs\AVITech\Prueba5\SGC\templates\viejo\pagina6.html first seen with mtime 1729949419.9623952
File C:\xampp\htdocs\AVITech\Prueba5\SGC\templates\assets\fonts\MaterialIcons-Regular.otf first seen with mtime 1729949419.830602
File C:\xampp\htdocs\AVITech\Prueba5\SGC\templates\assets\packages\cupertino_icons first seen with mtime 1729949419.8311193
File C:\xampp\htdocs\AVITech\Prueba5\SGC\templates\assets\shaders\ink_sparkle.frag first seen with mtime 1729949419.831601
File C:\xampp\htdocs\AVITech\Prueba5\SGC\templates\assets\packages\cupertino_icons\assets first seen with mtime 1729949419.8311193
File C:\xampp\htdocs\AVITech\Prueba5\SGC\templates\assets\packages\cupertino_icons\assets\CupertinoIcons.ttf first seen with mtime 1729949419.831601
File C:\xampp\htdocs\AVITech\Prueba5\SGC\templates\canvaskit\chromium\canvaskit.js first seen with mtime 1729949419.8667588
File C:\xampp\htdocs\AVITech\Prueba5\SGC\templates\canvaskit\chromium\canvaskit.js.symbols first seen with mtime 1729949419.872394
File C:\xampp\htdocs\AVITech\Prueba5\SGC\templates\canvaskit\chromium\canvaskit.wasm first seen with mtime 1729949419.9011657
Watching for file changes with StatReloader
Waiting for apps ready_event.
Main Django thread has terminated before apps are ready.
Apps ready_event triggered. Sending autoreload_started signal.
Watching dir C:\xampp\htdocs\AVITech\Prueba5\SGC\templates with glob **/*.
File C:\Users\Fulgrim\.vscode\extensions\ms-python.debugpy-2024.12.0-win32-x64\bundled\libs\debugpy\_vendored\pydevd\_pydevd_bundle\pydevd_bytecode_utils.py first seen with mtime 1729949493.3103173
File C:\Users\Fulgrim\AppData\Local\Programs\Python\Python312\Lib\site-packages\django\utils\dateparse.py first seen with mtime 1723326132.0550916
File C:\Users\Fulgrim\AppData\Local\Programs\Python\Python312\Lib\site-packages\django\contrib\messages\apps.py first seen with mtime 1723326131.4927073
File C:\Users\Fulgrim\AppData\Local\Programs\Python\Python312\Lib\site-packages\django\db\migrations\migration.py first seen with mtime 1723326131.9438665
File C:\Users\Fulgrim\AppData\Local\Programs\Python\Python312\Lib\site-packages\django\core\management\commands\runserver.py first seen with mtime 1723326131.9222176
File C:\Users\Fulgrim\AppData\Local\Programs\Python\Python312\Lib\email\mime\multipart.py first seen with mtime 1717714452.0
File C:\Users\Fulgrim\AppData\Local\Programs\Python\Python312\Lib\enum.py first seen with mtime 1717714452.0
File C:\Users\Fulgrim\AppData\Local\Programs\Python\Python312\Lib\site-packages\asgiref\sync.py first seen with mtime 1723326130.1641204
File C:\Users\Fulgrim\AppData\Local\Programs\Python\Python312\Lib\gettext.py first seen with mtime 1717714452.0
File C:\Users\Fulgrim\AppData\Local\Programs\Python\Python312\Lib\site-packages\django\contrib\admin\widgets.py first seen with mtime 1723326130.4784036
File C:\Users\Fulgrim\.vscode\extensions\ms-python.debugpy-2024.12.0-win32-x64\bundled\libs\debugpy\_vendored\pydevd\_pydevd_bundle\pydevd_dont_trace_files.py first seen with mtime 1729949493.1460335
File C:\Users\Fulgrim\AppData\Local\Programs\Python\Python312\Lib\site-packages\django\template\loaders\base.py first seen with mtime 1723326132.03898
File C:\Users\Fulgrim\AppData\Local\Programs\Python\Python312\Lib\site-packages\django\contrib\admin\exceptions.py first seen with mtime 1723326130.4723978
File C:\Users\Fulgrim\AppData\Local\Programs\Python\Python312\Lib\hashlib.py first seen with mtime 1717714452.0
File C:\Users\Fulgrim\AppData\Local\Programs\Python\Python312\Lib\site-packages\django\core\cache\backends\filebased.py first seen with mtime 1723326131.880859
File C:\Users\Fulgrim\AppData\Local\Programs\Python\Python312\Lib\site-packages\django\views\generic\detail.py first seen with mtime 1723326132.0711086
File C:\Users\Fulgrim\AppData\Local\Programs\Python\Python312\Lib\asyncio\threads.py first seen with mtime 1717714452.0
File C:\Users\Fulgrim\AppData\Local\Programs\Python\Python312\Lib\site-packages\django\db\backends\base\__init__.py first seen with mtime 1723326131.9282298
File C:\Users\Fulgrim\AppData\Local\Programs\Python\Python312\Lib\site-packages\django\core\serializers\python.py first seen with mtime 1723326131.9282298
File C:\Users\Fulgrim\AppData\Local\Programs\Python\Python312\Lib\dis.py first seen with mtime 1717714452.0
File C:\Users\Fulgrim\AppData\Local\Programs\Python\Python312\Lib\site-packages\django\utils\deprecation.py first seen with mtime 1723326132.0550916
File C:\Users\Fulgrim\AppData\Local\Programs\Python\Python312\Lib\site-packages\django\dispatch\__init__.py first seen with mtime 1723326131.9755762
File C:\Users\Fulgrim\AppData\Local\Programs\Python\Python312\Lib\bisect.py first seen with mtime 1717714452.0
File C:\Users\Fulgrim\AppData\Local\Programs\Python\Python312\Lib\asyncio\timeouts.py first seen with mtime 1717714452.0
File C:\Users\Fulgrim\AppData\Local\Programs\Python\Python312\Lib\site-packages\django\db\models\indexes.py first seen with mtime 1723326131.9595635
File C:\Users\Fulgrim\.vscode\extensions\ms-python.debugpy-2024.12.0-win32-x64\bundled\libs\debugpy\_vendored\pydevd\_pydevd_bundle\pydevd_filtering.py first seen with mtime 1729949493.1305788
File C:\Users\Fulgrim\.vscode\extensions\ms-python.debugpy-2024.12.0-win32-x64\bundled\libs\debugpy\_vendored\pydevd\_pydevd_frame_eval\vendored\bytecode\flags.py first seen with mtime 1729949494.0012074
File C:\Users\Fulgrim\AppData\Local\Programs\Python\Python312\Lib\site-packages\django\db\models\fields\files.py first seen with mtime 1723326131.9695692
File C:\Users\Fulgrim\AppData\Local\Programs\Python\Python312\Lib\email\encoders.py first seen with mtime 1717714452.0
File C:\Users\Fulgrim\AppData\Local\Programs\Python\Python312\Lib\wsgiref\handlers.py first seen with mtime 1717714452.0
File C:\Users\Fulgrim\AppData\Local\Programs\Python\Python312\Lib\asyncio\selector_events.py first seen with mtime 1717714452.0
File C:\Users\Fulgrim\AppData\Local\Programs\Python\Python312\Lib\site-packages\django\contrib\messages\storage\base.py first seen with mtime 1723326131.4927073
File C:\Users\Fulgrim\.vscode\extensions\ms-python.debugpy-2024.12.0-win32-x64\bundled\libs\debugpy\_vendored\pydevd\_pydev_bundle\_pydev_imports_tipper.py first seen with mtime 1729949492.7639906
File C:\Users\Fulgrim\AppData\Local\Programs\Python\Python312\Lib\site-packages\django\core\cache\backends\base.py first seen with mtime 1723326131.880859
File C:\Users\Fulgrim\AppData\Local\Programs\Python\Python312\Lib\site-packages\django\core\handlers\wsgi.py first seen with mtime 1723326131.8964987
File C:\Users\Fulgrim\AppData\Local\Programs\Python\Python312\Lib\code.py first seen with mtime 1717714452.0
File C:\Users\Fulgrim\AppData\Local\Programs\Python\Python312\Lib\site-packages\django\contrib\auth\management\__init__.py first seen with mtime 1723326131.018331
File C:\Users\Fulgrim\AppData\Local\Programs\Python\Python312\Lib\site-packages\django\utils\version.py first seen with mtime 1723326132.0711086
File C:\Users\Fulgrim\AppData\Local\Programs\Python\Python312\Lib\site-packages\django\db\models\fields\__init__.py first seen with mtime 1723326131.9695692
File C:\Users\Fulgrim\AppData\Local\Programs\Python\Python312\Lib\site-packages\django\db\models\options.py first seen with mtime 1723326131.9695692
File C:\Users\Fulgrim\AppData\Local\Programs\Python\Python312\Lib\zoneinfo\_tzpath.py first seen with mtime 1717714452.0
File C:\Users\Fulgrim\AppData\Local\Programs\Python\Python312\Lib\site-packages\django\core\serializers\__init__.py first seen with mtime 1723326131.9222176
File C:\Users\Fulgrim\AppData\Local\Programs\Python\Python312\Lib\site-packages\django\urls\converters.py first seen with mtime 1723326132.04899
File C:\Users\Fulgrim\.vscode\extensions\ms-python.debugpy-2024.12.0-win32-x64\bundled\libs\debugpy\_vendored\pydevd\pydevd_plugins\__init__.py first seen with mtime 1729949493.4590905
File C:\Users\Fulgrim\.vscode\extensions\ms-python.debugpy-2024.12.0-win32-x64\bundled\libs\debugpy\_vendored\pydevd\_pydevd_bundle\pydevd_json_debug_options.py first seen with mtime 1729949493.0969841
File C:\Users\Fulgrim\AppData\Local\Programs\Python\Python312\Lib\asyncio\proactor_events.py first seen with mtime 1717714452.0
File C:\Users\Fulgrim\AppData\Local\Programs\Python\Python312\Lib\asyncio\staggered.py first seen with mtime 1717714452.0
File C:\Users\Fulgrim\AppData\Local\Programs\Python\Python312\Lib\email\base64mime.py first seen with mtime 1717714452.0
File C:\Users\Fulgrim\AppData\Local\Programs\Python\Python312\Lib\typing.py first seen with mtime 1717714452.0
File C:\Users\Fulgrim\AppData\Local\Programs\Python\Python312\Lib\site-packages\django\core\handlers\exception.py first seen with mtime 1723326131.8964987
File C:\Users\Fulgrim\AppData\Local\Programs\Python\Python312\Lib\site-packages\django\contrib\staticfiles\apps.py first seen with mtime 1723326131.8748426
File C:\Users\Fulgrim\AppData\Local\Programs\Python\Python312\Lib\site-packages\django\db\models\fields\json.py first seen with mtime 1723326131.9695692
File C:\Users\Fulgrim\AppData\Local\Programs\Python\Python312\Lib\site-packages\django\views\decorators\csrf.py first seen with mtime 1723326132.0711086
File C:\Users\Fulgrim\AppData\Local\Programs\Python\Python312\DLLs\_socket.pyd first seen with mtime 1717714502.0
File C:\Users\Fulgrim\AppData\Local\Programs\Python\Python312\Lib\site-packages\django\template\exceptions.py first seen with mtime 1723326132.023344
File C:\Users\Fulgrim\AppData\Local\Programs\Python\Python312\Lib\site-packages\django\core\mail\utils.py first seen with mtime 1723326131.8964987
File C:\Users\Fulgrim\AppData\Local\Programs\Python\Python312\Lib\site-packages\django\contrib\admin\views\__init__.py first seen with mtime 1723326130.7712703
File C:\Users\Fulgrim\AppData\Local\Programs\Python\Python312\Lib\site-packages\django\contrib\admin\templatetags\__init__.py first seen with mtime 1723326130.7712703
File C:\Users\Fulgrim\AppData\Local\Programs\Python\Python312\Lib\site-packages\sqlparse\utils.py first seen with mtime 1723326129.91682
File C:\Users\Fulgrim\.vscode\extensions\ms-python.debugpy-2024.12.0-win32-x64\bundled\libs\debugpy\_vendored\pydevd\_pydevd_bundle\_debug_adapter\pydevd_base_schema.py first seen with mtime 1729949493.8186185
File C:\Users\Fulgrim\AppData\Local\Programs\Python\Python312\Lib\site-packages\django\http\response.py first seen with mtime 1723326132.023344
File C:\Users\Fulgrim\AppData\Local\Programs\Python\Python312\Lib\json\decoder.py first seen with mtime 1717714452.0
File C:\Users\Fulgrim\AppData\Local\Programs\Python\Python312\Lib\site-packages\django\utils\module_loading.py first seen with mtime 1723326132.065099
File C:\Users\Fulgrim\AppData\Local\Programs\Python\Python312\Lib\site-packages\django\contrib\admin\decorators.py first seen with mtime 1723326130.4723978
File C:\Users\Fulgrim\AppData\Local\Programs\Python\Python312\Lib\xmlrpc\client.py first seen with mtime 1717714452.0
File C:\Users\Fulgrim\AppData\Local\Programs\Python\Python312\Lib\site-packages\django\views\generic\dates.py first seen with mtime 1723326132.0711086
File C:\Users\Fulgrim\.vscode\extensions\ms-python.debugpy-2024.12.0-win32-x64\bundled\libs\debugpy\_vendored\pydevd\_pydevd_bundle\pydevd_process_net_command.py first seen with mtime 1729949493.0482569
File C:\Users\Fulgrim\AppData\Local\Programs\Python\Python312\Lib\stringprep.py first seen with mtime 1717714452.0
File C:\Users\Fulgrim\AppData\Local\Programs\Python\Python312\Lib\site-packages\django\contrib\messages\constants.py first seen with mtime 1723326131.4927073
File C:\Users\Fulgrim\AppData\Local\Programs\Python\Python312\Lib\email\policy.py first seen with mtime 1717714452.0
File C:\Users\Fulgrim\.vscode\extensions\ms-python.debugpy-2024.12.0-win32-x64\bundled\libs\debugpy\_vendored\pydevd\pydevd_plugins\extensions\__init__.py first seen with mtime 1729949493.8399878
File C:\Users\Fulgrim\.vscode\extensions\ms-python.debugpy-2024.12.0-win32-x64\bundled\libs\debugpy\_vendored\pydevd\_pydev_bundle\pydev_override.py first seen with mtime 1729949492.792115
File C:\Users\Fulgrim\AppData\Local\Programs\Python\Python312\Lib\wsgiref\simple_server.py first seen with mtime 1717714452.0
File C:\Users\Fulgrim\.vscode\extensions\ms-python.debugpy-2024.12.0-win32-x64\bundled\libs\debugpy\_vendored\pydevd\_pydevd_bundle\pydevd_plugin_utils.py first seen with mtime 1729949493.0599725
File C:\Users\Fulgrim\AppData\Local\Programs\Python\Python312\Lib\dataclasses.py first seen with mtime 1717714452.0
File C:\Users\Fulgrim\AppData\Local\Programs\Python\Python312\Lib\site-packages\django\template\loaders\app_directories.py first seen with mtime 1723326132.03898
File C:\Users\Fulgrim\AppData\Local\Programs\Python\Python312\Lib\site-packages\django\template\utils.py first seen with mtime 1723326132.03898
File C:\Users\Fulgrim\AppData\Local\Programs\Python\Python312\Lib\site-packages\django\db\models\constants.py first seen with mtime 1723326131.9595635
File C:\Users\Fulgrim\AppData\Local\Programs\Python\Python312\Lib\email\parser.py first seen with mtime 1717714452.0
File C:\Users\Fulgrim\AppData\Local\Programs\Python\Python312\Lib\email\headerregistry.py first seen with mtime 1717714452.0
File C:\Users\Fulgrim\AppData\Local\Programs\Python\Python312\Lib\email\_encoded_words.py first seen with mtime 1717714452.0
File C:\Users\Fulgrim\.vscode\extensions\ms-python.debugpy-2024.12.0-win32-x64\bundled\libs\debugpy\_vendored\pydevd\_pydevd_bundle\pydevd_runpy.py first seen with mtime 1729949493.0176435
File C:\Users\Fulgrim\AppData\Local\Programs\Python\Python312\Lib\decimal.py first seen with mtime 1717714452.0
File C:\Users\Fulgrim\AppData\Local\Programs\Python\Python312\Lib\token.py first seen with mtime 1717714452.0
File C:\Users\Fulgrim\AppData\Local\Programs\Python\Python312\Lib\concurrent\__init__.py first seen with mtime 1717714452.0
File C:\Users\Fulgrim\AppData\Local\Programs\Python\Python312\Lib\site-packages\django\contrib\staticfiles\__init__.py first seen with mtime 1723326131.8748426
File C:\Users\Fulgrim\AppData\Local\Programs\Python\Python312\Lib\asyncio\constants.py first seen with mtime 1717714452.0
File C:\Users\Fulgrim\AppData\Local\Programs\Python\Python312\Lib\selectors.py first seen with mtime 1717714452.0
File C:\Users\Fulgrim\.vscode\extensions\ms-python.debugpy-2024.12.0-win32-x64\bundled\libs\debugpy\_vendored\pydevd\_pydevd_bundle\pydevd_extension_api.py first seen with mtime 1729949493.138453
File C:\Users\Fulgrim\AppData\Local\Programs\Python\Python312\Lib\site-packages\django\core\management\__init__.py first seen with mtime 1723326131.912207
File C:\Users\Fulgrim\AppData\Local\Programs\Python\Python312\Lib\site-packages\django\views\i18n.py first seen with mtime 1723326132.0711086
File C:\Users\Fulgrim\AppData\Local\Programs\Python\Python312\Lib\abc.py first seen with mtime 1717714452.0
File C:\Users\Fulgrim\.vscode\extensions\ms-python.debugpy-2024.12.0-win32-x64\bundled\libs\debugpy\_vendored\pydevd\_pydevd_bundle\pydevd_suspended_frames.py first seen with mtime 1729949492.986011
File C:\Users\Fulgrim\.vscode\extensions\ms-python.debugpy-2024.12.0-win32-x64\bundled\libs\debugpy\_vendored\pydevd\_pydev_bundle\_pydev_execfile.py first seen with mtime 1729949492.7746072
File C:\Users\Fulgrim\AppData\Local\Programs\Python\Python312\Lib\re\_parser.py first seen with mtime 1717714452.0
File C:\Users\Fulgrim\AppData\Local\Programs\Python\Python312\Lib\email\iterators.py first seen with mtime 1717714452.0
File C:\Users\Fulgrim\.vscode\extensions\ms-python.debugpy-2024.12.0-win32-x64\bundled\libs\debugpy\__init__.py first seen with mtime 1729949492.5856714
File C:\Users\Fulgrim\.vscode\extensions\ms-python.debugpy-2024.12.0-win32-x64\bundled\libs\debugpy\_vendored\pydevd\_pydevd_frame_eval\__init__.py first seen with mtime 1729949492.8717146
File C:\Users\Fulgrim\.vscode\extensions\ms-python.debugpy-2024.12.0-win32-x64\bundled\libs\debugpy\_vendored\pydevd\_pydevd_bundle\pydevconsole_code.py first seen with mtime 1729949493.3264399
File C:\Users\Fulgrim\AppData\Local\Programs\Python\Python312\Lib\asyncio\events.py first seen with mtime 1717714452.0
File C:\Users\Fulgrim\AppData\Local\Programs\Python\Python312\Lib\site-packages\django\core\handlers\base.py first seen with mtime 1723326131.8964987
File C:\Users\Fulgrim\AppData\Local\Programs\Python\Python312\Lib\site-packages\django\utils\crypto.py first seen with mtime 1723326132.0550916
File C:\Users\Fulgrim\AppData\Local\Programs\Python\Python312\Lib\uuid.py first seen with mtime 1717714452.0
File C:\Users\Fulgrim\AppData\Local\Programs\Python\Python312\Lib\asyncio\runners.py first seen with mtime 1717714452.0
File C:\Users\Fulgrim\AppData\Local\Programs\Python\Python312\Lib\site-packages\django\contrib\messages\api.py first seen with mtime 1723326131.4927073
File C:\Users\Fulgrim\AppData\Local\Programs\Python\Python312\Lib\encodings\ascii.py first seen with mtime 1717714452.0
File C:\Users\Fulgrim\AppData\Local\Programs\Python\Python312\Lib\site-packages\django\utils\hashable.py first seen with mtime 1723326132.065099
File C:\Users\Fulgrim\AppData\Local\Programs\Python\Python312\Lib\site-packages\django\core\files\images.py first seen with mtime 1723326131.8964987
File C:\Users\Fulgrim\AppData\Local\Programs\Python\Python312\Lib\contextlib.py first seen with mtime 1717714452.0
File C:\Users\Fulgrim\.vscode\extensions\ms-python.debugpy-2024.12.0-win32-x64\bundled\libs\debugpy\_vendored\pydevd\_pydevd_bundle\pydevd_resolver.py first seen with mtime 1729949493.021629
File C:\Users\Fulgrim\AppData\Local\Programs\Python\Python312\Lib\site-packages\asgiref\current_thread_executor.py first seen with mtime 1723326130.1641204
File C:\Users\Fulgrim\AppData\Local\Programs\Python\Python312\Lib\site-packages\rest_framework\authtoken\apps.py first seen with mtime 1723326139.5708861
File C:\Users\Fulgrim\AppData\Local\Programs\Python\Python312\Lib\asyncio\mixins.py first seen with mtime 1717714452.0
File C:\Users\Fulgrim\AppData\Local\Programs\Python\Python312\Lib\site-packages\django\template\context.py first seen with mtime 1723326132.023344
File C:\Users\Fulgrim\AppData\Local\Programs\Python\Python312\Lib\graphlib.py first seen with mtime 1717714452.0
File C:\Users\Fulgrim\AppData\Local\Programs\Python\Python312\Lib\site-packages\django\conf\__init__.py first seen with mtime 1723326130.289361
File C:\Users\Fulgrim\AppData\Local\Programs\Python\Python312\Lib\site-packages\django\db\migrations\operations\models.py first seen with mtime 1723326131.9595635
File C:\Users\Fulgrim\AppData\Local\Programs\Python\Python312\Lib\base64.py first seen with mtime 1717714452.0
File C:\Users\Fulgrim\AppData\Local\Programs\Python\Python312\Lib\secrets.py first seen with mtime 1717714452.0
File C:\Users\Fulgrim\AppData\Local\Programs\Python\Python312\Lib\queue.py first seen with mtime 1717714452.0
File C:\Users\Fulgrim\.vscode\extensions\ms-python.debugpy-2024.12.0-win32-x64\bundled\libs\debugpy\_vendored\pydevd\_pydevd_bundle\pydevd_breakpoints.py first seen with mtime 1729949493.3121073
File C:\Users\Fulgrim\AppData\Local\Programs\Python\Python312\DLLs\_hashlib.pyd first seen with mtime 1717714502.0
File C:\Users\Fulgrim\.vscode\extensions\ms-python.debugpy-2024.12.0-win32-x64\bundled\libs\debugpy\_vendored\pydevd\_pydevd_bundle\pydevd_exec2.py first seen with mtime 1729949493.14357
File C:\Users\Fulgrim\AppData\Local\Programs\Python\Python312\Lib\asyncio\coroutines.py first seen with mtime 1717714452.0
File C:\Users\Fulgrim\.vscode\extensions\ms-python.debugpy-2024.12.0-win32-x64\bundled\libs\debugpy\_vendored\pydevd\_pydev_bundle\_pydev_saved_modules.py first seen with mtime 1729949492.7526262
File C:\Users\Fulgrim\AppData\Local\Programs\Python\Python312\DLLs\_lzma.pyd first seen with mtime 1717714502.0
File C:\Users\Fulgrim\AppData\Local\Programs\Python\Python312\Lib\difflib.py first seen with mtime 1717714452.0
File C:\Users\Fulgrim\AppData\Local\Programs\Python\Python312\Lib\http\server.py first seen with mtime 1717714452.0
File C:\Users\Fulgrim\AppData\Local\Programs\Python\Python312\Lib\site-packages\django\middleware\__init__.py first seen with mtime 1723326132.023344
File C:\Users\Fulgrim\AppData\Local\Programs\Python\Python312\Lib\site-packages\django\contrib\admin\apps.py first seen with mtime 1723326130.4723978
File C:\Users\Fulgrim\AppData\Local\Programs\Python\Python312\Lib\site-packages\django\views\__init__.py first seen with mtime 1723326132.0711086
File C:\Users\Fulgrim\.vscode\extensions\ms-python.debugpy-2024.12.0-win32-x64\bundled\libs\debugpy\public_api.py first seen with mtime 1729949492.5941167
File C:\Users\Fulgrim\AppData\Local\Programs\Python\Python312\Lib\site-packages\sqlparse\exceptions.py first seen with mtime 1723326129.91682
File C:\Users\Fulgrim\AppData\Local\Programs\Python\Python312\Lib\site-packages\django\forms\forms.py first seen with mtime 1723326131.9755762
File C:\Users\Fulgrim\AppData\Local\Programs\Python\Python312\Lib\site-packages\django\db\models\fields\related_lookups.py first seen with mtime 1723326131.9755762
File C:\Users\Fulgrim\AppData\Local\Programs\Python\Python312\Lib\site-packages\django\db\models\query_utils.py first seen with mtime 1723326131.9695692
File C:\Users\Fulgrim\AppData\Local\Programs\Python\Python312\Lib\site-packages\django\db\models\sql\datastructures.py first seen with mtime 1723326131.9755762
File C:\Users\Fulgrim\AppData\Local\Programs\Python\Python312\Lib\site-packages\django\core\mail\message.py first seen with mtime 1723326131.8964987
File C:\Users\Fulgrim\AppData\Local\Programs\Python\Python312\Lib\email\__init__.py first seen with mtime 1717714452.0
File C:\Users\Fulgrim\AppData\Local\Programs\Python\Python312\Lib\site-packages\django\db\migrations\operations\__init__.py first seen with mtime 1723326131.9595635
File C:\Users\Fulgrim\AppData\Local\Programs\Python\Python312\Lib\locale.py first seen with mtime 1717714452.0
File C:\Users\Fulgrim\AppData\Local\Programs\Python\Python312\Lib\site-packages\django\template\__init__.py first seen with mtime 1723326132.023344
File C:\Users\Fulgrim\AppData\Local\Programs\Python\Python312\Lib\encodings\latin_1.py first seen with mtime 1717714452.0
File C:\Users\Fulgrim\AppData\Local\Programs\Python\Python312\Lib\warnings.py first seen with mtime 1717714452.0
File C:\Users\Fulgrim\AppData\Local\Programs\Python\Python312\Lib\site-packages\django\core\management\commands\__init__.py first seen with mtime 1723326131.912207
File C:\Users\Fulgrim\AppData\Local\Programs\Python\Python312\Lib\email\_parseaddr.py first seen with mtime 1717714452.0
File C:\Users\Fulgrim\AppData\Local\Programs\Python\Python312\Lib\signal.py first seen with mtime 1717714452.0
File C:\Users\Fulgrim\AppData\Local\Programs\Python\Python312\Lib\xml\parsers\expat.py first seen with mtime 1717714452.0
File C:\Users\Fulgrim\AppData\Local\Programs\Python\Python312\Lib\zoneinfo\__init__.py first seen with mtime 1717714452.0
File C:\Users\Fulgrim\AppData\Local\Programs\Python\Python312\Lib\ctypes\_endian.py first seen with mtime 1717714452.0
File C:\Users\Fulgrim\AppData\Local\Programs\Python\Python312\Lib\site-packages\django\utils\autoreload.py first seen with mtime 1723326132.0550916
File C:\Users\Fulgrim\AppData\Local\Programs\Python\Python312\Lib\site-packages\django\db\models\fields\reverse_related.py first seen with mtime 1723326131.9755762
File C:\Users\Fulgrim\AppData\Local\Programs\Python\Python312\Lib\site-packages\django\conf\global_settings.py first seen with mtime 1723326130.289361
File C:\Users\Fulgrim\.vscode\extensions\ms-python.debugpy-2024.12.0-win32-x64\bundled\libs\debugpy\_vendored\force_pydevd.py first seen with mtime 1729949492.6046944
File C:\Users\Fulgrim\AppData\Local\Programs\Python\Python312\Lib\site-packages\django\views\decorators\debug.py first seen with mtime 1723326132.0711086
File C:\Users\Fulgrim\AppData\Local\Programs\Python\Python312\Lib\ipaddress.py first seen with mtime 1717714452.0
File C:\Users\Fulgrim\AppData\Local\Programs\Python\Python312\Lib\ntpath.py first seen with mtime 1717714452.0
File C:\Users\Fulgrim\AppData\Local\Programs\Python\Python312\Lib\site-packages\sqlparse\engine\__init__.py first seen with mtime 1723326129.91682
File C:\Users\Fulgrim\AppData\Local\Programs\Python\Python312\Lib\site-packages\django\utils\_os.py first seen with mtime 1723326132.0550916
File C:\Users\Fulgrim\.vscode\extensions\ms-python.debugpy-2024.12.0-win32-x64\bundled\libs\debugpy\_vendored\pydevd\_pydevd_frame_eval\vendored\bytecode\instr.py first seen with mtime 1729949493.9984183
File C:\Users\Fulgrim\AppData\Local\Programs\Python\Python312\Lib\site-packages\django\contrib\auth\signals.py first seen with mtime 1723326130.9131744
File C:\Users\Fulgrim\AppData\Local\Programs\Python\Python312\Lib\site-packages\django\apps\config.py first seen with mtime 1723326130.289361
File C:\Users\Fulgrim\AppData\Local\Programs\Python\Python312\Lib\getpass.py first seen with mtime 1717714452.0
File C:\Users\Fulgrim\AppData\Local\Programs\Python\Python312\Lib\site-packages\django\db\migrations\utils.py first seen with mtime 1723326131.9595635
File C:\Users\Fulgrim\AppData\Local\Programs\Python\Python312\Lib\site-packages\django\utils\translation\trans_real.py first seen with mtime 1723326132.0711086
File C:\Users\Fulgrim\AppData\Local\Programs\Python\Python312\Lib\site-packages\django\utils\dateformat.py first seen with mtime 1723326132.0550916
File C:\Users\Fulgrim\.vscode\extensions\ms-python.debugpy-2024.12.0-win32-x64\bundled\libs\debugpy\_vendored\pydevd\_pydevd_frame_eval\vendored\__init__.py first seen with mtime 1729949493.763336
File C:\Users\Fulgrim\AppData\Local\Programs\Python\Python312\Lib\site-packages\django\template\backends\django.py first seen with mtime 1723326132.03898
File C:\Users\Fulgrim\.vscode\extensions\ms-python.debugpy-2024.12.0-win32-x64\bundled\libs\debugpy\_vendored\pydevd\pydev_ipython\matplotlibtools.py first seen with mtime 1729949493.4155338
File C:\Users\Fulgrim\AppData\Local\Programs\Python\Python312\Lib\site-packages\django\db\migrations\operations\base.py first seen with mtime 1723326131.9595635
File C:\Users\Fulgrim\AppData\Local\Programs\Python\Python312\Lib\site-packages\rest_framework\apps.py first seen with mtime 1723326139.5552418
File C:\Users\Fulgrim\.vscode\extensions\ms-python.debugpy-2024.12.0-win32-x64\bundled\libs\debugpy\_vendored\pydevd\pydevconsole.py first seen with mtime 1729949492.7009056
File C:\Users\Fulgrim\AppData\Local\Programs\Python\Python312\Lib\site-packages\django\core\cache\utils.py first seen with mtime 1723326131.880859
File C:\Users\Fulgrim\AppData\Local\Programs\Python\Python312\Lib\site-packages\django\db\models\functions\math.py first seen with mtime 1723326131.9755762
File C:\Users\Fulgrim\.vscode\extensions\ms-python.debugpy-2024.12.0-win32-x64\bundled\libs\debugpy\_vendored\pydevd\pydevd_plugins\extensions\types\__init__.py first seen with mtime 1729949494.0127976
File C:\Users\Fulgrim\.vscode\extensions\ms-python.debugpy-2024.12.0-win32-x64\bundled\libs\debugpy\_vendored\pydevd\_pydevd_bundle\pydevd_concurrency_analyser\__init__.py first seen with mtime 1729949493.831356
File C:\Users\Fulgrim\.vscode\extensions\ms-python.debugpy-2024.12.0-win32-x64\bundled\libs\debugpy\_vendored\pydevd\_pydevd_bundle\pydevd_source_mapping.py first seen with mtime 1729949492.9993305
File C:\Users\Fulgrim\AppData\Local\Programs\Python\Python312\Lib\site-packages\django\core\files\storage\memory.py first seen with mtime 1723326131.8964987
File C:\Users\Fulgrim\.vscode\extensions\ms-python.debugpy-2024.12.0-win32-x64\bundled\libs\debugpy\_vendored\pydevd\_pydevd_sys_monitoring\pydevd_sys_monitoring.py first seen with mtime 1729949492.868869
File C:\Users\Fulgrim\AppData\Local\Programs\Python\Python312\Lib\mimetypes.py first seen with mtime 1717714452.0
File C:\Users\Fulgrim\AppData\Local\Programs\Python\Python312\Lib\concurrent\futures\__init__.py first seen with mtime 1717714452.0
File C:\Users\Fulgrim\.vscode\extensions\ms-python.debugpy-2024.12.0-win32-x64\bundled\libs\debugpy\_vendored\pydevd\_pydevd_bundle\_debug_adapter\pydevd_schema_log.py first seen with mtime 1729949493.8051834
File C:\Users\Fulgrim\.vscode\extensions\ms-python.debugpy-2024.12.0-win32-x64\bundled\libs\debugpy\_vendored\pydevd\_pydevd_bundle\pydevd_cython_wrapper.py first seen with mtime 1729949493.1627457
File C:\Users\Fulgrim\AppData\Local\Programs\Python\Python312\Lib\site-packages\django\db\models\sql\where.py first seen with mtime 1723326131.9755762
File C:\Users\Fulgrim\.vscode\extensions\ms-python.debugpy-2024.12.0-win32-x64\bundled\libs\debugpy\_vendored\pydevd\_pydevd_bundle\pydevd_frame_utils.py first seen with mtime 1729949493.1154206
File C:\Users\Fulgrim\AppData\Local\Programs\Python\Python312\Lib\site-packages\django\templatetags\l10n.py first seen with mtime 1723326132.03898
File C:\Users\Fulgrim\AppData\Local\Programs\Python\Python312\Lib\site-packages\django\db\models\enums.py first seen with mtime 1723326131.9595635
File C:\Users\Fulgrim\AppData\Local\Programs\Python\Python312\Lib\site-packages\django\core\exceptions.py first seen with mtime 1723326131.880859
File C:\Users\Fulgrim\AppData\Local\Programs\Python\Python312\Lib\site-packages\django\core\files\uploadhandler.py first seen with mtime 1723326131.8964987
File C:\Users\Fulgrim\AppData\Local\Programs\Python\Python312\Lib\site-packages\django\contrib\messages\__init__.py first seen with mtime 1723326131.4927073
File C:\Users\Fulgrim\AppData\Local\Programs\Python\Python312\Lib\urllib\__init__.py first seen with mtime 1717714452.0
File C:\Users\Fulgrim\AppData\Local\Programs\Python\Python312\Lib\site-packages\django\contrib\admin\helpers.py first seen with mtime 1723326130.4723978
File C:\Users\Fulgrim\AppData\Local\Programs\Python\Python312\Lib\site-packages\django\contrib\sites\__init__.py first seen with mtime 1723326131.7706008
File C:\Users\Fulgrim\AppData\Local\Programs\Python\Python312\Lib\operator.py first seen with mtime 1717714452.0
File C:\Users\Fulgrim\AppData\Local\Programs\Python\Python312\Lib\site-packages\django\core\files\utils.py first seen with mtime 1723326131.8964987
File C:\Users\Fulgrim\AppData\Local\Programs\Python\Python312\Lib\threading.py first seen with mtime 1717714452.0
File C:\Users\Fulgrim\AppData\Local\Programs\Python\Python312\Lib\site-packages\django\db\models\deletion.py first seen with mtime 1723326131.9595635
File C:\Users\Fulgrim\AppData\Local\Programs\Python\Python312\Lib\site-packages\django\conf\locale\__init__.py first seen with mtime 1723326130.289361
File C:\Users\Fulgrim\AppData\Local\Programs\Python\Python312\Lib\ctypes\wintypes.py first seen with mtime 1717714452.0
File C:\Users\Fulgrim\AppData\Local\Programs\Python\Python312\Lib\site-packages\django\utils\deconstruct.py first seen with mtime 1723326132.0550916
File C:\Users\Fulgrim\AppData\Local\Programs\Python\Python312\Lib\site-packages\django\utils\html.py first seen with mtime 1723326132.065099
File C:\Users\Fulgrim\AppData\Local\Programs\Python\Python312\Lib\site-packages\django\core\signing.py first seen with mtime 1723326131.880859
File C:\Users\Fulgrim\AppData\Local\Programs\Python\Python312\Lib\site-packages\django\contrib\messages\storage\__init__.py first seen with mtime 1723326131.4927073
File C:\Users\Fulgrim\AppData\Local\Programs\Python\Python312\Lib\site-packages\django\core\handlers\__init__.py first seen with mtime 1723326131.8964987
File C:\Users\Fulgrim\AppData\Local\Programs\Python\Python312\Lib\site-packages\django\core\files\storage\filesystem.py first seen with mtime 1723326131.8964987
File C:\Users\Fulgrim\AppData\Local\Programs\Python\Python312\Lib\site-packages\django\utils\__init__.py first seen with mtime 1723326132.0550916
File C:\Users\Fulgrim\AppData\Local\Programs\Python\Python312\Lib\site-packages\django\template\loader.py first seen with mtime 1723326132.023344
File C:\Users\Fulgrim\AppData\Local\Programs\Python\Python312\Lib\site.py first seen with mtime 1717714452.0
File C:\Users\Fulgrim\AppData\Local\Programs\Python\Python312\Lib\site-packages\django\template\loader_tags.py first seen with mtime 1723326132.023344
File C:\Users\Fulgrim\AppData\Local\Programs\Python\Python312\Lib\site-packages\django\template\response.py first seen with mtime 1723326132.03898
File C:\Users\Fulgrim\AppData\Local\Programs\Python\Python312\Lib\site-packages\django\template\backends\base.py first seen with mtime 1723326132.03898
File C:\Users\Fulgrim\.vscode\extensions\ms-python.debugpy-2024.12.0-win32-x64\bundled\libs\debugpy\_vendored\__init__.py first seen with mtime 1729949492.5966175
File C:\Users\Fulgrim\AppData\Local\Programs\Python\Python312\Lib\site-packages\sqlparse\keywords.py first seen with mtime 1723326129.91682
File C:\Users\Fulgrim\.vscode\extensions\ms-python.debugpy-2024.12.0-win32-x64\bundled\libs\debugpy\_vendored\pydevd\pydevd_tracing.py first seen with mtime 1729949492.6930447
File C:\Users\Fulgrim\AppData\Local\Programs\Python\Python312\Lib\ast.py first seen with mtime 1717714452.0
File C:\Users\Fulgrim\AppData\Local\Programs\Python\Python312\Lib\io.py first seen with mtime 1717714452.0
File C:\Users\Fulgrim\AppData\Local\Programs\Python\Python312\Lib\__future__.py first seen with mtime 1717714452.0
File C:\Users\Fulgrim\AppData\Local\Programs\Python\Python312\Lib\site-packages\django\core\checks\registry.py first seen with mtime 1723326131.880859
File C:\Users\Fulgrim\AppData\Local\Programs\Python\Python312\Lib\site-packages\django\utils\ipv6.py first seen with mtime 1723326132.065099
File C:\Users\Fulgrim\AppData\Local\Programs\Python\Python312\Lib\re\_casefix.py first seen with mtime 1717714452.0
File C:\Users\Fulgrim\AppData\Local\Programs\Python\Python312\Lib\html\__init__.py first seen with mtime 1717714452.0
File C:\Users\Fulgrim\AppData\Local\Programs\Python\Python312\Lib\site-packages\django\templatetags\tz.py first seen with mtime 1723326132.03898
File C:\Users\Fulgrim\AppData\Local\Programs\Python\Python312\Lib\site-packages\django\db\models\fields\proxy.py first seen with mtime 1723326131.9695692
File C:\Users\Fulgrim\AppData\Local\Programs\Python\Python312\Lib\wsgiref\util.py first seen with mtime 1717714452.0
File C:\Users\Fulgrim\AppData\Local\Programs\Python\Python312\Lib\site-packages\django\db\models\functions\mixins.py first seen with mtime 1723326131.9755762
File C:\Users\Fulgrim\AppData\Local\Programs\Python\Python312\Lib\site-packages\django\template\backends\__init__.py first seen with mtime 1723326132.03898
File C:\Users\Fulgrim\AppData\Local\Programs\Python\Python312\Lib\site-packages\django\core\files\base.py first seen with mtime 1723326131.8964987
File C:\Users\Fulgrim\AppData\Local\Programs\Python\Python312\Lib\site-packages\django\utils\safestring.py first seen with mtime 1723326132.065099
File C:\Users\Fulgrim\AppData\Local\Programs\Python\Python312\Lib\site-packages\django\views\generic\list.py first seen with mtime 1723326132.0711086
File C:\Users\Fulgrim\AppData\Local\Programs\Python\Python312\Lib\site-packages\django\db\models\sql\__init__.py first seen with mtime 1723326131.9755762
File C:\Users\Fulgrim\AppData\Local\Programs\Python\Python312\Lib\email\_policybase.py first seen with mtime 1717714452.0
File C:\Users\Fulgrim\AppData\Local\Programs\Python\Python312\DLLs\_queue.pyd first seen with mtime 1717714502.0
File C:\Users\Fulgrim\AppData\Local\Programs\Python\Python312\Lib\site-packages\django\contrib\admin\checks.py first seen with mtime 1723326130.4723978
File C:\Users\Fulgrim\.vscode\extensions\ms-python.debugpy-2024.12.0-win32-x64\bundled\libs\debugpy\_vendored\pydevd\pydevd_plugins\extensions\types\pydevd_plugin_numpy_types.py first seen with mtime 1729949494.017903
File C:\Users\Fulgrim\AppData\Local\Programs\Python\Python312\Lib\json\encoder.py first seen with mtime 1717714452.0
File C:\Users\Fulgrim\AppData\Local\Programs\Python\Python312\Lib\site-packages\django\templatetags\cache.py first seen with mtime 1723326132.03898
File C:\Users\Fulgrim\AppData\Local\Programs\Python\Python312\Lib\site-packages\django\template\library.py first seen with mtime 1723326132.023344
File C:\Users\Fulgrim\AppData\Local\Programs\Python\Python312\Lib\fnmatch.py first seen with mtime 1717714452.0
File C:\Users\Fulgrim\.vscode\extensions\ms-python.debugpy-2024.12.0-win32-x64\bundled\libs\debugpy\_vendored\pydevd\_pydevd_bundle\pydevd_extension_utils.py first seen with mtime 1729949493.1350112
File C:\Users\Fulgrim\AppData\Local\Programs\Python\Python312\Lib\site-packages\django\urls\base.py first seen with mtime 1723326132.04899
File C:\Users\Fulgrim\AppData\Local\Programs\Python\Python312\Lib\asyncio\streams.py first seen with mtime 1717714452.0
File C:\Users\Fulgrim\AppData\Local\Programs\Python\Python312\Lib\codeop.py first seen with mtime 1717714452.0
File C:\Users\Fulgrim\AppData\Local\Programs\Python\Python312\Lib\site-packages\django\template\defaultfilters.py first seen with mtime 1723326132.023344
File C:\Users\Fulgrim\AppData\Local\Programs\Python\Python312\Lib\site-packages\django\template\loaders\cached.py first seen with mtime 1723326132.03898
File C:\Users\Fulgrim\AppData\Local\Programs\Python\Python312\Lib\sysconfig.py first seen with mtime 1717714452.0
File C:\Users\Fulgrim\AppData\Local\Programs\Python\Python312\Lib\site-packages\django\contrib\admin\__init__.py first seen with mtime 1723326130.4723978
File C:\Users\Fulgrim\AppData\Local\Programs\Python\Python312\Lib\site-packages\django\utils\choices.py first seen with mtime 1723326132.0550916
File C:\Users\Fulgrim\AppData\Local\Programs\Python\Python312\Lib\site-packages\sqlparse\filters\others.py first seen with mtime 1723326129.91682
File C:\Users\Fulgrim\AppData\Local\Programs\Python\Python312\Lib\traceback.py first seen with mtime 1717714452.0
File C:\Users\Fulgrim\AppData\Local\Programs\Python\Python312\Lib\site-packages\django\contrib\admin\templatetags\admin_urls.py first seen with mtime 1723326130.7712703
File C:\Users\Fulgrim\.vscode\extensions\ms-python.debugpy-2024.12.0-win32-x64\bundled\libs\debugpy\_vendored\pydevd\_pydevd_frame_eval\vendored\bytecode\bytecode.py first seen with mtime 1729949494.010786
File C:\Users\Fulgrim\AppData\Local\Programs\Python\Python312\Lib\posixpath.py first seen with mtime 1717714452.0
File C:\Users\Fulgrim\AppData\Local\Programs\Python\Python312\Lib\json\__init__.py first seen with mtime 1717714452.0
File C:\Users\Fulgrim\AppData\Local\Programs\Python\Python312\Lib\_collections_abc.py first seen with mtime 1717714452.0
File C:\Users\Fulgrim\.vscode\extensions\ms-python.debugpy-2024.12.0-win32-x64\bundled\libs\debugpy\_vendored\pydevd\pydevd_file_utils.py first seen with mtime 1729949492.6945224
File C:\Users\Fulgrim\AppData\Local\Programs\Python\Python312\Lib\encodings\cp1252.py first seen with mtime 1717714452.0
File C:\Users\Fulgrim\AppData\Local\Programs\Python\Python312\Lib\site-packages\django\views\decorators\common.py first seen with mtime 1723326132.0711086
File C:\Users\Fulgrim\AppData\Local\Programs\Python\Python312\Lib\site-packages\django\db\models\functions\comparison.py first seen with mtime 1723326131.9755762
File C:\Users\Fulgrim\AppData\Local\Programs\Python\Python312\Lib\email\mime\__init__.py first seen with mtime 1717714452.0
File C:\Users\Fulgrim\.vscode\extensions\ms-python.debugpy-2024.12.0-win32-x64\bundled\libs\debugpy\_vendored\pydevd\_pydevd_bundle\_debug_adapter\__init__.py first seen with mtime 1729949493.799824
File C:\Users\Fulgrim\AppData\Local\Programs\Python\Python312\DLLs\_ssl.pyd first seen with mtime 1717714502.0
File C:\Users\Fulgrim\.vscode\extensions\ms-python.debugpy-2024.12.0-win32-x64\bundled\libs\debugpy\_vendored\pydevd\_pydev_bundle\__init__.py first seen with mtime 1729949492.7340631
File C:\Users\Fulgrim\AppData\Local\Programs\Python\Python312\Lib\weakref.py first seen with mtime 1717714452.0
File C:\Users\Fulgrim\.vscode\extensions\ms-python.debugpy-2024.12.0-win32-x64\bundled\libs\debugpy\_vendored\pydevd\_pydevd_bundle\pydevd_additional_thread_info.py first seen with mtime 1729949493.324439
File C:\Users\Fulgrim\AppData\Local\Programs\Python\Python312\Lib\email\mime\text.py first seen with mtime 1717714452.0
File C:\Users\Fulgrim\.vscode\extensions\ms-python.debugpy-2024.12.0-win32-x64\bundled\libs\debugpy\_vendored\pydevd\_pydevd_bundle\pydevd_concurrency_analyser\pydevd_thread_wrappers.py first seen with mtime 1729949493.8340857
File C:\Users\Fulgrim\AppData\Local\Programs\Python\Python312\Lib\asyncio\base_tasks.py first seen with mtime 1717714452.0
File C:\Users\Fulgrim\AppData\Local\Programs\Python\Python312\Lib\site-packages\django\forms\fields.py first seen with mtime 1723326131.9755762
File C:\Users\Fulgrim\.vscode\extensions\ms-python.debugpy-2024.12.0-win32-x64\bundled\libs\debugpy\_vendored\pydevd\_pydevd_bundle\pydevd_process_net_command_json.py first seen with mtime 1729949493.0346174
File C:\Users\Fulgrim\AppData\Local\Programs\Python\Python312\Lib\site-packages\django\core\checks\security\csrf.py first seen with mtime 1723326131.8964987
File C:\Users\Fulgrim\AppData\Local\Programs\Python\Python312\Lib\site-packages\django\views\debug.py first seen with mtime 1723326132.0711086
File C:\Users\Fulgrim\AppData\Local\Programs\Python\Python312\Lib\struct.py first seen with mtime 1717714452.0
File C:\Users\Fulgrim\.vscode\extensions\ms-python.debugpy-2024.12.0-win32-x64\bundled\libs\debugpy\_vendored\pydevd\pydev_ipython\__init__.py first seen with mtime 1729949493.3341117
File C:\Users\Fulgrim\.vscode\extensions\ms-python.debugpy-2024.12.0-win32-x64\bundled\libs\debugpy\_vendored\pydevd\_pydevd_bundle\pydevd_comm_constants.py first seen with mtime 1729949493.2769368
File C:\Users\Fulgrim\AppData\Local\Programs\Python\Python312\Lib\asyncio\tasks.py first seen with mtime 1717714452.0
File C:\Users\Fulgrim\AppData\Local\Programs\Python\Python312\Lib\site-packages\django\__init__.py first seen with mtime 1723326130.289361
File C:\Users\Fulgrim\AppData\Local\Programs\Python\Python312\Lib\site-packages\django\db\migrations\operations\special.py first seen with mtime 1723326131.9595635
File C:\Users\Fulgrim\.vscode\extensions\ms-python.debugpy-2024.12.0-win32-x64\bundled\libs\debugpy\_vendored\pydevd\_pydevd_bundle\pydevd_concurrency_analyser\pydevd_concurrency_logger.py first seen with mtime 1729949493.8379045
File C:\Users\Fulgrim\AppData\Local\Programs\Python\Python312\Lib\copyreg.py first seen with mtime 1717714452.0
File C:\Users\Fulgrim\.vscode\extensions\ms-python.debugpy-2024.12.0-win32-x64\bundled\libs\debugpy\_version.py first seen with mtime 1729949492.5887544
File C:\Users\Fulgrim\AppData\Local\Programs\Python\Python312\Lib\site-packages\django\contrib\admin\sites.py first seen with mtime 1723326130.4784036
File C:\Users\Fulgrim\AppData\Local\Programs\Python\Python312\Lib\site-packages\sqlparse\filters\output.py first seen with mtime 1723326129.91682
File C:\Users\Fulgrim\AppData\Local\Programs\Python\Python312\Lib\site-packages\django\core\checks\compatibility\django_4_0.py first seen with mtime 1723326131.8964987
File C:\Users\Fulgrim\AppData\Local\Programs\Python\Python312\Lib\site-packages\django\views\generic\edit.py first seen with mtime 1723326132.0711086
File C:\Users\Fulgrim\AppData\Local\Programs\Python\Python312\Lib\site-packages\django\db\backends\__init__.py first seen with mtime 1723326131.9282298
File C:\Users\Fulgrim\AppData\Local\Programs\Python\Python312\Lib\site-packages\django\core\files\temp.py first seen with mtime 1723326131.8964987
File C:\Users\Fulgrim\AppData\Local\Programs\Python\Python312\Lib\asyncio\subprocess.py first seen with mtime 1717714452.0
File C:\Users\Fulgrim\.vscode\extensions\ms-python.debugpy-2024.12.0-win32-x64\bundled\libs\debugpy\_vendored\pydevd\_pydevd_bundle\pydevd_save_locals.py first seen with mtime 1729949493.00831
File C:\Users\Fulgrim\AppData\Local\Programs\Python\Python312\Lib\site-packages\django\forms\widgets.py first seen with mtime 1723326131.9755762
File C:\Users\Fulgrim\AppData\Local\Programs\Python\Python312\Lib\pkgutil.py first seen with mtime 1717714452.0
File C:\Users\Fulgrim\AppData\Local\Programs\Python\Python312\Lib\site-packages\django\apps\__init__.py first seen with mtime 1723326130.289361
File C:\Users\Fulgrim\AppData\Local\Programs\Python\Python312\Lib\site-packages\django\db\models\fields\related_descriptors.py first seen with mtime 1723326131.9755762
File C:\Users\Fulgrim\.vscode\extensions\ms-python.debugpy-2024.12.0-win32-x64\bundled\libs\debugpy\_vendored\pydevd\_pydevd_bundle\pydevd_net_command.py first seen with mtime 1729949493.078292
File C:\Users\Fulgrim\.vscode\extensions\ms-python.debugpy-2024.12.0-win32-x64\bundled\libs\debugpy\_vendored\pydevd\_pydevd_bundle\pydevd_comm.py first seen with mtime 1729949493.288004
File C:\Users\Fulgrim\AppData\Local\Programs\Python\Python312\Lib\asyncio\__init__.py first seen with mtime 1717714452.0
File C:\Users\Fulgrim\AppData\Local\Programs\Python\Python312\Lib\site-packages\django\utils\encoding.py first seen with mtime 1723326132.0550916
File C:\Users\Fulgrim\AppData\Local\Programs\Python\Python312\Lib\numbers.py first seen with mtime 1717714452.0
File C:\xampp\htdocs\AVITech\Prueba5\SGC\SGC\settings.py first seen with mtime 1731181868.1281946
File C:\Users\Fulgrim\AppData\Local\Programs\Python\Python312\Lib\site-packages\django\shortcuts.py first seen with mtime 1723326130.289361
File C:\Users\Fulgrim\AppData\Local\Programs\Python\Python312\Lib\site-packages\django\template\loaders\__init__.py first seen with mtime 1723326132.03898
File C:\Users\Fulgrim\.vscode\extensions\ms-python.debugpy-2024.12.0-win32-x64\bundled\libs\debugpy\_vendored\pydevd\_pydevd_bundle\pydevd_utils.py first seen with mtime 1729949492.9517343
File C:\Users\Fulgrim\.vscode\extensions\ms-python.debugpy-2024.12.0-win32-x64\bundled\libs\debugpy\_vendored\pydevd\pydevd_plugins\extensions\types\pydevd_plugins_django_form_str.py first seen with mtime 1729949494.020405
File C:\Users\Fulgrim\AppData\Local\Programs\Python\Python312\Lib\quopri.py first seen with mtime 1717714452.0
File C:\Users\Fulgrim\AppData\Local\Programs\Python\Python312\Lib\site-packages\django\contrib\sites\management.py first seen with mtime 1723326131.7706008
File C:\Users\Fulgrim\AppData\Local\Programs\Python\Python312\Lib\site-packages\django\contrib\auth\apps.py first seen with mtime 1723326130.8974733
File C:\Users\Fulgrim\.vscode\extensions\ms-python.debugpy-2024.12.0-win32-x64\bundled\libs\debugpy\_vendored\pydevd\_pydevd_bundle\pydevd_custom_frames.py first seen with mtime 1729949493.2707877
File C:\Users\Fulgrim\AppData\Local\Programs\Python\Python312\Lib\site-packages\django\contrib\auth\__init__.py first seen with mtime 1723326130.8974733
File C:\Users\Fulgrim\AppData\Local\Programs\Python\Python312\Lib\site-packages\django\forms\__init__.py first seen with mtime 1723326131.9755762
File C:\Users\Fulgrim\.vscode\extensions\ms-python.debugpy-2024.12.0-win32-x64\bundled\libs\debugpy\_vendored\pydevd\_pydev_bundle\pydev_umd.py first seen with mtime 1729949492.7899423
File C:\Users\Fulgrim\AppData\Local\Programs\Python\Python312\Lib\email\generator.py first seen with mtime 1717714452.0
File C:\Users\Fulgrim\AppData\Local\Programs\Python\Python312\Lib\site-packages\django\contrib\sites\apps.py first seen with mtime 1723326131.7706008
File C:\Users\Fulgrim\AppData\Local\Programs\Python\Python312\Lib\site-packages\django\utils\duration.py first seen with mtime 1723326132.0550916
File C:\Users\Fulgrim\AppData\Local\Programs\Python\Python312\Lib\lzma.py first seen with mtime 1717714452.0
File C:\Users\Fulgrim\AppData\Local\Programs\Python\Python312\Lib\asyncio\format_helpers.py first seen with mtime 1717714452.0
File C:\Users\Fulgrim\AppData\Local\Programs\Python\Python312\Lib\site-packages\django\utils\datastructures.py first seen with mtime 1723326132.0550916
File C:\Users\Fulgrim\AppData\Local\Programs\Python\Python312\Lib\site-packages\django\utils\regex_helper.py first seen with mtime 1723326132.065099
File C:\Users\Fulgrim\AppData\Local\Programs\Python\Python312\Lib\site-packages\django\utils\lorem_ipsum.py first seen with mtime 1723326132.065099
File C:\Users\Fulgrim\AppData\Local\Programs\Python\Python312\Lib\site-packages\sqlparse\engine\filter_stack.py first seen with mtime 1723326129.91682
File C:\Users\Fulgrim\AppData\Local\Programs\Python\Python312\Lib\xml\__init__.py first seen with mtime 1717714452.0
File C:\Users\Fulgrim\.vscode\extensions\ms-python.debugpy-2024.12.0-win32-x64\bundled\libs\debugpy\_vendored\pydevd\pydevd_plugins\extensions\types\pydevd_plugin_pandas_types.py first seen with mtime 1729949494.0154064
File C:\Users\Fulgrim\AppData\Local\Programs\Python\Python312\Lib\collections\abc.py first seen with mtime 1717714452.0
File C:\Users\Fulgrim\.vscode\extensions\ms-python.debugpy-2024.12.0-win32-x64\bundled\libs\debugpy\_vendored\pydevd\_pydevd_bundle\pydevd_vars.py first seen with mtime 1729949492.9499786
File C:\Users\Fulgrim\AppData\Local\Programs\Python\Python312\Lib\site-packages\django\db\migrations\exceptions.py first seen with mtime 1723326131.9438665
File C:\Users\Fulgrim\.vscode\extensions\ms-python.debugpy-2024.12.0-win32-x64\bundled\libs\debugpy\_vendored\pydevd\_pydevd_bundle\pydevd_dont_trace.py first seen with mtime 1729949493.1519995
File C:\Users\Fulgrim\.vscode\extensions\ms-python.debugpy-2024.12.0-win32-x64\bundled\libs\debugpy\_vendored\pydevd\_pydevd_bundle\pydevd_additional_thread_info_regular.py first seen with mtime 1729949493.319837
File C:\Users\Fulgrim\AppData\Local\Programs\Python\Python312\Lib\email\quoprimime.py first seen with mtime 1717714452.0
File C:\Users\Fulgrim\AppData\Local\Programs\Python\Python312\Lib\email\errors.py first seen with mtime 1717714452.0
File C:\Users\Fulgrim\.vscode\extensions\ms-python.debugpy-2024.12.0-win32-x64\bundled\libs\debugpy\_vendored\pydevd\_pydevd_bundle\pydevd_xml.py first seen with mtime 1729949492.9380796
File C:\Users\Fulgrim\AppData\Local\Programs\Python\Python312\Lib\site-packages\django\db\models\functions\window.py first seen with mtime 1723326131.9755762
File C:\Users\Fulgrim\AppData\Local\Programs\Python\Python312\Lib\concurrent\futures\_base.py first seen with mtime 1717714452.0
File C:\Users\Fulgrim\AppData\Local\Programs\Python\Python312\Lib\hmac.py first seen with mtime 1717714452.0
File C:\Users\Fulgrim\AppData\Local\Programs\Python\Python312\Lib\site-packages\sqlparse\engine\statement_splitter.py first seen with mtime 1723326129.91682
File C:\Users\Fulgrim\AppData\Local\Programs\Python\Python312\Lib\email\utils.py first seen with mtime 1717714452.0
File C:\Users\Fulgrim\AppData\Local\Programs\Python\Python312\Lib\site-packages\django\urls\resolvers.py first seen with mtime 1723326132.0550916
File C:\Users\Fulgrim\AppData\Local\Programs\Python\Python312\Lib\site-packages\django\core\checks\security\sessions.py first seen with mtime 1723326131.8964987
File C:\Users\Fulgrim\AppData\Local\Programs\Python\Python312\Lib\site-packages\django\template\base.py first seen with mtime 1723326132.023344
File C:\Users\Fulgrim\AppData\Local\Programs\Python\Python312\Lib\site-packages\django\views\decorators\__init__.py first seen with mtime 1723326132.0711086
File C:\Users\Fulgrim\.vscode\extensions\ms-python.debugpy-2024.12.0-win32-x64\bundled\libs\debugpy\_vendored\pydevd\pydev_ipython\inputhook.py first seen with mtime 1729949493.4560575
File C:\Users\Fulgrim\AppData\Local\Programs\Python\Python312\Lib\site-packages\django\db\models\utils.py first seen with mtime 1723326131.9695692
File C:\Users\Fulgrim\AppData\Local\Programs\Python\Python312\Lib\ssl.py first seen with mtime 1717714452.0
File C:\Users\Fulgrim\AppData\Local\Programs\Python\Python312\Lib\site-packages\django\db\models\signals.py first seen with mtime 1723326131.9695692
File C:\Users\Fulgrim\AppData\Local\Programs\Python\Python312\Lib\shutil.py first seen with mtime 1717714452.0
File C:\Users\Fulgrim\AppData\Local\Programs\Python\Python312\Lib\asyncio\base_futures.py first seen with mtime 1717714452.0
File C:\Users\Fulgrim\AppData\Local\Programs\Python\Python312\Lib\site-packages\django\core\mail\__init__.py first seen with mtime 1723326131.8964987
File C:\xampp\htdocs\AVITech\Prueba5\SGC\AppBack\apps.py first seen with mtime 1722984829.2325146
File C:\Users\Fulgrim\AppData\Local\Programs\Python\Python312\DLLs\_zoneinfo.pyd first seen with mtime 1717714502.0
File C:\Users\Fulgrim\AppData\Local\Programs\Python\Python312\Lib\site-packages\sqlparse\engine\grouping.py first seen with mtime 1723326129.91682
File C:\Users\Fulgrim\AppData\Local\Programs\Python\Python312\Lib\site-packages\django\db\utils.py first seen with mtime 1723326131.9282298
File C:\Users\Fulgrim\.vscode\extensions\ms-python.debugpy-2024.12.0-win32-x64\bundled\libs\debugpy\_vendored\pydevd\_pydevd_bundle\pydevd_vm_type.py first seen with mtime 1729949492.9443855
File C:\Users\Fulgrim\.vscode\extensions\ms-python.debugpy-2024.12.0-win32-x64\bundled\libs\debugpy\_vendored\_util.py first seen with mtime 1729949492.598315
File C:\Users\Fulgrim\.vscode\extensions\ms-python.debugpy-2024.12.0-win32-x64\bundled\libs\debugpy\_vendored\pydevd\_pydevd_bundle\pydevd_command_line_handling.py first seen with mtime 1729949493.2811868
File C:\Users\Fulgrim\AppData\Local\Programs\Python\Python312\Lib\site-packages\django\core\checks\caches.py first seen with mtime 1723326131.880859
File C:\Users\Fulgrim\AppData\Local\Programs\Python\Python312\Lib\stat.py first seen with mtime 1717714452.0
File C:\Users\Fulgrim\AppData\Local\Programs\Python\Python312\Lib\site-packages\django\db\models\sql\subqueries.py first seen with mtime 1723326131.9755762
File C:\Users\Fulgrim\.vscode\extensions\ms-python.debugpy-2024.12.0-win32-x64\bundled\libs\debugpy\_vendored\pydevd\_pydevd_frame_eval\vendored\bytecode\concrete.py first seen with mtime 1729949494.0048187
File C:\Users\Fulgrim\AppData\Local\Programs\Python\Python312\Lib\site-packages\django\core\management\color.py first seen with mtime 1723326131.912207
File C:\Users\Fulgrim\AppData\Local\Programs\Python\Python312\Lib\tokenize.py first seen with mtime 1717714452.0
File C:\Users\Fulgrim\AppData\Local\Programs\Python\Python312\Lib\site-packages\django\db\models\functions\text.py first seen with mtime 1723326131.9755762
File C:\Users\Fulgrim\AppData\Local\Programs\Python\Python312\Lib\logging\__init__.py first seen with mtime 1717714452.0
File C:\Users\Fulgrim\AppData\Local\Programs\Python\Python312\Lib\asyncio\futures.py first seen with mtime 1717714452.0
File C:\Users\Fulgrim\AppData\Local\Programs\Python\Python312\Lib\site-packages\django\http\multipartparser.py first seen with mtime 1723326132.023344
File C:\Users\Fulgrim\.vscode\extensions\ms-python.debugpy-2024.12.0-win32-x64\bundled\libs\debugpy\_vendored\pydevd\_pydev_bundle\_pydev_completer.py first seen with mtime 1729949492.7782845
File C:\Users\Fulgrim\AppData\Local\Programs\Python\Python312\Lib\site-packages\django\core\paginator.py first seen with mtime 1723326131.880859
File C:\Users\Fulgrim\AppData\Local\Programs\Python\Python312\Lib\site-packages\django\db\__init__.py first seen with mtime 1723326131.9282298
File C:\Users\Fulgrim\AppData\Local\Programs\Python\Python312\Lib\site-packages\django\utils\numberformat.py first seen with mtime 1723326132.065099
File C:\Users\Fulgrim\AppData\Local\Programs\Python\Python312\Lib\re\_constants.py first seen with mtime 1717714452.0
File C:\Users\Fulgrim\AppData\Local\Programs\Python\Python312\Lib\site-packages\django\core\servers\basehttp.py first seen with mtime 1723326131.9282298
File C:\Users\Fulgrim\.vscode\extensions\ms-python.debugpy-2024.12.0-win32-x64\bundled\libs\debugpy\_vendored\pydevd\pydevd_plugins\pydevd_line_validation.py first seen with mtime 1729949493.4621263
File C:\Users\Fulgrim\AppData\Local\Programs\Python\Python312\Lib\site-packages\django\apps\registry.py first seen with mtime 1723326130.289361
File C:\Users\Fulgrim\AppData\Local\Programs\Python\Python312\Lib\site-packages\django\forms\renderers.py first seen with mtime 1723326131.9755762
File C:\Users\Fulgrim\AppData\Local\Programs\Python\Python312\Lib\site-packages\django\contrib\contenttypes\apps.py first seen with mtime 1723326131.023843
File C:\Users\Fulgrim\AppData\Local\Programs\Python\Python312\Lib\site-packages\django\http\__init__.py first seen with mtime 1723326132.023344
File C:\Users\Fulgrim\AppData\Local\Programs\Python\Python312\Lib\_markupbase.py first seen with mtime 1717714452.0
File C:\Users\Fulgrim\AppData\Local\Programs\Python\Python312\Lib\site-packages\django\contrib\sessions\apps.py first seen with mtime 1723326131.6746955
File C:\Users\Fulgrim\AppData\Local\Programs\Python\Python312\Lib\site-packages\django\middleware\csrf.py first seen with mtime 1723326132.023344
File C:\Users\Fulgrim\AppData\Local\Programs\Python\Python312\Lib\_weakrefset.py first seen with mtime 1717714452.0
File C:\Users\Fulgrim\AppData\Local\Programs\Python\Python312\Lib\urllib\parse.py first seen with mtime 1717714452.0
File C:\Users\Fulgrim\AppData\Local\Programs\Python\Python312\Lib\site-packages\django\contrib\admin\utils.py first seen with mtime 1723326130.4784036
File C:\Users\Fulgrim\AppData\Local\Programs\Python\Python312\Lib\html\entities.py first seen with mtime 1717714452.0
File C:\Users\Fulgrim\AppData\Local\Programs\Python\Python312\Lib\site-packages\django\db\models\lookups.py first seen with mtime 1723326131.9595635
File C:\Users\Fulgrim\AppData\Local\Programs\Python\Python312\Lib\site-packages\django\core\management\base.py first seen with mtime 1723326131.912207
File C:\Users\Fulgrim\AppData\Local\Programs\Python\Python312\Lib\site-packages\django\views\generic\base.py first seen with mtime 1723326132.0711086
File C:\Users\Fulgrim\AppData\Local\Programs\Python\Python312\Lib\site-packages\django\forms\boundfield.py first seen with mtime 1723326131.9755762
File C:\Users\Fulgrim\AppData\Local\Programs\Python\Python312\Lib\asyncio\taskgroups.py first seen with mtime 1717714452.0
File C:\Users\Fulgrim\.vscode\extensions\ms-python.debugpy-2024.12.0-win32-x64\bundled\libs\debugpy\_vendored\pydevd\_pydevd_bundle\pydevd_constants.py first seen with mtime 1729949493.2737718
File C:\Users\Fulgrim\AppData\Local\Programs\Python\Python312\Lib\site-packages\django\db\backends\base\operations.py first seen with mtime 1723326131.9282298
File C:\Users\Fulgrim\AppData\Local\Programs\Python\Python312\Lib\site-packages\django\urls\conf.py first seen with mtime 1723326132.04899
File C:\Users\Fulgrim\AppData\Local\Programs\Python\Python312\Lib\json\scanner.py first seen with mtime 1717714452.0
File C:\Users\Fulgrim\AppData\Local\Programs\Python\Python312\Lib\site-packages\django\utils\functional.py first seen with mtime 1723326132.065099
File C:\Users\Fulgrim\AppData\Local\Programs\Python\Python312\Lib\site-packages\django\utils\translation\__init__.py first seen with mtime 1723326132.0711086
File C:\Users\Fulgrim\.vscode\extensions\ms-python.debugpy-2024.12.0-win32-x64\bundled\libs\debugpy\_vendored\pydevd\_pydevd_bundle\pydevd_io.py first seen with mtime 1729949493.102326
File C:\Users\Fulgrim\AppData\Local\Programs\Python\Python312\Lib\site-packages\django\core\files\__init__.py first seen with mtime 1723326131.8964987
File C:\Users\Fulgrim\AppData\Local\Programs\Python\Python312\Lib\site-packages\django\core\serializers\base.py first seen with mtime 1723326131.9222176
File C:\Users\Fulgrim\AppData\Local\Programs\Python\Python312\Lib\site-packages\asgiref\__init__.py first seen with mtime 1723326130.1641204
File C:\Users\Fulgrim\.vscode\extensions\ms-python.debugpy-2024.12.0-win32-x64\bundled\libs\debugpy\_vendored\pydevd\_pydevd_bundle\pydevd_reload.py first seen with mtime 1729949493.0248623
File C:\Users\Fulgrim\AppData\Local\Programs\Python\Python312\Lib\site-packages\django\contrib\sites\checks.py first seen with mtime 1723326131.7706008
File C:\Users\Fulgrim\AppData\Local\Programs\Python\Python312\Lib\glob.py first seen with mtime 1717714452.0
File C:\Users\Fulgrim\AppData\Local\Programs\Python\Python312\Lib\site-packages\sqlparse\sql.py first seen with mtime 1723326129.91682
File C:\Users\Fulgrim\AppData\Local\Programs\Python\Python312\Lib\site-packages\rest_framework\authtoken\__init__.py first seen with mtime 1723326139.5698862
File C:\Users\Fulgrim\AppData\Local\Programs\Python\Python312\Lib\site-packages\django\forms\models.py first seen with mtime 1723326131.9755762
File C:\Users\Fulgrim\AppData\Local\Programs\Python\Python312\Lib\site-packages\django\core\wsgi.py first seen with mtime 1723326131.880859
File C:\Users\Fulgrim\.vscode\extensions\ms-python.debugpy-2024.12.0-win32-x64\bundled\libs\debugpy\_vendored\pydevd\_pydev_bundle\pydev_imports.py first seen with mtime 1729949492.8181784
File C:\Users\Fulgrim\AppData\Local\Programs\Python\Python312\Lib\site-packages\django\db\transaction.py first seen with mtime 1723326131.9282298
File C:\Users\Fulgrim\AppData\Local\Programs\Python\Python312\Lib\keyword.py first seen with mtime 1717714452.0
File C:\Users\Fulgrim\AppData\Local\Programs\Python\Python312\DLLs\select.pyd first seen with mtime 1717714502.0
File C:\Users\Fulgrim\AppData\Local\Programs\Python\Python312\Lib\site-packages\sqlparse\filters\__init__.py first seen with mtime 1723326129.91682
File C:\Users\Fulgrim\.vscode\extensions\ms-python.debugpy-2024.12.0-win32-x64\bundled\libs\debugpy\_vendored\pydevd\_pydevd_frame_eval\vendored\bytecode\__init__.py first seen with mtime 1729949493.9908874
File C:\Users\Fulgrim\AppData\Local\Programs\Python\Python312\Lib\datetime.py first seen with mtime 1717714452.0
File C:\Users\Fulgrim\AppData\Local\Programs\Python\Python312\Lib\argparse.py first seen with mtime 1717714452.0
File C:\Users\Fulgrim\AppData\Local\Programs\Python\Python312\Lib\asyncio\base_events.py first seen with mtime 1717714452.0
File C:\Users\Fulgrim\AppData\Local\Programs\Python\Python312\Lib\asyncio\windows_utils.py first seen with mtime 1717714452.0
File C:\Users\Fulgrim\AppData\Local\Programs\Python\Python312\Lib\site-packages\django\utils\log.py first seen with mtime 1723326132.065099
File C:\Users\Fulgrim\AppData\Local\Programs\Python\Python312\Lib\linecache.py first seen with mtime 1717714452.0
File C:\Users\Fulgrim\AppData\Local\Programs\Python\Python312\Lib\encodings\aliases.py first seen with mtime 1717714452.0
File C:\Users\Fulgrim\AppData\Local\Programs\Python\Python312\Lib\site-packages\django\db\models\functions\datetime.py first seen with mtime 1723326131.9755762
File C:\Users\Fulgrim\AppData\Local\Programs\Python\Python312\Lib\importlib\__init__.py first seen with mtime 1717714452.0
File C:\Users\Fulgrim\.vscode\extensions\ms-python.debugpy-2024.12.0-win32-x64\bundled\libs\debugpy\_vendored\pydevd\_pydev_bundle\_pydev_filesystem_encoding.py first seen with mtime 1729949492.7711198
File C:\Users\Fulgrim\AppData\Local\Programs\Python\Python312\Lib\site-packages\django\db\models\fields\related.py first seen with mtime 1723326131.9695692
File C:\Users\Fulgrim\AppData\Local\Programs\Python\Python312\Lib\site-packages\django\db\models\sql\query.py first seen with mtime 1723326131.9755762
File C:\Users\Fulgrim\AppData\Local\Programs\Python\Python312\Lib\site-packages\django\contrib\admin\filters.py first seen with mtime 1723326130.4723978
File C:\Users\Fulgrim\.vscode\extensions\ms-python.debugpy-2024.12.0-win32-x64\bundled\libs\debugpy\_vendored\pydevd\_pydev_bundle\pydev_monkey.py first seen with mtime 1729949492.7969563
File C:\Users\Fulgrim\AppData\Local\Programs\Python\Python312\Lib\site-packages\sqlparse\__init__.py first seen with mtime 1723326129.910815
File C:\Users\Fulgrim\AppData\Local\Programs\Python\Python312\Lib\site-packages\django\utils\timezone.py first seen with mtime 1723326132.0711086
File C:\Users\Fulgrim\AppData\Local\Programs\Python\Python312\Lib\site-packages\django\core\__init__.py first seen with mtime 1723326131.880859
File C:\Users\Fulgrim\AppData\Local\Programs\Python\Python312\Lib\site-packages\django\template\engine.py first seen with mtime 1723326132.023344
File C:\Users\Fulgrim\AppData\Local\Programs\Python\Python312\Lib\site-packages\django\core\cache\backends\__init__.py first seen with mtime 1723326131.880859
File C:\Users\Fulgrim\AppData\Local\Programs\Python\Python312\Lib\platform.py first seen with mtime 1717714452.0
File C:\Users\Fulgrim\.vscode\extensions\ms-python.debugpy-2024.12.0-win32-x64\bundled\libs\debugpy\_vendored\pydevd\_pydev_runfiles\__init__.py first seen with mtime 1729949492.7040522
File C:\Users\Fulgrim\.vscode\extensions\ms-python.debugpy-2024.12.0-win32-x64\bundled\libs\debugpy\_vendored\pydevd\_pydev_bundle\pydev_is_thread_alive.py first seen with mtime 1729949492.8082685
File C:\Users\Fulgrim\AppData\Local\Programs\Python\Python312\Lib\site-packages\django\core\files\storage\__init__.py first seen with mtime 1723326131.8964987
File C:\Users\Fulgrim\AppData\Local\Programs\Python\Python312\Lib\http\cookies.py first seen with mtime 1717714452.0
File C:\Users\Fulgrim\AppData\Local\Programs\Python\Python312\Lib\types.py first seen with mtime 1717714452.0
File C:\Users\Fulgrim\AppData\Local\Programs\Python\Python312\Lib\site-packages\django\forms\utils.py first seen with mtime 1723326131.9755762
File C:\Users\Fulgrim\.vscode\extensions\ms-python.debugpy-2024.12.0-win32-x64\bundled\libs\debugpy\_vendored\pydevd\_pydevd_bundle\pydevd_console.py first seen with mtime 1729949493.2752764
File C:\Users\Fulgrim\.vscode\extensions\ms-python.debugpy-2024.12.0-win32-x64\bundled\libs\debugpy\_vendored\pydevd\pydevd_plugins\jinja2_debug.py first seen with mtime 1729949493.4652512
File C:\Users\Fulgrim\AppData\Local\Programs\Python\Python312\Lib\concurrent\futures\thread.py first seen with mtime 1717714452.0
File C:\Users\Fulgrim\AppData\Local\Programs\Python\Python312\Lib\site-packages\django\core\servers\__init__.py first seen with mtime 1723326131.9282298
File C:\Users\Fulgrim\AppData\Local\Programs\Python\Python312\Lib\site-packages\django\contrib\contenttypes\__init__.py first seen with mtime 1723326131.023843
File C:\Users\Fulgrim\AppData\Local\Programs\Python\Python312\Lib\site-packages\django\core\checks\messages.py first seen with mtime 1723326131.880859
File C:\Users\Fulgrim\AppData\Local\Programs\Python\Python312\Lib\logging\handlers.py first seen with mtime 1717714452.0
File C:\Users\Fulgrim\AppData\Local\Programs\Python\Python312\Lib\site-packages\sqlparse\lexer.py first seen with mtime 1723326129.91682
File C:\Users\Fulgrim\AppData\Local\Programs\Python\Python312\Lib\site-packages\sqlparse\filters\aligned_indent.py first seen with mtime 1723326129.91682
File C:\Users\Fulgrim\AppData\Local\Programs\Python\Python312\Lib\site-packages\django\template\autoreload.py first seen with mtime 1723326132.023344
File C:\Users\Fulgrim\AppData\Local\Programs\Python\Python312\Lib\site-packages\django\contrib\admin\actions.py first seen with mtime 1723326130.4723978
File C:\Users\Fulgrim\.vscode\extensions\ms-python.debugpy-2024.12.0-win32-x64\bundled\libs\debugpy\_vendored\pydevd\_pydevd_bundle\pydevd_collect_bytecode_info.py first seen with mtime 1729949493.2942033
File C:\Users\Fulgrim\AppData\Local\Programs\Python\Python312\Lib\site-packages\django\db\models\functions\__init__.py first seen with mtime 1723326131.9755762
File C:\Users\Fulgrim\AppData\Local\Programs\Python\Python312\Lib\site-packages\sqlparse\filters\right_margin.py first seen with mtime 1723326129.91682
File C:\Users\Fulgrim\AppData\Local\Programs\Python\Python312\Lib\site-packages\django\templatetags\static.py first seen with mtime 1723326132.03898
File C:\Users\Fulgrim\AppData\Local\Programs\Python\Python312\Lib\asyncio\queues.py first seen with mtime 1717714452.0
File C:\Users\Fulgrim\AppData\Local\Programs\Python\Python312\DLLs\unicodedata.pyd first seen with mtime 1717714502.0
File C:\Users\Fulgrim\.vscode\extensions\ms-python.debugpy-2024.12.0-win32-x64\bundled\libs\debugpy\_vendored\pydevd\_pydevd_bundle\pydevd_api.py first seen with mtime 1729949493.3168142
File C:\xampp\htdocs\AVITech\Prueba5\SGC\SGC\__init__.py first seen with mtime 1722984829.239309
File C:\Users\Fulgrim\AppData\Local\Programs\Python\Python312\Lib\site-packages\django\core\files\uploadedfile.py first seen with mtime 1723326131.8964987
File C:\Users\Fulgrim\AppData\Local\Programs\Python\Python312\Lib\http\client.py first seen with mtime 1717714452.0
File C:\Users\Fulgrim\AppData\Local\Programs\Python\Python312\Lib\xmlrpc\__init__.py first seen with mtime 1717714452.0
File C:\Users\Fulgrim\AppData\Local\Programs\Python\Python312\Lib\re\__init__.py first seen with mtime 1717714452.0
File C:\Users\Fulgrim\AppData\Local\Programs\Python\Python312\Lib\site-packages\django\core\checks\compatibility\__init__.py first seen with mtime 1723326131.8964987
File C:\Users\Fulgrim\.vscode\extensions\ms-python.debugpy-2024.12.0-win32-x64\bundled\libs\debugpy\_vendored\pydevd\_pydevd_bundle\pydevd_daemon_thread.py first seen with mtime 1729949493.1605675
File C:\Users\Fulgrim\AppData\Local\Programs\Python\Python312\Lib\site-packages\django\http\request.py first seen with mtime 1723326132.023344
File C:\Users\Fulgrim\AppData\Local\Programs\Python\Python312\Lib\email\header.py first seen with mtime 1717714452.0
File C:\Users\Fulgrim\.vscode\extensions\ms-python.debugpy-2024.12.0-win32-x64\bundled\libs\debugpy\_vendored\pydevd\_pydev_bundle\_pydev_tipper_common.py first seen with mtime 1729949492.7372158
File C:\Users\Fulgrim\AppData\Local\Programs\Python\Python312\Lib\site-packages\django\core\cache\__init__.py first seen with mtime 1723326131.880859
File C:\Users\Fulgrim\.vscode\extensions\ms-python.debugpy-2024.12.0-win32-x64\bundled\libs\debugpy\_vendored\pydevd\pydevd_plugins\django_debug.py first seen with mtime 1729949493.4681656
File C:\Users\Fulgrim\AppData\Local\Programs\Python\Python312\Lib\site-packages\django\contrib\contenttypes\checks.py first seen with mtime 1723326131.023843
File C:\Users\Fulgrim\AppData\Local\Programs\Python\Python312\Lib\email\mime\message.py first seen with mtime 1717714452.0
File C:\Users\Fulgrim\AppData\Local\Programs\Python\Python312\Lib\site-packages\django\utils\termcolors.py first seen with mtime 1723326132.065099
File C:\Users\Fulgrim\AppData\Local\Programs\Python\Python312\DLLs\_overlapped.pyd first seen with mtime 1717714502.0
File C:\Users\Fulgrim\AppData\Local\Programs\Python\Python312\DLLs\_ctypes.pyd first seen with mtime 1717714502.0
File C:\xampp\htdocs\AVITech\Prueba5\SGC\manage.py first seen with mtime 1729949419.464719
File C:\Users\Fulgrim\AppData\Local\Programs\Python\Python312\Lib\site-packages\django\utils\text.py first seen with mtime 1723326132.0711086
File C:\Users\Fulgrim\AppData\Local\Programs\Python\Python312\Lib\email\feedparser.py first seen with mtime 1717714452.0
File C:\Users\Fulgrim\AppData\Local\Programs\Python\Python312\Lib\html\parser.py first seen with mtime 1717714452.0
File C:\Users\Fulgrim\AppData\Local\Programs\Python\Python312\Lib\asyncio\transports.py first seen with mtime 1717714452.0
File C:\Users\Fulgrim\AppData\Local\Programs\Python\Python312\Lib\asyncio\locks.py first seen with mtime 1717714452.0
File C:\Users\Fulgrim\.vscode\extensions\ms-python.debugpy-2024.12.0-win32-x64\bundled\libs\debugpy\_vendored\pydevd\_pydevd_bundle\__init__.py first seen with mtime 1729949492.9313884
File C:\Users\Fulgrim\AppData\Local\Programs\Python\Python312\Lib\asyncio\exceptions.py first seen with mtime 1717714452.0
File C:\Users\Fulgrim\AppData\Local\Programs\Python\Python312\Lib\email\mime\nonmultipart.py first seen with mtime 1717714452.0
File C:\Users\Fulgrim\AppData\Local\Programs\Python\Python312\Lib\codecs.py first seen with mtime 1717714452.0
File C:\Users\Fulgrim\AppData\Local\Programs\Python\Python312\Lib\asyncio\sslproto.py first seen with mtime 1717714452.0
File C:\Users\Fulgrim\.vscode\extensions\ms-python.debugpy-2024.12.0-win32-x64\bundled\libs\debugpy\_vendored\pydevd\_pydevd_frame_eval\pydevd_frame_eval_main.py first seen with mtime 1729949492.8865564
File C:\Users\Fulgrim\AppData\Local\Programs\Python\Python312\DLLs\_wmi.pyd first seen with mtime 1717714502.0
File C:\Users\Fulgrim\AppData\Local\Programs\Python\Python312\Lib\asyncio\log.py first seen with mtime 1717714452.0
File C:\Users\Fulgrim\AppData\Local\Programs\Python\Python312\Lib\site-packages\django\db\models\fields\generated.py first seen with mtime 1723326131.9695692
File C:\Users\Fulgrim\AppData\Local\Programs\Python\Python312\Lib\heapq.py first seen with mtime 1717714452.0
File C:\Users\Fulgrim\AppData\Local\Programs\Python\Python312\Lib\logging\config.py first seen with mtime 1717714452.0
File C:\Users\Fulgrim\AppData\Local\Programs\Python\Python312\Lib\collections\__init__.py first seen with mtime 1717714452.0
File C:\Users\Fulgrim\.vscode\extensions\ms-python.debugpy-2024.12.0-win32-x64\bundled\libs\debugpy\_vendored\pydevd\_pydev_bundle\pydev_log.py first seen with mtime 1729949492.7989728
File C:\Users\Fulgrim\AppData\Local\Programs\Python\Python312\Lib\encodings\utf_8.py first seen with mtime 1717714452.0
File C:\Users\Fulgrim\AppData\Local\Programs\Python\Python312\Lib\site-packages\django\utils\http.py first seen with mtime 1723326132.065099
File C:\Users\Fulgrim\AppData\Local\Programs\Python\Python312\Lib\site-packages\django\core\validators.py first seen with mtime 1723326131.880859
File C:\Users\Fulgrim\.vscode\extensions\ms-python.debugpy-2024.12.0-win32-x64\bundled\libs\debugpy\_vendored\pydevd\_pydevd_bundle\pydevd_traceproperty.py first seen with mtime 1729949492.9703639
File C:\Users\Fulgrim\AppData\Local\Programs\Python\Python312\Lib\gzip.py first seen with mtime 1717714452.0
File C:\Users\Fulgrim\AppData\Local\Programs\Python\Python312\Lib\xml\parsers\__init__.py first seen with mtime 1717714452.0
File C:\Users\Fulgrim\AppData\Local\Programs\Python\Python312\Lib\textwrap.py first seen with mtime 1717714452.0
File C:\Users\Fulgrim\AppData\Local\Programs\Python\Python312\DLLs\pyexpat.pyd first seen with mtime 1717714502.0
File C:\Users\Fulgrim\AppData\Local\Programs\Python\Python312\Lib\http\__init__.py first seen with mtime 1717714452.0
File C:\Users\Fulgrim\AppData\Local\Programs\Python\Python312\Lib\site-packages\django\db\models\manager.py first seen with mtime 1723326131.9595635
File C:\Users\Fulgrim\AppData\Local\Programs\Python\Python312\Lib\site-packages\django\contrib\auth\decorators.py first seen with mtime 1723326130.9131744
File C:\Users\Fulgrim\AppData\Local\Programs\Python\Python312\Lib\site-packages\django\contrib\contenttypes\management\__init__.py first seen with mtime 1723326131.115759
File C:\Users\Fulgrim\AppData\Local\Programs\Python\Python312\Lib\site-packages\django\core\checks\files.py first seen with mtime 1723326131.880859
File C:\Users\Fulgrim\.vscode\extensions\ms-python.debugpy-2024.12.0-win32-x64\bundled\libs\debugpy\_vendored\pydevd\_pydevd_bundle\pydevd_net_command_factory_json.py first seen with mtime 1729949493.069278
File C:\Users\Fulgrim\AppData\Local\Programs\Python\Python312\Lib\site-packages\django\db\migrations\operations\fields.py first seen with mtime 1723326131.9595635
File C:\Users\Fulgrim\AppData\Local\Programs\Python\Python312\Lib\site-packages\django\forms\formsets.py first seen with mtime 1723326131.9755762
File C:\Users\Fulgrim\.vscode\extensions\ms-python.debugpy-2024.12.0-win32-x64\bundled\libs\debugpy\_vendored\pydevd\pydevd_plugins\extensions\types\pydevd_helpers.py first seen with mtime 1729949494.0236473
File C:\Users\Fulgrim\AppData\Local\Programs\Python\Python312\Lib\string.py first seen with mtime 1717714452.0
File C:\Users\Fulgrim\AppData\Local\Programs\Python\Python312\Lib\contextvars.py first seen with mtime 1717714452.0
File C:\Users\Fulgrim\AppData\Local\Programs\Python\Python312\Lib\pathlib.py first seen with mtime 1717714452.0
File C:\Users\Fulgrim\AppData\Local\Programs\Python\Python312\Lib\ctypes\__init__.py first seen with mtime 1717714452.0
File C:\Users\Fulgrim\AppData\Local\Programs\Python\Python312\Lib\subprocess.py first seen with mtime 1717714452.0
File C:\Users\Fulgrim\AppData\Local\Programs\Python\Python312\Lib\os.py first seen with mtime 1717714452.0
File C:\Users\Fulgrim\.vscode\extensions\ms-python.debugpy-2024.12.0-win32-x64\bundled\libs\debugpy\_vendored\pydevd\_pydevd_bundle\_debug_adapter\pydevd_schema.py first seen with mtime 1729949493.8164606
File C:\Users\Fulgrim\AppData\Local\Programs\Python\Python312\Lib\email\_header_value_parser.py first seen with mtime 1717714452.0
File C:\Users\Fulgrim\AppData\Local\Programs\Python\Python312\Lib\site-packages\django\db\models\fields\mixins.py first seen with mtime 1723326131.9695692
File C:\Users\Fulgrim\AppData\Local\Programs\Python\Python312\DLLs\_bz2.pyd first seen with mtime 1717714502.0
File C:\Users\Fulgrim\AppData\Local\Programs\Python\Python312\Lib\asyncio\windows_events.py first seen with mtime 1717714452.0
File C:\Users\Fulgrim\AppData\Local\Programs\Python\Python312\Lib\site-packages\django\utils\formats.py first seen with mtime 1723326132.0550916
File C:\Users\Fulgrim\AppData\Local\Programs\Python\Python312\Lib\importlib\machinery.py first seen with mtime 1717714452.0
File C:\Users\Fulgrim\AppData\Local\Programs\Python\Python312\Lib\pickle.py first seen with mtime 1717714452.0
File C:\Users\Fulgrim\AppData\Local\Programs\Python\Python312\Lib\site-packages\django\utils\decorators.py first seen with mtime 1723326132.0550916
File C:\Users\Fulgrim\AppData\Local\Programs\Python\Python312\Lib\site-packages\asgiref\local.py first seen with mtime 1723326130.1641204
File C:\Users\Fulgrim\AppData\Local\Programs\Python\Python312\Lib\site-packages\sqlparse\formatter.py first seen with mtime 1723326129.91682
File C:\Users\Fulgrim\AppData\Local\Programs\Python\Python312\Lib\site-packages\django\middleware\cache.py first seen with mtime 1723326132.023344
File C:\Users\Fulgrim\AppData\Local\Programs\Python\Python312\Lib\site-packages\django\core\files\locks.py first seen with mtime 1723326131.8964987
File C:\Users\Fulgrim\AppData\Local\Programs\Python\Python312\Lib\site-packages\django\template\loaders\filesystem.py first seen with mtime 1723326132.03898
File C:\Users\Fulgrim\AppData\Local\Programs\Python\Python312\Lib\tempfile.py first seen with mtime 1717714452.0
File C:\Users\Fulgrim\AppData\Local\Programs\Python\Python312\Lib\site-packages\django\db\models\sql\constants.py first seen with mtime 1723326131.9755762
File C:\Users\Fulgrim\.vscode\extensions\ms-python.debugpy-2024.12.0-win32-x64\bundled\libs\debugpy\_vendored\pydevd\_pydevd_bundle\pydevd_net_command_factory_xml.py first seen with mtime 1729949493.063001
File C:\Users\Fulgrim\AppData\Local\Programs\Python\Python312\Lib\site-packages\django\core\checks\templates.py first seen with mtime 1723326131.8964987
File C:\Users\Fulgrim\AppData\Local\Programs\Python\Python312\Lib\site-packages\django\urls\exceptions.py first seen with mtime 1723326132.0550916
File C:\Users\Fulgrim\AppData\Local\Programs\Python\Python312\Lib\site-packages\django\templatetags\i18n.py first seen with mtime 1723326132.03898
File C:\Users\Fulgrim\AppData\Local\Programs\Python\Python312\Lib\zoneinfo\_common.py first seen with mtime 1717714452.0
File C:\Users\Fulgrim\AppData\Local\Programs\Python\Python312\Lib\socket.py first seen with mtime 1717714452.0
File C:\Users\Fulgrim\AppData\Local\Programs\Python\Python312\Lib\email\charset.py first seen with mtime 1717714452.0
File C:\Users\Fulgrim\AppData\Local\Programs\Python\Python312\Lib\pprint.py first seen with mtime 1717714452.0
File C:\Users\Fulgrim\.vscode\extensions\ms-python.debugpy-2024.12.0-win32-x64\bundled\libs\debugpy\_vendored\pydevd\_pydevd_bundle\pydevd_timeout.py first seen with mtime 1729949492.9747283
File C:\Users\Fulgrim\.vscode\extensions\ms-python.debugpy-2024.12.0-win32-x64\bundled\libs\debugpy\_vendored\pydevd\_pydevd_bundle\pydevd_safe_repr.py first seen with mtime 1729949493.0120406
File C:\Users\Fulgrim\AppData\Local\Programs\Python\Python312\Lib\site-packages\django\urls\__init__.py first seen with mtime 1723326132.04899
File C:\Users\Fulgrim\.vscode\extensions\ms-python.debugpy-2024.12.0-win32-x64\bundled\libs\debugpy\_vendored\pydevd\_pydevd_bundle\pydevd_defaults.py first seen with mtime 1729949493.157993
File C:\Users\Fulgrim\.vscode\extensions\ms-python.debugpy-2024.12.0-win32-x64\bundled\libs\debugpy\_vendored\pydevd\_pydevd_bundle\pydevd_import_class.py first seen with mtime 1729949493.1048317
File C:\Users\Fulgrim\AppData\Local\Programs\Python\Python312\Lib\bz2.py first seen with mtime 1717714452.0
File C:\Users\Fulgrim\AppData\Local\Programs\Python\Python312\Lib\encodings\idna.py first seen with mtime 1717714452.0
File C:\Users\Fulgrim\AppData\Local\Programs\Python\Python312\Lib\site-packages\django\db\models\base.py first seen with mtime 1723326131.9595635
File C:\Users\Fulgrim\AppData\Local\Programs\Python\Python312\DLLs\_uuid.pyd first seen with mtime 1717714502.0
File C:\Users\Fulgrim\AppData\Local\Programs\Python\Python312\Lib\site-packages\django\core\files\storage\handler.py first seen with mtime 1723326131.8964987
File C:\Users\Fulgrim\AppData\Local\Programs\Python\Python312\Lib\site-packages\django\views\decorators\cache.py first seen with mtime 1723326132.0711086
File C:\Users\Fulgrim\AppData\Local\Programs\Python\Python312\Lib\site-packages\django\contrib\staticfiles\utils.py first seen with mtime 1723326131.880859
File C:\Users\Fulgrim\AppData\Local\Programs\Python\Python312\Lib\site-packages\django\core\files\storage\mixins.py first seen with mtime 1723326131.8964987
File C:\Users\Fulgrim\AppData\Local\Programs\Python\Python312\Lib\site-packages\django\core\checks\async_checks.py first seen with mtime 1723326131.880859
File C:\Users\Fulgrim\AppData\Local\Programs\Python\Python312\Lib\site-packages\django\core\files\storage\base.py first seen with mtime 1723326131.8964987
File C:\Users\Fulgrim\.vscode\extensions\ms-python.debugpy-2024.12.0-win32-x64\bundled\libs\debugpy\_vendored\pydevd\_pydevd_bundle\pydevd_trace_dispatch.py first seen with mtime 1729949492.9659214
File C:\Users\Fulgrim\.vscode\extensions\ms-python.debugpy-2024.12.0-win32-x64\bundled\libs\debugpy\_vendored\pydevd\_pydev_bundle\fsnotify\__init__.py first seen with mtime 1729949493.7608793
File C:\Users\Fulgrim\AppData\Local\Programs\Python\Python312\Lib\calendar.py first seen with mtime 1717714452.0
File C:\Users\Fulgrim\AppData\Local\Programs\Python\Python312\Lib\site-packages\django\template\defaulttags.py first seen with mtime 1723326132.023344
File C:\Users\Fulgrim\AppData\Local\Programs\Python\Python312\Lib\email\contentmanager.py first seen with mtime 1717714452.0
File C:\Users\Fulgrim\AppData\Local\Programs\Python\Python312\Lib\_compat_pickle.py first seen with mtime 1717714452.0
File C:\Users\Fulgrim\AppData\Local\Programs\Python\Python312\Lib\site-packages\django\contrib\staticfiles\checks.py first seen with mtime 1723326131.8748426
File C:\Users\Fulgrim\AppData\Local\Programs\Python\Python312\Lib\site-packages\django\db\models\constraints.py first seen with mtime 1723326131.9595635
File C:\Users\Fulgrim\AppData\Local\Programs\Python\Python312\Lib\site-packages\django\urls\utils.py first seen with mtime 1723326132.0550916
File C:\Users\Fulgrim\AppData\Local\Programs\Python\Python312\Lib\opcode.py first seen with mtime 1717714452.0
File C:\Users\Fulgrim\AppData\Local\Programs\Python\Python312\Lib\site-packages\django\db\models\aggregates.py first seen with mtime 1723326131.9595635
File C:\Users\Fulgrim\AppData\Local\Programs\Python\Python312\Lib\site-packages\django\core\files\move.py first seen with mtime 1723326131.8964987
File C:\Users\Fulgrim\AppData\Local\Programs\Python\Python312\Lib\email\mime\base.py first seen with mtime 1717714452.0
File C:\Users\Fulgrim\AppData\Local\Programs\Python\Python312\Lib\random.py first seen with mtime 1717714452.0
File C:\Users\Fulgrim\.vscode\extensions\ms-python.debugpy-2024.12.0-win32-x64\bundled\libs\debugpy\_vendored\pydevd\_pydevd_bundle\pydevd_cython.cp312-win_amd64.pyd first seen with mtime 1729949493.19928
File C:\Users\Fulgrim\AppData\Local\Programs\Python\Python312\Lib\inspect.py first seen with mtime 1717714452.0
File C:\Users\Fulgrim\AppData\Local\Programs\Python\Python312\Lib\email\message.py first seen with mtime 1717714452.0
File C:\Users\Fulgrim\AppData\Local\Programs\Python\Python312\Lib\site-packages\django\core\checks\security\__init__.py first seen with mtime 1723326131.8964987
File C:\Users\Fulgrim\AppData\Local\Programs\Python\Python312\Lib\_compression.py first seen with mtime 1717714452.0
File C:\Users\Fulgrim\AppData\Local\Programs\Python\Python312\Lib\genericpath.py first seen with mtime 1717714452.0
File C:\Users\Fulgrim\AppData\Local\Programs\Python\Python312\Lib\site-packages\django\contrib\auth\checks.py first seen with mtime 1723326130.8974733
File C:\Users\Fulgrim\AppData\Local\Programs\Python\Python312\Lib\site-packages\sqlparse\filters\reindent.py first seen with mtime 1723326129.91682
File C:\Users\Fulgrim\AppData\Local\Programs\Python\Python312\Lib\functools.py first seen with mtime 1717714452.0
File C:\Users\Fulgrim\.vscode\extensions\ms-python.debugpy-2024.12.0-win32-x64\bundled\libs\debugpy\_vendored\pydevd\_pydev_bundle\pydev_console_utils.py first seen with mtime 1729949492.8223073
File C:\Users\Fulgrim\AppData\Local\Programs\Python\Python312\Lib\site-packages\django\core\checks\__init__.py first seen with mtime 1723326131.880859
File C:\Users\Fulgrim\AppData\Local\Programs\Python\Python312\DLLs\_decimal.pyd first seen with mtime 1717714502.0
File C:\Users\Fulgrim\AppData\Local\Programs\Python\Python312\Lib\site-packages\django\template\smartif.py first seen with mtime 1723326132.03898
File C:\Users\Fulgrim\AppData\Local\Programs\Python\Python312\Lib\site-packages\rest_framework\__init__.py first seen with mtime 1723326139.538869
File C:\Users\Fulgrim\AppData\Local\Programs\Python\Python312\Lib\site-packages\sqlparse\cli.py first seen with mtime 1723326129.910815
File C:\Users\Fulgrim\AppData\Local\Programs\Python\Python312\Lib\site-packages\django\core\signals.py first seen with mtime 1723326131.880859
File C:\Users\Fulgrim\AppData\Local\Programs\Python\Python312\Lib\pydoc.py first seen with mtime 1717714452.0
File C:\Users\Fulgrim\AppData\Local\Programs\Python\Python312\Lib\site-packages\django\core\checks\model_checks.py first seen with mtime 1723326131.880859
File C:\Users\Fulgrim\.vscode\extensions\ms-python.debugpy-2024.12.0-win32-x64\bundled\libs\debugpy\_vendored\pydevd\_pydevd_bundle\pydevd_thread_lifecycle.py first seen with mtime 1729949492.98185
File C:\Users\Fulgrim\AppData\Local\Programs\Python\Python312\Lib\site-packages\django\utils\timesince.py first seen with mtime 1723326132.0711086
File C:\Users\Fulgrim\AppData\Local\Programs\Python\Python312\Lib\site-packages\django\contrib\admin\views\autocomplete.py first seen with mtime 1723326130.7712703
File C:\Users\Fulgrim\AppData\Local\Programs\Python\Python312\Lib\asyncio\trsock.py first seen with mtime 1717714452.0
File C:\Users\Fulgrim\AppData\Local\Programs\Python\Python312\Lib\site-packages\django\utils\inspect.py first seen with mtime 1723326132.065099
File C:\Users\Fulgrim\AppData\Local\Programs\Python\Python312\Lib\site-packages\django\views\generic\__init__.py first seen with mtime 1723326132.0711086
File C:\Users\Fulgrim\AppData\Local\Programs\Python\Python312\Lib\importlib\util.py first seen with mtime 1717714452.0
File C:\Users\Fulgrim\AppData\Local\Programs\Python\Python312\Lib\asyncio\protocols.py first seen with mtime 1717714452.0
File C:\Users\Fulgrim\AppData\Local\Programs\Python\Python312\Lib\site-packages\sqlparse\tokens.py first seen with mtime 1723326129.91682
File C:\Users\Fulgrim\AppData\Local\Programs\Python\Python312\Lib\site-packages\django\templatetags\__init__.py first seen with mtime 1723326132.03898
File C:\Users\Fulgrim\AppData\Local\Programs\Python\Python312\Lib\encodings\__init__.py first seen with mtime 1717714452.0
File C:\Users\Fulgrim\AppData\Local\Programs\Python\Python312\Lib\site-packages\django\utils\dates.py first seen with mtime 1723326132.0550916
File C:\Users\Fulgrim\AppData\Local\Programs\Python\Python312\Lib\site-packages\django\contrib\staticfiles\finders.py first seen with mtime 1723326131.8748426
File C:\Users\Fulgrim\AppData\Local\Programs\Python\Python312\Lib\socketserver.py first seen with mtime 1717714452.0
File C:\Users\Fulgrim\AppData\Local\Programs\Python\Python312\Lib\_sitebuiltins.py first seen with mtime 1717714452.0
File C:\Users\Fulgrim\AppData\Local\Programs\Python\Python312\Lib\site-packages\django\core\checks\database.py first seen with mtime 1723326131.880859
File C:\Users\Fulgrim\AppData\Local\Programs\Python\Python312\Lib\site-packages\django\core\checks\urls.py first seen with mtime 1723326131.8964987
File C:\Users\Fulgrim\AppData\Local\Programs\Python\Python312\Lib\asyncio\base_subprocess.py first seen with mtime 1717714452.0
File C:\Users\Fulgrim\AppData\Local\Programs\Python\Python312\Lib\site-packages\django\db\migrations\__init__.py first seen with mtime 1723326131.9438665
File C:\Users\Fulgrim\AppData\Local\Programs\Python\Python312\DLLs\_asyncio.pyd first seen with mtime 1717714502.0
File C:\Users\Fulgrim\AppData\Local\Programs\Python\Python312\Lib\site-packages\django\contrib\admin\options.py first seen with mtime 1723326130.4723978
File C:\Users\Fulgrim\AppData\Local\Programs\Python\Python312\Lib\site-packages\django\dispatch\dispatcher.py first seen with mtime 1723326131.9755762
File C:\Users\Fulgrim\AppData\Local\Programs\Python\Python312\Lib\site-packages\django\db\models\query.py first seen with mtime 1723326131.9695692
File C:\Users\Fulgrim\AppData\Local\Programs\Python\Python312\Lib\wsgiref\__init__.py first seen with mtime 1717714452.0
File C:\Users\Fulgrim\AppData\Local\Programs\Python\Python312\Lib\site-packages\django\db\models\expressions.py first seen with mtime 1723326131.9595635
File C:\Users\Fulgrim\AppData\Local\Programs\Python\Python312\Lib\copy.py first seen with mtime 1717714452.0
File C:\Users\Fulgrim\AppData\Local\Programs\Python\Python312\Lib\site-packages\django\contrib\sessions\__init__.py first seen with mtime 1723326131.6746955
File C:\Users\Fulgrim\AppData\Local\Programs\Python\Python312\Lib\site-packages\django\core\checks\security\base.py first seen with mtime 1723326131.8964987
File C:\Users\Fulgrim\AppData\Local\Programs\Python\Python312\Lib\site-packages\django\http\cookie.py first seen with mtime 1723326132.023344
File C:\Users\Fulgrim\AppData\Local\Programs\Python\Python312\Lib\site-packages\django\utils\tree.py first seen with mtime 1723326132.0711086
File C:\Users\Fulgrim\AppData\Local\Programs\Python\Python312\Lib\reprlib.py first seen with mtime 1717714452.0
File C:\Users\Fulgrim\.vscode\extensions\ms-python.debugpy-2024.12.0-win32-x64\bundled\libs\debugpy\_vendored\pydevd\_pydevd_frame_eval\vendored\bytecode\cfg.py first seen with mtime 1729949494.008777
File C:\Users\Fulgrim\AppData\Local\Programs\Python\Python312\Lib\site-packages\sqlparse\filters\tokens.py first seen with mtime 1723326129.91682
File C:\Users\Fulgrim\AppData\Local\Programs\Python\Python312\Lib\site-packages\django\utils\connection.py first seen with mtime 1723326132.0550916
File C:\Users\Fulgrim\AppData\Local\Programs\Python\Python312\Lib\site-packages\django\core\checks\translation.py first seen with mtime 1723326131.8964987
File C:\Users\Fulgrim\.vscode\extensions\ms-python.debugpy-2024.12.0-win32-x64\bundled\libs\debugpy\_vendored\pydevd\_pydev_bundle\_pydev_calltip_util.py first seen with mtime 1729949492.7823498
File C:\Users\Fulgrim\AppData\Local\Programs\Python\Python312\Lib\wsgiref\headers.py first seen with mtime 1717714452.0
File C:\Users\Fulgrim\.vscode\extensions\ms-python.debugpy-2024.12.0-win32-x64\bundled\libs\debugpy\_vendored\pydevd\_pydevd_sys_monitoring\_pydevd_sys_monitoring_cython.cp312-win_amd64.pyd first seen with mtime 1729949492.8369136
File C:\Users\Fulgrim\AppData\Local\Programs\Python\Python312\Lib\site-packages\django\utils\cache.py first seen with mtime 1723326132.0550916
File C:\Users\Fulgrim\AppData\Local\Programs\Python\Python312\Lib\site-packages\django\db\backends\utils.py first seen with mtime 1723326131.9282298
File C:\Users\Fulgrim\AppData\Local\Programs\Python\Python312\Lib\xmlrpc\server.py first seen with mtime 1717714452.0
File C:\Users\Fulgrim\AppData\Local\Programs\Python\Python312\Lib\re\_compiler.py first seen with mtime 1717714452.0
File C:\Users\Fulgrim\AppData\Local\Programs\Python\Python312\Lib\importlib\_abc.py first seen with mtime 1717714452.0
File C:\Users\Fulgrim\AppData\Local\Programs\Python\Python312\Lib\site-packages\django\db\models\__init__.py first seen with mtime 1723326131.9595635
File C:\Users\Fulgrim\AppData\Local\Programs\Python\Python312\Lib\site-packages\django\contrib\messages\utils.py first seen with mtime 1723326131.4927073
File C:\xampp\htdocs\AVITech\Prueba5\SGC\AppBack\__init__.py first seen with mtime 1722984829.2325146
File C:\Users\Fulgrim\AppData\Local\Programs\Python\Python312\Lib\site-packages\django\contrib\__init__.py first seen with mtime 1723326130.4723978
File C:\Users\Fulgrim\AppData\Local\Programs\Python\Python312\Lib\site-packages\django\core\serializers\json.py first seen with mtime 1723326131.9222176
File C:\Users\Fulgrim\AppData\Local\Programs\Python\Python312\Lib\site-packages\django\db\migrations\state.py first seen with mtime 1723326131.9595635
File C:\xampp\htdocs\AVITech\Prueba5\SGC\templates\.last_build_id first seen with mtime 1729949419.8221009
File C:\xampp\htdocs\AVITech\Prueba5\SGC\templates\assets first seen with mtime 1729949419.831601
File C:\xampp\htdocs\AVITech\Prueba5\SGC\templates\canvaskit first seen with mtime 1729949419.9367752
File C:\xampp\htdocs\AVITech\Prueba5\SGC\templates\favicon.png first seen with mtime 1729949419.937775
File C:\xampp\htdocs\AVITech\Prueba5\SGC\templates\flutter.js first seen with mtime 1729949419.9382749
File C:\xampp\htdocs\AVITech\Prueba5\SGC\templates\flutter_bootstrap.js first seen with mtime 1729949419.9387765
File C:\xampp\htdocs\AVITech\Prueba5\SGC\templates\flutter_service_worker.js first seen with mtime 1729949419.9387765
File C:\xampp\htdocs\AVITech\Prueba5\SGC\templates\icons first seen with mtime 1729949419.9407775
File C:\xampp\htdocs\AVITech\Prueba5\SGC\templates\index.html first seen with mtime 1729949419.9407775
File C:\xampp\htdocs\AVITech\Prueba5\SGC\templates\mail_activacion.html first seen with mtime 1732379272.7971792
File C:\xampp\htdocs\AVITech\Prueba5\SGC\templates\main.dart.js first seen with mtime 1729949419.957895
File C:\xampp\htdocs\AVITech\Prueba5\SGC\templates\manifest.json first seen with mtime 1729949419.9584026
File C:\xampp\htdocs\AVITech\Prueba5\SGC\templates\registration first seen with mtime 1729949419.9588957
File C:\xampp\htdocs\AVITech\Prueba5\SGC\templates\version.json first seen with mtime 1729949419.959395
File C:\xampp\htdocs\AVITech\Prueba5\SGC\templates\viejo first seen with mtime 1729949419.9623952
File C:\xampp\htdocs\AVITech\Prueba5\SGC\templates\assets\AssetManifest.bin first seen with mtime 1729949419.8226013
File C:\xampp\htdocs\AVITech\Prueba5\SGC\templates\assets\AssetManifest.bin.json first seen with mtime 1729949419.8231018
File C:\xampp\htdocs\AVITech\Prueba5\SGC\templates\assets\AssetManifest.json first seen with mtime 1729949419.8236065
File C:\xampp\htdocs\AVITech\Prueba5\SGC\templates\assets\FontManifest.json first seen with mtime 1729949419.8241012
File C:\xampp\htdocs\AVITech\Prueba5\SGC\templates\assets\fonts first seen with mtime 1729949419.830102
File C:\xampp\htdocs\AVITech\Prueba5\SGC\templates\assets\NOTICES first seen with mtime 1729949419.8296015
File C:\xampp\htdocs\AVITech\Prueba5\SGC\templates\assets\packages first seen with mtime 1729949419.830602
File C:\xampp\htdocs\AVITech\Prueba5\SGC\templates\assets\shaders first seen with mtime 1729949419.831601
File C:\xampp\htdocs\AVITech\Prueba5\SGC\templates\canvaskit\canvaskit.js first seen with mtime 1729949419.8321009
File C:\xampp\htdocs\AVITech\Prueba5\SGC\templates\canvaskit\canvaskit.js.symbols first seen with mtime 1729949419.835614
File C:\xampp\htdocs\AVITech\Prueba5\SGC\templates\canvaskit\canvaskit.wasm first seen with mtime 1729949419.8657606
File C:\xampp\htdocs\AVITech\Prueba5\SGC\templates\canvaskit\chromium first seen with mtime 1729949419.8994582
File C:\xampp\htdocs\AVITech\Prueba5\SGC\templates\canvaskit\skwasm.js first seen with mtime 1729949419.902171
File C:\xampp\htdocs\AVITech\Prueba5\SGC\templates\canvaskit\skwasm.js.symbols first seen with mtime 1729949419.9082005
File C:\xampp\htdocs\AVITech\Prueba5\SGC\templates\canvaskit\skwasm.wasm first seen with mtime 1729949419.9362824
File C:\xampp\htdocs\AVITech\Prueba5\SGC\templates\canvaskit\skwasm.worker.js first seen with mtime 1729949419.9372752
File C:\xampp\htdocs\AVITech\Prueba5\SGC\templates\icons\Icon-192.png first seen with mtime 1729949419.9397757
File C:\xampp\htdocs\AVITech\Prueba5\SGC\templates\icons\Icon-512.png first seen with mtime 1729949419.9397757
File C:\xampp\htdocs\AVITech\Prueba5\SGC\templates\icons\Icon-maskable-192.png first seen with mtime 1729949419.9402738
File C:\xampp\htdocs\AVITech\Prueba5\SGC\templates\icons\Icon-maskable-512.png first seen with mtime 1729949419.9407775
File C:\xampp\htdocs\AVITech\Prueba5\SGC\templates\registration\password_reset_email.html first seen with mtime 1729949419.959395
File C:\xampp\htdocs\AVITech\Prueba5\SGC\templates\viejo\index.html first seen with mtime 1729949419.959895
File C:\xampp\htdocs\AVITech\Prueba5\SGC\templates\viejo\pagina2.html first seen with mtime 1729949419.960395
File C:\xampp\htdocs\AVITech\Prueba5\SGC\templates\viejo\pagina3.html first seen with mtime 1729949419.960395
File C:\xampp\htdocs\AVITech\Prueba5\SGC\templates\viejo\pagina4.html first seen with mtime 1729949419.9613943
File C:\xampp\htdocs\AVITech\Prueba5\SGC\templates\viejo\pagina5.html first seen with mtime 1729949419.9618938
File C:\xampp\htdocs\AVITech\Prueba5\SGC\templates\viejo\pagina6.html first seen with mtime 1729949419.9623952
File C:\xampp\htdocs\AVITech\Prueba5\SGC\templates\assets\fonts\MaterialIcons-Regular.otf first seen with mtime 1729949419.830602
File C:\xampp\htdocs\AVITech\Prueba5\SGC\templates\assets\packages\cupertino_icons first seen with mtime 1729949419.8311193
File C:\xampp\htdocs\AVITech\Prueba5\SGC\templates\assets\shaders\ink_sparkle.frag first seen with mtime 1729949419.831601
File C:\xampp\htdocs\AVITech\Prueba5\SGC\templates\assets\packages\cupertino_icons\assets first seen with mtime 1729949419.8311193
File C:\xampp\htdocs\AVITech\Prueba5\SGC\templates\assets\packages\cupertino_icons\assets\CupertinoIcons.ttf first seen with mtime 1729949419.831601
File C:\xampp\htdocs\AVITech\Prueba5\SGC\templates\canvaskit\chromium\canvaskit.js first seen with mtime 1729949419.8667588
File C:\xampp\htdocs\AVITech\Prueba5\SGC\templates\canvaskit\chromium\canvaskit.js.symbols first seen with mtime 1729949419.872394
File C:\xampp\htdocs\AVITech\Prueba5\SGC\templates\canvaskit\chromium\canvaskit.wasm first seen with mtime 1729949419.9011657
Bad Request: /registro/
"POST //registro/ HTTP/1.1" 400 64
Internal Server Error: /registro/
"POST //registro/ HTTP/1.1" 500 78
Internal Server Error: /registro/
"POST //registro/ HTTP/1.1" 500 78
"POST //registro/ HTTP/1.1" 201 517
